Current Weight,Name,G0,G1,G2,G3,G4,G5,G6,G7,G8,G11,PeerGroup,OptimiserCategory,Type
0.9916556673926521,Bank Account,Defensive,Cash,Cash,Cash,ASXStock,Cash,Cash,Bank Account,Cash,Cash,Domestic Cash,Cash,Cash
8.993968510277545,Man GLG Asia Opportunitie,Growth,International Shares,Global Shares,Global Shares,Active Manager,,,Asia ex. Japan,,International Shares,Asia Pacific ex Japan Equity,International Equities - Unhedged,MF
5.811452033699446,Fairlight Global Small & Mid Cap Fund (SMID) Class A,Growth,International Shares,Global Shares,Global Shares,Active Manager,,,Global SMID,,International Shares,World Mid Small Equity,International Equities - Small Cap,MF
0.25433139468489724,Bank Account,Defensive,Cash,Cash,Cash,ASXStock,Cash,Cash,Bank Account,Cash,Cash,Domestic Cash,Cash,Cash
0.014222633475692184,CBOE GLOBAL MARKETS INC,Growth,International Shares,Global Shares,Global Shares,Financials - 40,Cboe BZX formerly known as BATS,USD,United States,,Unknown,World Large Blend Equity,International Equities - Unhedged,IEQStock
0.019100118418477703,DEUTSCHE TELEKOM N AG,Growth,International Shares,Global Shares,Global Shares,Communication Services - 50,Deutsche Boerse Markets,EUR,Germany,,Integrated Telecommunication Services - 50101020,World Large Blend Equity,International Equities - Unhedged,IEQStock
0.02513228679371888,ESTEE LAUDER INC CLASS A,Growth,International Shares,Global Shares,Global Shares,Health Care - 35,Euronext Paris,EUR,France,,Health Care Supplies - 35101020,World Large Blend Equity,International Equities - Unhedged,IEQStock
0.02313780336641078,DOLLAR GENERAL CORP,Growth,International Shares,Global Shares,Global Shares,Industrials - 20,Euronext Paris,EUR,France,,Construction & Engineering - 20103010,World Large Blend Equity,International Equities - Unhedged,IEQStock
0.0049340401464305845,ANGLO AMERICAN PLC,Growth,International Shares,Global Shares,Global Shares,Materials - 15,London Stock Exchange,GBP,United Kingdom,,Diversified Metals & Mining - 15104020,World Large Blend Equity,International Equities - Unhedged,IEQStock
0.019513849063417577,TRACTOR SUPPLY,Growth,International Shares,Global Shares,Global Shares,Consumer Staples - 30,London Stock Exchange,GBP,United Kingdom,,Food Retail - 30101030,World Large Blend Equity,International Equities - Unhedged,IEQStock
0.016241646278051,T ROWE PRICE GROUP INC,Growth,International Shares,Global Shares,Global Shares,Financials - 40,NASDAQ Stock Market,USD,United States,,Asset Management & Custody Banks - 40203010,World Large Blend Equity,International Equities - Unhedged,IEQStock
0.019335299544693128,ULTA BEAUTY INC,Growth,International Shares,Global Shares,Global Shares,Consumer Discretionary - 25,NASDAQ Stock Market,USD,United States,,Other Specialty Retail - 25504040,World Large Blend Equity,International Equities - Unhedged,IEQStock
0.015029150804986364,VERISIGN INC,Growth,International Shares,Global Shares,Global Shares,Information Technology - 45,NASDAQ Stock Market,USD,United States,,Internet Services & Infrastructure - 45102030,World Large Blend Equity,International Equities - Unhedged,IEQStock
0.010639036460601593,ILLUMINA INC,Growth,International Shares,Global Shares,Global Shares,Health Care - 35,NASDAQ Stock Market,USD,United States,,Life Sciences Tools & Services - 35203010,World Large Blend Equity,International Equities - Unhedged,IEQStock
0.018475967857590304,FIFTH THIRD BANCORP,Growth,International Shares,Global Shares,Global Shares,Financials - 40,NASDAQ Stock Market,USD,United States,,Diversified Banks - 40101010,World Large Blend Equity,International Equities - Unhedged,IEQStock
0.016514560543102633,PTC INC,Growth,International Shares,Global Shares,Global Shares,Information Technology - 45,NASDAQ Stock Market,USD,United States,,Application Software - 45103010,World Large Blend Equity,International Equities - Unhedged,IEQStock
0.01742921091045239,NASDAQ INC,Growth,International Shares,Global Shares,Global Shares,Financials - 40,NASDAQ Stock Market,USD,United States,,Financial Exchanges & Data - 40203040,World Large Blend Equity,International Equities - Unhedged,IEQStock
0.013058838780661827,STEEL DYNAMICS INC,Growth,International Shares,Global Shares,Global Shares,Materials - 15,NASDAQ Stock Market,USD,United States,,Steel - 15104050,World Large Blend Equity,International Equities - Unhedged,IEQStock
0.01059368188529292,HOLOGIC INC,Growth,International Shares,Global Shares,Global Shares,Health Care - 35,NASDAQ Stock Market,USD,United States,,Health Care Equipment - 35101010,World Large Blend Equity,International Equities - Unhedged,IEQStock
0.009412959639782713,AKAMAI TECHNOLOGIES INC,Growth,International Shares,Global Shares,Global Shares,Information Technology - 45,NASDAQ Stock Market,USD,United States,,Internet Services & Infrastructure - 45102030,World Large Blend Equity,International Equities - Unhedged,IEQStock
0.010426785413839599,COOPER INC,Growth,International Shares,Global Shares,Global Shares,Health Care - 35,NASDAQ Stock Market,USD,United States,,Health Care Supplies - 35101020,World Large Blend Equity,International Equities - Unhedged,IEQStock
0.01639575844243373,EXPEDIA GROUP INC,Growth,International Shares,Global Shares,Global Shares,Consumer Discretionary - 25,NASDAQ Stock Market,USD,United States,,"Hotels, Resorts & Cruise Lines - 25301020",World Large Blend Equity,International Equities - Unhedged,IEQStock
0.011055622534275137,NETAPP INC,Growth,International Shares,Global Shares,Global Shares,Information Technology - 45,NASDAQ Stock Market,USD,United States,,"Tech Hardware, Storage & Peripherals - 45202030",World Large Blend Equity,International Equities - Unhedged,IEQStock
0.012161984700717155,CINCINNATI FINANCIAL CORP,Growth,International Shares,Global Shares,Global Shares,Financials - 40,NASDAQ Stock Market,USD,United States,,Property & Casualty Insurance - 40301040,World Large Blend Equity,International Equities - Unhedged,IEQStock
0.01832784134395394,WALGREEN BOOTS ALLIANCE INC,Growth,International Shares,Global Shares,Global Shares,Consumer Staples - 30,NASDAQ Stock Market,USD,United States,,Drug Retail - 30101010,World Large Blend Equity,International Equities - Unhedged,IEQStock
0.011833760197679653,PRINCIPAL FINANCIAL GROUP INC,Growth,International Shares,Global Shares,Global Shares,Financials - 40,NASDAQ Stock Market,USD,United States,,Life & Health Insurance - 40301020,World Large Blend Equity,International Equities - Unhedged,IEQStock
0.012601524412711545,FIRST SOLAR INC,Growth,International Shares,Global Shares,Global Shares,Information Technology - 45,NASDAQ Stock Market,USD,United States,,Semiconductors - 45301020,World Large Blend Equity,International Equities - Unhedged,IEQStock
0.014306678920514215,AXON ENTERPRISE INC,Growth,International Shares,Global Shares,Global Shares,Industrials - 20,NASDAQ Stock Market,USD,United States,,Aerospace & Defense - 20101010,World Large Blend Equity,International Equities - Unhedged,IEQStock
0.015568844634423946,HUNTINGTON BANCSHARES INC,Growth,International Shares,Global Shares,Global Shares,Financials - 40,NASDAQ Stock Market,USD,United States,,Regional Banks - 40101015,World Large Blend Equity,International Equities - Unhedged,IEQStock
0.014572857152693642,NORTHERN TRUST CORP,Growth,International Shares,Global Shares,Global Shares,Financials - 40,NASDAQ Stock Market,USD,United States,,Asset Management & Custody Banks - 40203010,World Large Blend Equity,International Equities - Unhedged,IEQStock
0.009666657108358626,JB HUNT TRANSPORT SERVICES INC,Growth,International Shares,Global Shares,Global Shares,Industrials - 20,NASDAQ Stock Market,USD,United States,,Cargo Ground Transportation - 20304030,World Large Blend Equity,International Equities - Unhedged,IEQStock
0.009615193077748057,SKYWORKS SOLUTIONS INC,Growth,International Shares,Global Shares,Global Shares,Information Technology - 45,NASDAQ Stock Market,USD,United States,,Semiconductors - 45301020,World Large Blend Equity,International Equities - Unhedged,IEQStock
0.009683204873671601,ALIGN TECHNOLOGY INC,Growth,International Shares,Global Shares,Global Shares,Health Care - 35,NASDAQ Stock Market,USD,United States,,Health Care Supplies - 35101020,World Large Blend Equity,International Equities - Unhedged,IEQStock
0.01532981886214471,WESTERN DIGITAL CORP,Growth,International Shares,Global Shares,Global Shares,Information Technology - 45,NASDAQ Stock Market,USD,United States,,"Tech Hardware, Storage & Peripherals - 45202030",World Large Blend Equity,International Equities - Unhedged,IEQStock
0.02206806945967676,SEAGATE TECHNOLOGY HOLDINGS PLC,Growth,International Shares,Global Shares,Global Shares,Information Technology - 45,NASDAQ Stock Market,USD,United States,,"Tech Hardware, Storage & Peripherals - 45202030",World Large Blend Equity,International Equities - Unhedged,IEQStock
0.010684143469922774,TERADYNE INC,Growth,International Shares,Global Shares,Global Shares,Information Technology - 45,NASDAQ Stock Market,USD,United States,,Semiconductor Materials & Equipment - 45301010,World Large Blend Equity,International Equities - Unhedged,IEQStock
0.010369248424314682,POOL CORP,Growth,International Shares,Global Shares,Global Shares,Consumer Discretionary - 25,NASDAQ Stock Market,USD,United States,,Distributors - 25501010,World Large Blend Equity,International Equities - Unhedged,IEQStock
0.009389246806864648,ALLIANT ENERGY CORP,Growth,International Shares,Global Shares,Global Shares,Utilities - 55,NASDAQ Stock Market,USD,United States,,Electric Utilities - 55101010,World Large Blend Equity,International Equities - Unhedged,IEQStock
0.012303822986180653,UNITED AIRLINES HOLDINGS INC,Growth,International Shares,Global Shares,Global Shares,Industrials - 20,NASDAQ Stock Market,USD,United States,,Passenger Airlines - 20302010,World Large Blend Equity,International Equities - Unhedged,IEQStock
0.007574568228197209,LKQ CORP,Growth,International Shares,Global Shares,Global Shares,Consumer Discretionary - 25,NASDAQ Stock Market,USD,United States,,Distributors - 25501010,World Large Blend Equity,International Equities - Unhedged,IEQStock
0.009180001631744079,NORDSON CORP,Growth,International Shares,Global Shares,Global Shares,Industrials - 20,NASDAQ Stock Market,USD,United States,,Industrial Machinery & Supplies & Components - 20106020,World Large Blend Equity,International Equities - Unhedged,IEQStock
0.011176781831811054,HOST HOTELS & RESORTS REIT INC,Growth,International Shares,Global Shares,Global Shares,Real Estate - 60,NASDAQ Stock Market,USD,United States,,Hotel & Resort REITs - 60103010,World Large Blend Equity,International Equities - Unhedged,IEQStock
0.008581625360907038,APA CORP,Growth,International Shares,Global Shares,Global Shares,Energy - 10,NASDAQ Stock Market,USD,United States,,Oil & Gas Exploration & Production - 10102020,World Large Blend Equity,International Equities - Unhedged,IEQStock
0.009879819933171321,EVERGY INC,Growth,International Shares,Global Shares,Global Shares,Utilities - 55,NASDAQ Stock Market,USD,United States,,Electric Utilities - 55101010,World Large Blend Equity,International Equities - Unhedged,IEQStock
0.014812850701247196,INSULET CORP,Growth,International Shares,Global Shares,Global Shares,Health Care - 35,NASDAQ Stock Market,USD,United States,,Health Care Equipment - 35101010,World Large Blend Equity,International Equities - Unhedged,IEQStock
0.009641688878300575,VIATRIS INC,Growth,International Shares,Global Shares,Global Shares,Health Care - 35,NASDAQ Stock Market,USD,United States,,Pharmaceuticals - 35202010,World Large Blend Equity,International Equities - Unhedged,IEQStock
0.006245699266553239,ENPHASE ENERGY INC,Growth,International Shares,Global Shares,Global Shares,Information Technology - 45,NASDAQ Stock Market,USD,United States,,Semiconductor Materials & Equipment - 45301010,World Large Blend Equity,International Equities - Unhedged,IEQStock
0.007006143931656413,ZEBRA TECHNOLOGIES CORP CLASS A,Growth,International Shares,Global Shares,Global Shares,Information Technology - 45,NASDAQ Stock Market,USD,United States,,Electronic Equipment & Instruments - 45203010,World Large Blend Equity,International Equities - Unhedged,IEQStock
0.009412495200129387,GEN DIGITAL INC,Growth,International Shares,Global Shares,Global Shares,Information Technology - 45,NASDAQ Stock Market,USD,United States,,Systems Software - 45103020,World Large Blend Equity,International Equities - Unhedged,IEQStock
0.009760599242899315,TRIMBLE INC,Growth,International Shares,Global Shares,Global Shares,Information Technology - 45,NASDAQ Stock Market,USD,United States,,Electronic Equipment & Instruments - 45203010,World Large Blend Equity,International Equities - Unhedged,IEQStock
0.007947474527922988,JACK HENRY AND ASSOCIATES INC,Growth,International Shares,Global Shares,Global Shares,Financials - 40,NASDAQ Stock Market,USD,United States,,Transaction & Payment Processing Services - 40201060,World Large Blend Equity,International Equities - Unhedged,IEQStock
0.010453542942333742,INCYTE CORP,Growth,International Shares,Global Shares,Global Shares,Health Care - 35,NASDAQ Stock Market,USD,United States,,Biotechnology - 35201010,World Large Blend Equity,International Equities - Unhedged,IEQStock
0.008368518276648312,REGENCY CENTERS REIT CORP,Growth,International Shares,Global Shares,Global Shares,Real Estate - 60,NASDAQ Stock Market,USD,United States,,Retail REITs - 60107010,World Large Blend Equity,International Equities - Unhedged,IEQStock
0.01062980794611836,CH ROBINSON WORLDWIDE INC,Growth,International Shares,Global Shares,Global Shares,Industrials - 20,NASDAQ Stock Market,USD,United States,,Air Freight & Logistics - 20301010,World Large Blend Equity,International Equities - Unhedged,IEQStock
0.0045570304984354285,CAESARS ENTERTAINMENT INC,Growth,International Shares,Global Shares,Global Shares,Consumer Discretionary - 25,NASDAQ Stock Market,USD,United States,,Casinos & Gaming - 25301010,World Large Blend Equity,International Equities - Unhedged,IEQStock
0.006472157157659845,BIO TECHNE CORP,Growth,International Shares,Global Shares,Global Shares,Health Care - 35,NASDAQ Stock Market,USD,United States,,Life Sciences Tools & Services - 35203010,World Large Blend Equity,International Equities - Unhedged,IEQStock
0.010626338203153266,F5 INC,Growth,International Shares,Global Shares,Global Shares,Information Technology - 45,NASDAQ Stock Market,USD,United States,,Communications Equipment - 45201020,World Large Blend Equity,International Equities - Unhedged,IEQStock
0.008369168027130855,WYNN RESORTS LTD,Growth,International Shares,Global Shares,Global Shares,Consumer Discretionary - 25,NASDAQ Stock Market,USD,United States,,Casinos & Gaming - 25301010,World Large Blend Equity,International Equities - Unhedged,IEQStock
0.011068149774734262,QORVO INC,Growth,International Shares,Global Shares,Global Shares,Information Technology - 45,NASDAQ Stock Market,USD,United States,,Semiconductors - 45301020,World Large Blend Equity,International Equities - Unhedged,IEQStock
0.009741482127465846,MATCH GROUP INC,Growth,International Shares,Global Shares,Global Shares,Communication Services - 50,NASDAQ Stock Market,USD,United States,,Interactive Media & Services - 50203010,World Large Blend Equity,International Equities - Unhedged,IEQStock
0.005720293856870884,HENRY SCHEIN INC,Growth,International Shares,Global Shares,Global Shares,Health Care - 35,NASDAQ Stock Market,USD,United States,,Health Care Distributors - 35102010,World Large Blend Equity,International Equities - Unhedged,IEQStock
0.00694042365467507,MARKETAXESS HOLDINGS INC,Growth,International Shares,Global Shares,Global Shares,Financials - 40,NASDAQ Stock Market,USD,United States,,Financial Exchanges & Data - 40203040,World Large Blend Equity,International Equities - Unhedged,IEQStock
0.006075347138999378,NEWS CORP CLASS A,Growth,International Shares,Global Shares,Global Shares,Communication Services - 50,NASDAQ Stock Market,USD,United States,,Publishing - 50201040,World Large Blend Equity,International Equities - Unhedged,IEQStock
0.0057019610553710924,ETSY INC,Growth,International Shares,Global Shares,Global Shares,Consumer Discretionary - 25,NASDAQ Stock Market,USD,United States,,Broadline Retail - 25503030,World Large Blend Equity,International Equities - Unhedged,IEQStock
0.0069912821613736,FOX CORP CLASS A,Growth,International Shares,Global Shares,Global Shares,Communication Services - 50,NASDAQ Stock Market,USD,United States,,Broadcasting - 50201020,World Large Blend Equity,International Equities - Unhedged,IEQStock
0.007448444410478228,PARAMOUNT GLOBAL CLASS B,Growth,International Shares,Global Shares,Global Shares,Communication Services - 50,NASDAQ Stock Market,USD,United States,,Broadcasting - 50201020,World Large Blend Equity,International Equities - Unhedged,IEQStock
0.004286273102263404,DENTSPLY SIRONA INC,Growth,International Shares,Global Shares,Global Shares,Health Care - 35,NASDAQ Stock Market,USD,United States,,Health Care Supplies - 35101020,World Large Blend Equity,International Equities - Unhedged,IEQStock
0.00825935366998344,HASBRO INC,Growth,International Shares,Global Shares,Global Shares,Consumer Discretionary - 25,NASDAQ Stock Market,USD,United States,,Leisure Products - 25202010,World Large Blend Equity,International Equities - Unhedged,IEQStock
0.006083354602211276,ZIONS BANCORPORATION,Growth,International Shares,Global Shares,Global Shares,Financials - 40,NASDAQ Stock Market,USD,United States,,Regional Banks - 40101015,World Large Blend Equity,International Equities - Unhedged,IEQStock
0.0033924121386051985,FOX CORP CLASS B,Growth,International Shares,Global Shares,Global Shares,Communication Services - 50,NASDAQ Stock Market,USD,United States,,Broadcasting - 50201020,World Large Blend Equity,International Equities - Unhedged,IEQStock
2.3730901599640086,MICROSOFT CORP,Growth,International Shares,Global Shares,Global Shares,Information Technology - 45,NASDAQ Stock Market,USD,United States,,Systems Software - 45103020,World Large Blend Equity,International Equities - Unhedged,IEQStock
1.782533410503873,APPLE INC,Growth,International Shares,Global Shares,Global Shares,Information Technology - 45,NASDAQ Stock Market,USD,United States,,"Tech Hardware, Storage & Peripherals - 45202030",World Large Blend Equity,International Equities - Unhedged,IEQStock
1.0035646805100744,AMAZON COM INC,Growth,International Shares,Global Shares,Global Shares,Consumer Discretionary - 25,NASDAQ Stock Market,USD,United States,,Broadline Retail - 25503030,World Large Blend Equity,International Equities - Unhedged,IEQStock
1.1880110986854342,NVIDIA CORP,Growth,International Shares,Global Shares,Global Shares,Information Technology - 45,NASDAQ Stock Market,USD,United States,,Semiconductors - 45301020,World Large Blend Equity,International Equities - Unhedged,IEQStock
0.6558572457775708,ALPHABET INC CLASS A,Growth,International Shares,Global Shares,Global Shares,Communication Services - 50,NASDAQ Stock Market,USD,United States,,Interactive Media & Services - 50203010,World Large Blend Equity,International Equities - Unhedged,IEQStock
0.7141622210893984,META PLATFORMS INC CLASS A,Growth,International Shares,Global Shares,Global Shares,Communication Services - 50,NASDAQ Stock Market,USD,United States,,Interactive Media & Services - 50203010,World Large Blend Equity,International Equities - Unhedged,IEQStock
0.5581472506419827,ALPHABET INC CLASS C,Growth,International Shares,Global Shares,Global Shares,Communication Services - 50,NASDAQ Stock Market,USD,United States,,Interactive Media & Services - 50203010,World Large Blend Equity,International Equities - Unhedged,IEQStock
0.390378747026481,TESLA INC,Growth,International Shares,Global Shares,Global Shares,Consumer Discretionary - 25,NASDAQ Stock Market,USD,United States,,Automobile Manufacturers - 25102010,World Large Blend Equity,International Equities - Unhedged,IEQStock
0.43055636506354283,BROADCOM INC,Growth,International Shares,Global Shares,Global Shares,Information Technology - 45,NASDAQ Stock Market,USD,United States,,Semiconductors - 45301020,World Large Blend Equity,International Equities - Unhedged,IEQStock
0.1505946216656655,ADOBE INC,Growth,International Shares,Global Shares,Global Shares,Information Technology - 45,NASDAQ Stock Market,USD,United States,,Application Software - 45103010,World Large Blend Equity,International Equities - Unhedged,IEQStock
0.2137806774315795,COSTCO WHOLESALE CORP,Growth,International Shares,Global Shares,Global Shares,Consumer Staples - 30,NASDAQ Stock Market,USD,United States,,Consumer Staples Merchandise Retail - 30101040,World Large Blend Equity,International Equities - Unhedged,IEQStock
0.16128275554041202,PEPSICO INC,Growth,International Shares,Global Shares,Global Shares,Consumer Staples - 30,NASDAQ Stock Market,USD,United States,,Soft Drinks & Non-alcoholic Beverages - 30201030,World Large Blend Equity,International Equities - Unhedged,IEQStock
0.16930651719126416,CISCO SYSTEMS INC,Growth,International Shares,Global Shares,Global Shares,Information Technology - 45,NASDAQ Stock Market,USD,United States,,Communications Equipment - 45201020,World Large Blend Equity,International Equities - Unhedged,IEQStock
0.20436618398359055,NETFLIX INC,Growth,International Shares,Global Shares,Global Shares,Communication Services - 50,NASDAQ Stock Market,USD,United States,,Movies & Entertainment - 50202010,World Large Blend Equity,International Equities - Unhedged,IEQStock
0.15923024094840918,LINDE PLC,Growth,International Shares,Global Shares,Global Shares,Materials - 15,NASDAQ Stock Market,USD,United States,,Industrial Gases - 15101040,World Large Blend Equity,International Equities - Unhedged,IEQStock
0.22596007293146333,ADVANCED MICRO DEVICES INC,Growth,International Shares,Global Shares,Global Shares,Information Technology - 45,NASDAQ Stock Market,USD,United States,,Semiconductors - 45301020,World Large Blend Equity,International Equities - Unhedged,IEQStock
0.11328689476923841,COMCAST CORP CLASS A,Growth,International Shares,Global Shares,Global Shares,Communication Services - 50,NASDAQ Stock Market,USD,United States,,Cable & Satellite - 50201030,World Large Blend Equity,International Equities - Unhedged,IEQStock
0.1761833155290604,INTEL CORPORATION CORP,Growth,International Shares,Global Shares,Global Shares,Information Technology - 45,NASDAQ Stock Market,USD,United States,,Semiconductors - 45301020,World Large Blend Equity,International Equities - Unhedged,IEQStock
0.12873829724443459,AMGEN INC,Growth,International Shares,Global Shares,Global Shares,Health Care - 35,NASDAQ Stock Market,USD,United States,,Biotechnology - 35201010,World Large Blend Equity,International Equities - Unhedged,IEQStock
0.1267884977527574,INTUIT INC,Growth,International Shares,Global Shares,Global Shares,Information Technology - 45,NASDAQ Stock Market,USD,United States,,Application Software - 45103010,World Large Blend Equity,International Equities - Unhedged,IEQStock
0.1160710210433176,QUALCOMM INC,Growth,International Shares,Global Shares,Global Shares,Information Technology - 45,NASDAQ Stock Market,USD,United States,,Semiconductors - 45301020,World Large Blend Equity,International Equities - Unhedged,IEQStock
0.11672162060051174,TEXAS INSTRUMENT INC,Growth,International Shares,Global Shares,Global Shares,Information Technology - 45,NASDAQ Stock Market,USD,United States,,Semiconductors - 45301020,World Large Blend Equity,International Equities - Unhedged,IEQStock
0.09121399405124296,HONEYWELL INTERNATIONAL INC,Growth,International Shares,Global Shares,Global Shares,Industrials - 20,NASDAQ Stock Market,USD,United States,,Industrial Conglomerates - 20105010,World Large Blend Equity,International Equities - Unhedged,IEQStock
0.08997820554838937,APPLIED MATERIAL INC,Growth,International Shares,Global Shares,Global Shares,Information Technology - 45,NASDAQ Stock Market,USD,United States,,Semiconductor Materials & Equipment - 45301010,World Large Blend Equity,International Equities - Unhedged,IEQStock
0.07422671615994503,STARBUCKS CORP,Growth,International Shares,Global Shares,Global Shares,Consumer Discretionary - 25,NASDAQ Stock Market,USD,United States,,Restaurants - 25301040,World Large Blend Equity,International Equities - Unhedged,IEQStock
0.0961672756676057,BOOKING HOLDINGS INC,Growth,International Shares,Global Shares,Global Shares,Consumer Discretionary - 25,NASDAQ Stock Market,USD,United States,,"Hotels, Resorts & Cruise Lines - 25301020",World Large Blend Equity,International Equities - Unhedged,IEQStock
0.09045145284718548,GILEAD SCIENCES INC,Growth,International Shares,Global Shares,Global Shares,Health Care - 35,NASDAQ Stock Market,USD,United States,,Biotechnology - 35201010,World Large Blend Equity,International Equities - Unhedged,IEQStock
0.07480019082514139,INTUITIVE SURGICAL INC,Growth,International Shares,Global Shares,Global Shares,Health Care - 35,NASDAQ Stock Market,USD,United States,,Health Care Equipment - 35101010,World Large Blend Equity,International Equities - Unhedged,IEQStock
0.07457463214549734,VERTEX PHARMACEUTICALS INC,Growth,International Shares,Global Shares,Global Shares,Health Care - 35,NASDAQ Stock Market,USD,United States,,Biotechnology - 35201010,World Large Blend Equity,International Equities - Unhedged,IEQStock
0.07314905413917017,MONDELEZ INTERNATIONAL INC CLASS A,Growth,International Shares,Global Shares,Global Shares,Consumer Staples - 30,NASDAQ Stock Market,USD,United States,,Packaged Foods & Meats - 30202030,World Large Blend Equity,International Equities - Unhedged,IEQStock
0.07090861954621716,AUTOMATIC DATA PROCESSING INC,Growth,International Shares,Global Shares,Global Shares,Industrials - 20,NASDAQ Stock Market,USD,United States,,Human Resource & Employment Services - 20202010,World Large Blend Equity,International Equities - Unhedged,IEQStock
0.05565341856275227,REGENERON PHARMACEUTICALS INC,Growth,International Shares,Global Shares,Global Shares,Health Care - 35,NASDAQ Stock Market,USD,United States,,Biotechnology - 35201010,World Large Blend Equity,International Equities - Unhedged,IEQStock
0.09860146356019475,LAM RESEARCH CORP,Growth,International Shares,Global Shares,Global Shares,Information Technology - 45,NASDAQ Stock Market,USD,United States,,Semiconductor Materials & Equipment - 45301010,World Large Blend Equity,International Equities - Unhedged,IEQStock
0.07738743333507736,ANALOG DEVICES INC,Growth,International Shares,Global Shares,Global Shares,Information Technology - 45,NASDAQ Stock Market,USD,United States,,Semiconductors - 45301020,World Large Blend Equity,International Equities - Unhedged,IEQStock
0.09251572963086702,MICRON TECHNOLOGY INC,Growth,International Shares,Global Shares,Global Shares,Information Technology - 45,NASDAQ Stock Market,USD,United States,,Semiconductors - 45301020,World Large Blend Equity,International Equities - Unhedged,IEQStock
0.05875944783785129,CME GROUP INC CLASS A,Growth,International Shares,Global Shares,Global Shares,Financials - 40,NASDAQ Stock Market,USD,United States,,Financial Exchanges & Data - 40203040,World Large Blend Equity,International Equities - Unhedged,IEQStock
0.06819479871366195,T MOBILE US INC,Growth,International Shares,Global Shares,Global Shares,Communication Services - 50,NASDAQ Stock Market,USD,United States,,Wireless Telecommunication Services - 50102010,World Large Blend Equity,International Equities - Unhedged,IEQStock
0.06720340833597535,SYNOPSYS INC,Growth,International Shares,Global Shares,Global Shares,Information Technology - 45,NASDAQ Stock Market,USD,United States,,Application Software - 45103010,World Large Blend Equity,International Equities - Unhedged,IEQStock
0.06552353798126527,PALO ALTO NETWORKS INC,Growth,International Shares,Global Shares,Global Shares,Information Technology - 45,NASDAQ Stock Market,USD,United States,,Systems Software - 45103020,World Large Blend Equity,International Equities - Unhedged,IEQStock
0.04506403759353358,EQUINIX REIT INC,Growth,International Shares,Global Shares,Global Shares,Real Estate - 60,NASDAQ Stock Market,USD,United States,,Data Center REITs - 60108050,World Large Blend Equity,International Equities - Unhedged,IEQStock
0.0597168834986105,CADENCE DESIGN SYSTEMS INC,Growth,International Shares,Global Shares,Global Shares,Information Technology - 45,NASDAQ Stock Market,USD,United States,,Application Software - 45103010,World Large Blend Equity,International Equities - Unhedged,IEQStock
0.07479229080977207,KLA CORP,Growth,International Shares,Global Shares,Global Shares,Information Technology - 45,NASDAQ Stock Market,USD,United States,,Semiconductor Materials & Equipment - 45301010,World Large Blend Equity,International Equities - Unhedged,IEQStock
0.04871659648596708,CSX CORP,Growth,International Shares,Global Shares,Global Shares,Industrials - 20,NASDAQ Stock Market,USD,United States,,Rail Transportation - 20304010,World Large Blend Equity,International Equities - Unhedged,IEQStock
0.0397677163261868,PAYPAL HOLDINGS INC,Growth,International Shares,Global Shares,Global Shares,Financials - 40,NASDAQ Stock Market,USD,United States,,Transaction & Payment Processing Services - 40201060,World Large Blend Equity,International Equities - Unhedged,IEQStock
0.05222913714615459,OREILLY AUTOMOTIVE INC,Growth,International Shares,Global Shares,Global Shares,Consumer Discretionary - 25,NASDAQ Stock Market,USD,United States,,Automotive Retail - 25504050,World Large Blend Equity,International Equities - Unhedged,IEQStock
0.04031824531856563,ROPER TECHNOLOGIES INC,Growth,International Shares,Global Shares,Global Shares,Information Technology - 45,NASDAQ Stock Market,USD,United States,,Application Software - 45103010,World Large Blend Equity,International Equities - Unhedged,IEQStock
0.04238217063196334,AIRBNB INC CLASS A,Growth,International Shares,Global Shares,Global Shares,Consumer Discretionary - 25,NASDAQ Stock Market,USD,United States,,"Hotels, Resorts & Cruise Lines - 25301020",World Large Blend Equity,International Equities - Unhedged,IEQStock
0.03824151748704717,MARRIOTT INTERNATIONAL INC CLASS A,Growth,International Shares,Global Shares,Global Shares,Consumer Discretionary - 25,NASDAQ Stock Market,USD,United States,,"Hotels, Resorts & Cruise Lines - 25301020",World Large Blend Equity,International Equities - Unhedged,IEQStock
0.04499648458477581,NXP SEMICONDUCTORS NV,Growth,International Shares,Global Shares,Global Shares,Information Technology - 45,NASDAQ Stock Market,USD,United States,,Semiconductors - 45301020,World Large Blend Equity,International Equities - Unhedged,IEQStock
0.021056683059014907,LULULEMON ATHLETICA INC,Growth,International Shares,Global Shares,Global Shares,Consumer Discretionary - 25,NASDAQ Stock Market,USD,United States,,"Apparel, Accessories & Luxury Goods - 25203010",World Large Blend Equity,International Equities - Unhedged,IEQStock
0.04251049394164776,CINTAS CORP,Growth,International Shares,Global Shares,Global Shares,Industrials - 20,NASDAQ Stock Market,USD,United States,,Diversified Support Services - 20201070,World Large Blend Equity,International Equities - Unhedged,IEQStock
0.03280858823071802,PACCAR INC,Growth,International Shares,Global Shares,Global Shares,Industrials - 20,NASDAQ Stock Market,USD,United States,,Construction Machinery & Heavy Transportation Equipment - 20106010,World Large Blend Equity,International Equities - Unhedged,IEQStock
0.03937220679527985,AUTODESK INC,Growth,International Shares,Global Shares,Global Shares,Information Technology - 45,NASDAQ Stock Market,USD,United States,,Application Software - 45103010,World Large Blend Equity,International Equities - Unhedged,IEQStock
0.022039542541496232,CHARTER COMMUNICATIONS INC CLASS A,Growth,International Shares,Global Shares,Global Shares,Communication Services - 50,NASDAQ Stock Market,USD,United States,,Cable & Satellite - 50201030,World Large Blend Equity,International Equities - Unhedged,IEQStock
0.03043965117354593,ROSS STORES INC,Growth,International Shares,Global Shares,Global Shares,Consumer Discretionary - 25,NASDAQ Stock Market,USD,United States,,Apparel Retail - 25504010,World Large Blend Equity,International Equities - Unhedged,IEQStock
0.03715365337670257,MONSTER BEVERAGE CORP,Growth,International Shares,Global Shares,Global Shares,Consumer Staples - 30,NASDAQ Stock Market,USD,United States,,Soft Drinks & Non-alcoholic Beverages - 30201030,World Large Blend Equity,International Equities - Unhedged,IEQStock
0.03868754703065359,MICROCHIP TECHNOLOGY INC,Growth,International Shares,Global Shares,Global Shares,Information Technology - 45,NASDAQ Stock Market,USD,United States,,Semiconductors - 45301020,World Large Blend Equity,International Equities - Unhedged,IEQStock
0.037664457233405196,AMERICAN ELECTRIC POWER INC,Growth,International Shares,Global Shares,Global Shares,Utilities - 55,NASDAQ Stock Market,USD,United States,,Electric Utilities - 55101010,World Large Blend Equity,International Equities - Unhedged,IEQStock
0.024192602890696573,COPART INC,Growth,International Shares,Global Shares,Global Shares,Industrials - 20,NASDAQ Stock Market,USD,United States,,Diversified Support Services - 20201070,World Large Blend Equity,International Equities - Unhedged,IEQStock
0.02970882928780086,EXELON CORP,Growth,International Shares,Global Shares,Global Shares,Utilities - 55,NASDAQ Stock Market,USD,United States,,Electric Utilities - 55101010,World Large Blend Equity,International Equities - Unhedged,IEQStock
0.03524436093209353,CONSTELLATION ENERGY CORP,Growth,International Shares,Global Shares,Global Shares,Utilities - 55,NASDAQ Stock Market,USD,United States,,Electric Utilities - 55101010,World Large Blend Equity,International Equities - Unhedged,IEQStock
0.033067759991523143,DEXCOM INC,Growth,International Shares,Global Shares,Global Shares,Health Care - 35,NASDAQ Stock Market,USD,United States,,Health Care Equipment - 35101010,World Large Blend Equity,International Equities - Unhedged,IEQStock
0.02829007775428115,PAYCHEX INC,Growth,International Shares,Global Shares,Global Shares,Industrials - 20,NASDAQ Stock Market,USD,United States,,Human Resource & Employment Services - 20202010,World Large Blend Equity,International Equities - Unhedged,IEQStock
0.022135298696578876,BIOGEN INC,Growth,International Shares,Global Shares,Global Shares,Health Care - 35,NASDAQ Stock Market,USD,United States,,Biotechnology - 35201010,World Large Blend Equity,International Equities - Unhedged,IEQStock
0.021910111998216804,OLD DOMINION FREIGHT LINE INC,Growth,International Shares,Global Shares,Global Shares,Industrials - 20,NASDAQ Stock Market,USD,United States,,Cargo Ground Transportation - 20304030,World Large Blend Equity,International Equities - Unhedged,IEQStock
0.04897279549808547,IDEXX LABORATORIES INC,Growth,International Shares,Global Shares,Global Shares,Health Care - 35,NASDAQ Stock Market,USD,United States,,Health Care Equipment - 35101010,World Large Blend Equity,International Equities - Unhedged,IEQStock
0.025186057915023933,BAKER HUGHES CLASS A,Growth,International Shares,Global Shares,Global Shares,Energy - 10,NASDAQ Stock Market,USD,United States,,Oil & Gas Equipment & Services - 10101020,World Large Blend Equity,International Equities - Unhedged,IEQStock
0.022152256399100127,VERISK ANALYTICS INC,Growth,International Shares,Global Shares,Global Shares,Industrials - 20,NASDAQ Stock Market,USD,United States,,Research & Consulting Services - 20202020,World Large Blend Equity,International Equities - Unhedged,IEQStock
0.03535899766722769,FASTENAL,Growth,International Shares,Global Shares,Global Shares,Industrials - 20,NASDAQ Stock Market,USD,United States,,Trading Companies & Distributors - 20107010,World Large Blend Equity,International Equities - Unhedged,IEQStock
0.024052711099008677,COGNIZANT TECHNOLOGY SOLUTIONS COR,Growth,International Shares,Global Shares,Global Shares,Information Technology - 45,NASDAQ Stock Market,USD,United States,,IT Consulting & Other Services - 45102010,World Large Blend Equity,International Equities - Unhedged,IEQStock
0.027447239146173575,XCEL ENERGY INC,Growth,International Shares,Global Shares,Global Shares,Utilities - 55,NASDAQ Stock Market,USD,United States,,Electric Utilities - 55101010,World Large Blend Equity,International Equities - Unhedged,IEQStock
0.02371542842676277,FORTINET INC,Growth,International Shares,Global Shares,Global Shares,Information Technology - 45,NASDAQ Stock Market,USD,United States,,Systems Software - 45103020,World Large Blend Equity,International Equities - Unhedged,IEQStock
0.026745939315327722,ELECTRONIC ARTS INC,Growth,International Shares,Global Shares,Global Shares,Communication Services - 50,NASDAQ Stock Market,USD,United States,,Interactive Home Entertainment - 50202020,World Large Blend Equity,International Equities - Unhedged,IEQStock
0.019734885748155382,ARCH CAPITAL GROUP LTD,Growth,International Shares,Global Shares,Global Shares,Financials - 40,NASDAQ Stock Market,USD,United States,,Property & Casualty Insurance - 40301040,World Large Blend Equity,International Equities - Unhedged,IEQStock
0.028446061622901364,COSTAR GROUP INC,Growth,International Shares,Global Shares,Global Shares,Real Estate - 60,NASDAQ Stock Market,USD,United States,,Real Estate Services - 60201040,World Large Blend Equity,International Equities - Unhedged,IEQStock
0.020609534635511087,KEURIG DR PEPPER INC,Growth,International Shares,Global Shares,Global Shares,Consumer Staples - 30,NASDAQ Stock Market,USD,United States,,Soft Drinks & Non-alcoholic Beverages - 30201030,World Large Blend Equity,International Equities - Unhedged,IEQStock
0.017898186050679152,ON SEMICONDUCTOR CORP,Growth,International Shares,Global Shares,Global Shares,Information Technology - 45,NASDAQ Stock Market,USD,United States,,Semiconductors - 45301020,World Large Blend Equity,International Equities - Unhedged,IEQStock
0.01808009850565561,DIAMONDBACK ENERGY INC,Growth,International Shares,Global Shares,Global Shares,Energy - 10,NASDAQ Stock Market,USD,United States,,Oil & Gas Exploration & Production - 10102020,World Large Blend Equity,International Equities - Unhedged,IEQStock
0.01884997430497053,CDW CORP,Growth,International Shares,Global Shares,Global Shares,Information Technology - 45,NASDAQ Stock Market,USD,United States,,Technology Distributors - 45203030,World Large Blend Equity,International Equities - Unhedged,IEQStock
0.021460931515227145,GE HEALTHCARE TECHNOLOGIES INC,Growth,International Shares,Global Shares,Global Shares,Health Care - 35,NASDAQ Stock Market,USD,United States,,Health Care Equipment - 35101010,World Large Blend Equity,International Equities - Unhedged,IEQStock
0.020725864321204074,KRAFT HEINZ,Growth,International Shares,Global Shares,Global Shares,Consumer Staples - 30,NASDAQ Stock Market,USD,United States,,Packaged Foods & Meats - 30202030,World Large Blend Equity,International Equities - Unhedged,IEQStock
0.018794867018776567,WARNER BROS. DISCOVERY INC SERIES,Growth,International Shares,Global Shares,Global Shares,Communication Services - 50,NASDAQ Stock Market,USD,United States,,Movies & Entertainment - 50202010,World Large Blend Equity,International Equities - Unhedged,IEQStock
0.017805443979778204,WILLIS TOWERS WATSON PLC,Growth,International Shares,Global Shares,Global Shares,Financials - 40,NASDAQ Stock Market,USD,United States,,Insurance Brokers - 40301010,World Large Blend Equity,International Equities - Unhedged,IEQStock
0.02587680468522107,ANSYS INC,Growth,International Shares,Global Shares,Global Shares,Information Technology - 45,NASDAQ Stock Market,USD,United States,,Application Software - 45103010,World Large Blend Equity,International Equities - Unhedged,IEQStock
0.01648019434484964,MODERNA INC,Growth,International Shares,Global Shares,Global Shares,Health Care - 35,NASDAQ Stock Market,USD,United States,,Biotechnology - 35201010,World Large Blend Equity,International Equities - Unhedged,IEQStock
0.02900665672748657,DOLLAR TREE INC,Growth,International Shares,Global Shares,Global Shares,Consumer Staples - 30,NASDAQ Stock Market,USD,United States,,Consumer Staples Merchandise Retail - 30101040,World Large Blend Equity,International Equities - Unhedged,IEQStock
0.020014274065229414,SBA COMMUNICATIONS REIT CORP CLASS,Growth,International Shares,Global Shares,Global Shares,Real Estate - 60,NASDAQ Stock Market,USD,United States,,Telecom Tower REITs - 60108030,World Large Blend Equity,International Equities - Unhedged,IEQStock
0.028124710858716085,MONOLITHIC POWER SYSTEMS INC,Growth,International Shares,Global Shares,Global Shares,Information Technology - 45,NASDAQ Stock Market,USD,United States,,Semiconductors - 45301020,World Large Blend Equity,International Equities - Unhedged,IEQStock
0.024962960178837153,EBAY INC,Growth,International Shares,Global Shares,Global Shares,Consumer Discretionary - 25,NASDAQ Stock Market,USD,United States,,Broadline Retail - 25503030,World Large Blend Equity,International Equities - Unhedged,IEQStock
0.021627859914437504,TAKE TWO INTERACTIVE SOFTWARE INC,Growth,International Shares,Global Shares,Global Shares,Communication Services - 50,NASDAQ Stock Market,USD,United States,,Interactive Home Entertainment - 50202020,World Large Blend Equity,International Equities - Unhedged,IEQStock
0.022442976990511822,APTIV PLC,Growth,International Shares,Global Shares,Global Shares,Consumer Discretionary - 25,New York Stock Exchange Inc.,USD,United States,,Automotive Parts & Equipment - 25101010,World Large Blend Equity,International Equities - Unhedged,IEQStock
0.02099675483349634,DISCOVER FINANCIAL SERVICES,Growth,International Shares,Global Shares,Global Shares,Financials - 40,New York Stock Exchange Inc.,USD,United States,,Consumer Finance - 40202010,World Large Blend Equity,International Equities - Unhedged,IEQStock
0.019991965408460485,STATE STREET CORP,Growth,International Shares,Global Shares,Global Shares,Financials - 40,New York Stock Exchange Inc.,USD,United States,,Asset Management & Custody Banks - 40203010,World Large Blend Equity,International Equities - Unhedged,IEQStock
0.024074321259485987,CORNING INC,Growth,International Shares,Global Shares,Global Shares,Information Technology - 45,New York Stock Exchange Inc.,USD,United States,,Electronic Components - 45203015,World Large Blend Equity,International Equities - Unhedged,IEQStock
0.01929633103130492,BROADRIDGE FINANCIAL SOLUTIONS INC,Growth,International Shares,Global Shares,Global Shares,Industrials - 20,New York Stock Exchange Inc.,USD,United States,,Data Processing & Outsourced Services - 20202030,World Large Blend Equity,International Equities - Unhedged,IEQStock
0.013610068995533152,COTERRA ENERGY INC,Growth,International Shares,Global Shares,Global Shares,Energy - 10,New York Stock Exchange Inc.,USD,United States,,Oil & Gas Exploration & Production - 10102020,World Large Blend Equity,International Equities - Unhedged,IEQStock
0.019829149821267152,ENTERGY CORP,Growth,International Shares,Global Shares,Global Shares,Utilities - 55,New York Stock Exchange Inc.,USD,United States,,Electric Utilities - 55101010,World Large Blend Equity,International Equities - Unhedged,IEQStock
0.015920286832000946,AMEREN CORP,Growth,International Shares,Global Shares,Global Shares,Utilities - 55,New York Stock Exchange Inc.,USD,United States,,Multi-Utilities - 55103010,World Large Blend Equity,International Equities - Unhedged,IEQStock
0.008836553208759366,MOLINA HEALTHCARE INC,Growth,International Shares,Global Shares,Global Shares,Health Care - 35,New York Stock Exchange Inc.,USD,United States,,Managed Health Care - 35102030,World Large Blend Equity,International Equities - Unhedged,IEQStock
0.01804242646630668,HEWLETT PACKARD ENTERPRISE,Growth,International Shares,Global Shares,Global Shares,Information Technology - 45,New York Stock Exchange Inc.,USD,United States,,"Tech Hardware, Storage & Peripherals - 45202030",World Large Blend Equity,International Equities - Unhedged,IEQStock
0.018306279027975682,M&T BANK CORP,Growth,International Shares,Global Shares,Global Shares,Financials - 40,New York Stock Exchange Inc.,USD,United States,,Regional Banks - 40101015,World Large Blend Equity,International Equities - Unhedged,IEQStock
0.015867040341069085,EVERSOURCE ENERGY,Growth,International Shares,Global Shares,Global Shares,Utilities - 55,New York Stock Exchange Inc.,USD,United States,,Electric Utilities - 55101010,World Large Blend Equity,International Equities - Unhedged,IEQStock
0.017419143905563237,WESTINGHOUSE AIR BRAKE TECHNOLOGIE,Growth,International Shares,Global Shares,Global Shares,Industrials - 20,New York Stock Exchange Inc.,USD,United States,,Construction Machinery & Heavy Transportation Equipment - 20106010,World Large Blend Equity,International Equities - Unhedged,IEQStock
0.0169393479270737,NVR INC,Growth,International Shares,Global Shares,Global Shares,Consumer Discretionary - 25,New York Stock Exchange Inc.,USD,United States,,Homebuilding - 25201030,World Large Blend Equity,International Equities - Unhedged,IEQStock
0.013366885108583327,TARGA RESOURCES CORP,Growth,International Shares,Global Shares,Global Shares,Energy - 10,New York Stock Exchange Inc.,USD,United States,,Oil & Gas Storage & Transportation - 10102040,World Large Blend Equity,International Equities - Unhedged,IEQStock
0.015979650118869173,PPL CORP,Growth,International Shares,Global Shares,Global Shares,Utilities - 55,New York Stock Exchange Inc.,USD,United States,,Electric Utilities - 55101010,World Large Blend Equity,International Equities - Unhedged,IEQStock
0.01697190409530823,GENUINE PARTS,Growth,International Shares,Global Shares,Global Shares,Consumer Discretionary - 25,New York Stock Exchange Inc.,USD,United States,,Distributors - 25501010,World Large Blend Equity,International Equities - Unhedged,IEQStock
0.02264021658698007,HOWMET AEROSPACE INC,Growth,International Shares,Global Shares,Global Shares,Industrials - 20,New York Stock Exchange Inc.,USD,United States,,Aerospace & Defense - 20101010,World Large Blend Equity,International Equities - Unhedged,IEQStock
0.0155146012754863,RAYMOND JAMES INC,Growth,International Shares,Global Shares,Global Shares,Financials - 40,New York Stock Exchange Inc.,USD,United States,,Investment Banking & Brokerage - 40203020,World Large Blend Equity,International Equities - Unhedged,IEQStock
0.015595557370781601,FIRSTENERGY CORP,Growth,International Shares,Global Shares,Global Shares,Utilities - 55,New York Stock Exchange Inc.,USD,United States,,Electric Utilities - 55101010,World Large Blend Equity,International Equities - Unhedged,IEQStock
0.013104801078773248,EQUITY RESIDENTIAL REIT,Growth,International Shares,Global Shares,Global Shares,Real Estate - 60,New York Stock Exchange Inc.,USD,United States,,Multi-Family Residential REITs  - 60106010,World Large Blend Equity,International Equities - Unhedged,IEQStock
0.01724119082464535,LABORATORY CORPORATION OF AMERICA,Growth,International Shares,Global Shares,Global Shares,Health Care - 35,New York Stock Exchange Inc.,USD,United States,,Health Care Services - 35102015,World Large Blend Equity,International Equities - Unhedged,IEQStock
0.0113562387456414,INTERNATIONAL FLAVORS & FRAGRANCES,Growth,International Shares,Global Shares,Global Shares,Materials - 15,New York Stock Exchange Inc.,USD,United States,,Specialty Chemicals - 15101050,World Large Blend Equity,International Equities - Unhedged,IEQStock
0.0135600225131253,DOVER CORP,Growth,International Shares,Global Shares,Global Shares,Industrials - 20,New York Stock Exchange Inc.,USD,United States,,Industrial Machinery & Supplies & Components - 20106020,World Large Blend Equity,International Equities - Unhedged,IEQStock
0.0206906013384119,PULTEGROUP INC,Growth,International Shares,Global Shares,Global Shares,Consumer Discretionary - 25,New York Stock Exchange Inc.,USD,United States,,Homebuilding - 25201030,World Large Blend Equity,International Equities - Unhedged,IEQStock
0.013920118906925492,INVITATION HOMES INC,Growth,International Shares,Global Shares,Global Shares,Real Estate - 60,New York Stock Exchange Inc.,USD,United States,,Single-Family Residential REITs - 60106020,World Large Blend Equity,International Equities - Unhedged,IEQStock
0.015765342393592265,DARDEN RESTAURANTS INC,Growth,International Shares,Global Shares,Global Shares,Consumer Discretionary - 25,New York Stock Exchange Inc.,USD,United States,,Restaurants - 25301040,World Large Blend Equity,International Equities - Unhedged,IEQStock
0.01649148871569014,TELEDYNE TECHNOLOGIES INC,Growth,International Shares,Global Shares,Global Shares,Information Technology - 45,New York Stock Exchange Inc.,USD,United States,,Electronic Equipment & Instruments - 45203010,World Large Blend Equity,International Equities - Unhedged,IEQStock
0.01644212747537995,VENTAS REIT INC,Growth,International Shares,Global Shares,Global Shares,Real Estate - 60,New York Stock Exchange Inc.,USD,United States,,Health Care REITs - 60105010,World Large Blend Equity,International Equities - Unhedged,IEQStock
0.01667466899588811,GARMIN LTD,Growth,International Shares,Global Shares,Global Shares,Consumer Discretionary - 25,New York Stock Exchange Inc.,USD,United States,,Consumer Electronics - 25201010,World Large Blend Equity,International Equities - Unhedged,IEQStock
0.012042414969644701,BAXTER INTERNATIONAL INC,Growth,International Shares,Global Shares,Global Shares,Health Care - 35,New York Stock Exchange Inc.,USD,United States,,Health Care Equipment - 35101010,World Large Blend Equity,International Equities - Unhedged,IEQStock
0.011106598128187565,TYLER TECHNOLOGIES INC,Growth,International Shares,Global Shares,Global Shares,Information Technology - 45,New York Stock Exchange Inc.,USD,United States,,Application Software - 45103010,World Large Blend Equity,International Equities - Unhedged,IEQStock
0.012493347434218038,IRON MOUNTAIN INC,Growth,International Shares,Global Shares,Global Shares,Real Estate - 60,New York Stock Exchange Inc.,USD,United States,,Other Specialized REITs - 60108010,World Large Blend Equity,International Equities - Unhedged,IEQStock
0.013686794645791268,FLEETCOR TECHNOLOGIES INC,Growth,International Shares,Global Shares,Global Shares,Financials - 40,New York Stock Exchange Inc.,USD,United States,,Transaction & Payment Processing Services - 40201060,World Large Blend Equity,International Equities - Unhedged,IEQStock
0.016903104581416677,CENTERPOINT ENERGY INC,Growth,International Shares,Global Shares,Global Shares,Utilities - 55,New York Stock Exchange Inc.,USD,United States,,Multi-Utilities - 55103010,World Large Blend Equity,International Equities - Unhedged,IEQStock
0.008844163453227959,FACTSET RESEARCH SYSTEMS INC,Growth,International Shares,Global Shares,Global Shares,Financials - 40,New York Stock Exchange Inc.,USD,United States,,Financial Exchanges & Data - 40203040,World Large Blend Equity,International Equities - Unhedged,IEQStock
0.012580047801141282,JACOBS SOLUTIONS INC,Growth,International Shares,Global Shares,Global Shares,Industrials - 20,New York Stock Exchange Inc.,USD,United States,,Research & Consulting Services - 20202020,World Large Blend Equity,International Equities - Unhedged,IEQStock
0.010812658815670327,BROWN & BROWN INC,Growth,International Shares,Global Shares,Global Shares,Financials - 40,New York Stock Exchange Inc.,USD,United States,,Insurance Brokers - 40301010,World Large Blend Equity,International Equities - Unhedged,IEQStock
0.010732072907729732,EVEREST GROUP LTD,Growth,International Shares,Global Shares,Global Shares,Financials - 40,New York Stock Exchange Inc.,USD,United States,,Reinsurance - 40301050,World Large Blend Equity,International Equities - Unhedged,IEQStock
0.008280846139162934,CLOROX,Growth,International Shares,Global Shares,Global Shares,Consumer Staples - 30,New York Stock Exchange Inc.,USD,United States,,Household Products - 30301010,World Large Blend Equity,International Equities - Unhedged,IEQStock
0.01547708079046615,EXPEDITORS INTERNATIONAL OF WASHIN,Growth,International Shares,Global Shares,Global Shares,Industrials - 20,New York Stock Exchange Inc.,USD,United States,,Air Freight & Logistics - 20301010,World Large Blend Equity,International Equities - Unhedged,IEQStock
0.01357252013680906,ATMOS ENERGY CORP,Growth,International Shares,Global Shares,Global Shares,Utilities - 55,New York Stock Exchange Inc.,USD,United States,,Gas Utilities - 55102010,World Large Blend Equity,International Equities - Unhedged,IEQStock
0.01050206419396077,MCCORMICK & CO NON-VOTING INC,Growth,International Shares,Global Shares,Global Shares,Consumer Staples - 30,New York Stock Exchange Inc.,USD,United States,,Packaged Foods & Meats - 30202030,World Large Blend Equity,International Equities - Unhedged,IEQStock
0.01221802103952334,CMS ENERGY CORP,Growth,International Shares,Global Shares,Global Shares,Utilities - 55,New York Stock Exchange Inc.,USD,United States,,Multi-Utilities - 55103010,World Large Blend Equity,International Equities - Unhedged,IEQStock
0.015958924595096183,LAS VEGAS SANDS CORP,Growth,International Shares,Global Shares,Global Shares,Consumer Discretionary - 25,New York Stock Exchange Inc.,USD,United States,,Casinos & Gaming - 25301010,World Large Blend Equity,International Equities - Unhedged,IEQStock
0.010864203535794472,BALL CORP,Growth,International Shares,Global Shares,Global Shares,Materials - 15,New York Stock Exchange Inc.,USD,United States,,"Metal, Glass & Plastic Containers - 15103010",World Large Blend Equity,International Equities - Unhedged,IEQStock
0.012323355877806547,BUNGE GLOBAL SA,Growth,International Shares,Global Shares,Global Shares,Consumer Staples - 30,New York Stock Exchange Inc.,USD,United States,,Agricultural Products & Services - 30202010,World Large Blend Equity,International Equities - Unhedged,IEQStock
0.012019619720513214,ALEXANDRIA REAL ESTATE EQUITIES RE,Growth,International Shares,Global Shares,Global Shares,Real Estate - 60,New York Stock Exchange Inc.,USD,United States,,Office REITs - 60104010,World Large Blend Equity,International Equities - Unhedged,IEQStock
0.011570410218782402,WATERS CORP,Growth,International Shares,Global Shares,Global Shares,Health Care - 35,New York Stock Exchange Inc.,USD,United States,,Life Sciences Tools & Services - 35203010,World Large Blend Equity,International Equities - Unhedged,IEQStock
0.01186294706948456,VERALTO CORP,Growth,International Shares,Global Shares,Global Shares,Industrials - 20,New York Stock Exchange Inc.,USD,United States,,Environmental & Facilities Services - 20201050,World Large Blend Equity,International Equities - Unhedged,IEQStock
0.011924029801662829,TEXTRON INC,Growth,International Shares,Global Shares,Global Shares,Industrials - 20,New York Stock Exchange Inc.,USD,United States,,Aerospace & Defense - 20101010,World Large Blend Equity,International Equities - Unhedged,IEQStock
0.010358520503495755,OMNICOM GROUP INC,Growth,International Shares,Global Shares,Global Shares,Communication Services - 50,New York Stock Exchange Inc.,USD,United States,,Advertising - 50201010,World Large Blend Equity,International Equities - Unhedged,IEQStock
0.011552805794648053,CF INDUSTRIES HOLDINGS INC,Growth,International Shares,Global Shares,Global Shares,Materials - 15,New York Stock Exchange Inc.,USD,United States,,Fertilizers & Agricultural Chemicals - 15101030,World Large Blend Equity,International Equities - Unhedged,IEQStock
0.011706773237248115,HUBBELL INC,Growth,International Shares,Global Shares,Global Shares,Industrials - 20,New York Stock Exchange Inc.,USD,United States,,Electrical Components & Equipment - 20104010,World Large Blend Equity,International Equities - Unhedged,IEQStock
0.013699584486409807,QUEST DIAGNOSTICS INC,Growth,International Shares,Global Shares,Global Shares,Health Care - 35,New York Stock Exchange Inc.,USD,United States,,Health Care Services - 35102015,World Large Blend Equity,International Equities - Unhedged,IEQStock
0.00894308646089679,IDEX CORP,Growth,International Shares,Global Shares,Global Shares,Industrials - 20,New York Stock Exchange Inc.,USD,United States,,Industrial Machinery & Supplies & Components - 20106020,World Large Blend Equity,International Equities - Unhedged,IEQStock
0.01656283719809562,REGIONS FINANCIAL CORP,Growth,International Shares,Global Shares,Global Shares,Financials - 40,New York Stock Exchange Inc.,USD,United States,,Regional Banks - 40101015,World Large Blend Equity,International Equities - Unhedged,IEQStock
0.011224777274681975,ALBEMARLE CORP,Growth,International Shares,Global Shares,Global Shares,Materials - 15,New York Stock Exchange Inc.,USD,United States,,Specialty Chemicals - 15101050,World Large Blend Equity,International Equities - Unhedged,IEQStock
0.01043687291659301,AVERY DENNISON CORP,Growth,International Shares,Global Shares,Global Shares,Materials - 15,New York Stock Exchange Inc.,USD,United States,,Paper & Plastic Packaging Products & Materials - 15103020,World Large Blend Equity,International Equities - Unhedged,IEQStock
0.008581998596435112,EPAM SYSTEMS INC,Growth,International Shares,Global Shares,Global Shares,Information Technology - 45,New York Stock Exchange Inc.,USD,United States,,IT Consulting & Other Services - 45102010,World Large Blend Equity,International Equities - Unhedged,IEQStock
0.010900834951417755,SNAP ON INC,Growth,International Shares,Global Shares,Global Shares,Industrials - 20,New York Stock Exchange Inc.,USD,United States,,Industrial Machinery & Supplies & Components - 20106020,World Large Blend Equity,International Equities - Unhedged,IEQStock
0.014289373030249772,LEIDOS HOLDINGS INC,Growth,International Shares,Global Shares,Global Shares,Industrials - 20,New York Stock Exchange Inc.,USD,United States,,Research & Consulting Services - 20202020,World Large Blend Equity,International Equities - Unhedged,IEQStock
0.01101573381552658,PACKAGING CORP OF AMERICA,Growth,International Shares,Global Shares,Global Shares,Materials - 15,New York Stock Exchange Inc.,USD,United States,,Paper & Plastic Packaging Products & Materials - 15103020,World Large Blend Equity,International Equities - Unhedged,IEQStock
0.011134435249262869,SOUTHWEST AIRLINES,Growth,International Shares,Global Shares,Global Shares,Industrials - 20,New York Stock Exchange Inc.,USD,United States,,Passenger Airlines - 20302010,World Large Blend Equity,International Equities - Unhedged,IEQStock
0.010734007444784532,MID AMERICA APARTMENT COMMUNITIES,Growth,International Shares,Global Shares,Global Shares,Real Estate - 60,New York Stock Exchange Inc.,USD,United States,,Multi-Family Residential REITs  - 60106010,World Large Blend Equity,International Equities - Unhedged,IEQStock
0.01403390924661408,WR BERKLEY CORP,Growth,International Shares,Global Shares,Global Shares,Financials - 40,New York Stock Exchange Inc.,USD,United States,,Property & Casualty Insurance - 40301040,World Large Blend Equity,International Equities - Unhedged,IEQStock
0.009794740132953101,LAMB WESTON HOLDINGS INC,Growth,International Shares,Global Shares,Global Shares,Consumer Staples - 30,New York Stock Exchange Inc.,USD,United States,,Packaged Foods & Meats - 30202030,World Large Blend Equity,International Equities - Unhedged,IEQStock
0.01077101398953698,ESSEX PROPERTY TRUST REIT INC,Growth,International Shares,Global Shares,Global Shares,Real Estate - 60,New York Stock Exchange Inc.,USD,United States,,Multi-Family Residential REITs  - 60106010,World Large Blend Equity,International Equities - Unhedged,IEQStock
0.01117153870636067,KELLANOVA,Growth,International Shares,Global Shares,Global Shares,Consumer Staples - 30,New York Stock Exchange Inc.,USD,United States,,Packaged Foods & Meats - 30202030,World Large Blend Equity,International Equities - Unhedged,IEQStock
0.011247369481195013,TYSON FOODS INC CLASS A,Growth,International Shares,Global Shares,Global Shares,Consumer Staples - 30,New York Stock Exchange Inc.,USD,United States,,Packaged Foods & Meats - 30202030,World Large Blend Equity,International Equities - Unhedged,IEQStock
0.01043496934284578,AMCOR PLC,Growth,International Shares,Global Shares,Global Shares,Materials - 15,New York Stock Exchange Inc.,USD,United States,,Paper & Plastic Packaging Products & Materials - 15103020,World Large Blend Equity,International Equities - Unhedged,IEQStock
0.010527831021638305,STANLEY BLACK & DECKER INC,Growth,International Shares,Global Shares,Global Shares,Industrials - 20,New York Stock Exchange Inc.,USD,United States,,Industrial Machinery & Supplies & Components - 20106020,World Large Blend Equity,International Equities - Unhedged,IEQStock
0.005882788721945762,CONAGRA BRANDS INC,Growth,International Shares,Global Shares,Global Shares,Consumer Staples - 30,New York Stock Exchange Inc.,USD,United States,,Packaged Foods & Meats - 30202030,World Large Blend Equity,International Equities - Unhedged,IEQStock
0.01137810678055373,DOMINOS PIZZA INC,Growth,International Shares,Global Shares,Global Shares,Consumer Discretionary - 25,New York Stock Exchange Inc.,USD,United States,,Restaurants - 25301040,World Large Blend Equity,International Equities - Unhedged,IEQStock
0.009765545260139603,BEST BUY CO INC,Growth,International Shares,Global Shares,Global Shares,Consumer Discretionary - 25,New York Stock Exchange Inc.,USD,United States,,Computer & Electronics Retail - 25504020,World Large Blend Equity,International Equities - Unhedged,IEQStock
0.014560506630491972,CARNIVAL CORP,Growth,International Shares,Global Shares,Global Shares,Consumer Discretionary - 25,New York Stock Exchange Inc.,USD,United States,,"Hotels, Resorts & Cruise Lines - 25301020",World Large Blend Equity,International Equities - Unhedged,IEQStock
0.011506672958865087,MASCO CORP,Growth,International Shares,Global Shares,Global Shares,Industrials - 20,New York Stock Exchange Inc.,USD,United States,,Building Products - 20102010,World Large Blend Equity,International Equities - Unhedged,IEQStock
0.013363148794268824,SYNCHRONY FINANCIAL,Growth,International Shares,Global Shares,Global Shares,Financials - 40,New York Stock Exchange Inc.,USD,United States,,Consumer Finance - 40202010,World Large Blend Equity,International Equities - Unhedged,IEQStock
0.010971086860392226,LIVE NATION ENTERTAINMENT INC,Growth,International Shares,Global Shares,Global Shares,Communication Services - 50,New York Stock Exchange Inc.,USD,United States,,Movies & Entertainment - 50202010,World Large Blend Equity,International Equities - Unhedged,IEQStock
0.01359340544989374,CITIZENS FINANCIAL GROUP INC,Growth,International Shares,Global Shares,Global Shares,Financials - 40,New York Stock Exchange Inc.,USD,United States,,Regional Banks - 40101015,World Large Blend Equity,International Equities - Unhedged,IEQStock
0.009753814526723362,LOEWS CORP,Growth,International Shares,Global Shares,Global Shares,Financials - 40,New York Stock Exchange Inc.,CAD,Canada,,Property & Casualty Insurance - 40301040,World Large Blend Equity,International Equities - Unhedged,IEQStock
0.007877150848075679,INTERNATIONAL PAPER,Growth,International Shares,Global Shares,Global Shares,Materials - 15,New York Stock Exchange Inc.,USD,United States,,Paper & Plastic Packaging Products & Materials - 15103020,World Large Blend Equity,International Equities - Unhedged,IEQStock
0.008563802535772309,JM SMUCKER,Growth,International Shares,Global Shares,Global Shares,Consumer Staples - 30,New York Stock Exchange Inc.,USD,United States,,Packaged Foods & Meats - 30202030,World Large Blend Equity,International Equities - Unhedged,IEQStock
0.00783036014965722,CELANESE CORP,Growth,International Shares,Global Shares,Global Shares,Materials - 15,New York Stock Exchange Inc.,USD,United States,,Specialty Chemicals - 15101050,World Large Blend Equity,International Equities - Unhedged,IEQStock
0.008191217077293648,KIMCO REALTY REIT CORP,Growth,International Shares,Global Shares,Global Shares,Real Estate - 60,New York Stock Exchange Inc.,USD,United States,,Retail REITs - 60107010,World Large Blend Equity,International Equities - Unhedged,IEQStock
0.008174207333781113,INTERPUBLIC GROUP OF COMPANIES INC,Growth,International Shares,Global Shares,Global Shares,Communication Services - 50,New York Stock Exchange Inc.,USD,United States,,Advertising - 50201010,World Large Blend Equity,International Equities - Unhedged,IEQStock
0.007516756080122463,MOLSON COORS BREWING CLASS B,Growth,International Shares,Global Shares,Global Shares,Consumer Staples - 30,New York Stock Exchange Inc.,USD,United States,,Brewers - 30201010,World Large Blend Equity,International Equities - Unhedged,IEQStock
0.008977830175332034,AES CORP,Growth,International Shares,Global Shares,Global Shares,Utilities - 55,New York Stock Exchange Inc.,USD,United States,,Independent Power Producers & Traders - 55105010,World Large Blend Equity,International Equities - Unhedged,IEQStock
0.00853358008541533,BROWN FORMAN CORP CLASS B,Growth,International Shares,Global Shares,Global Shares,Consumer Staples - 30,New York Stock Exchange Inc.,USD,United States,,Unknown,World Large Blend Equity,International Equities - Unhedged,IEQStock
0.009774828097839363,MGM RESORTS INTERNATIONAL,Growth,International Shares,Global Shares,Global Shares,Consumer Discretionary - 25,New York Stock Exchange Inc.,USD,United States,,Casinos & Gaming - 25301010,World Large Blend Equity,International Equities - Unhedged,IEQStock
0.010409678921885254,ROLLINS INC,Growth,International Shares,Global Shares,Global Shares,Industrials - 20,New York Stock Exchange Inc.,USD,United States,,Environmental & Facilities Services - 20201050,World Large Blend Equity,International Equities - Unhedged,IEQStock
0.01159567025438855,MOSAIC,Growth,International Shares,Global Shares,Global Shares,Materials - 15,New York Stock Exchange Inc.,USD,United States,,Fertilizers & Agricultural Chemicals - 15101030,World Large Blend Equity,International Equities - Unhedged,IEQStock
0.006889713300750587,REVVITY INC,Growth,International Shares,Global Shares,Global Shares,Health Care - 35,New York Stock Exchange Inc.,USD,United States,,Life Sciences Tools & Services - 35203010,World Large Blend Equity,International Equities - Unhedged,IEQStock
0.009638862920282409,KEYCORP,Growth,International Shares,Global Shares,Global Shares,Financials - 40,New York Stock Exchange Inc.,USD,United States,,Diversified Banks - 40101010,World Large Blend Equity,International Equities - Unhedged,IEQStock
0.013767988441953585,NRG ENERGY INC,Growth,International Shares,Global Shares,Global Shares,Utilities - 55,New York Stock Exchange Inc.,USD,United States,,Electric Utilities - 55101010,World Large Blend Equity,International Equities - Unhedged,IEQStock
0.009812688525857054,NISOURCE INC,Growth,International Shares,Global Shares,Global Shares,Utilities - 55,New York Stock Exchange Inc.,USD,United States,,Multi-Utilities - 55103010,World Large Blend Equity,International Equities - Unhedged,IEQStock
0.008196419088097836,CERIDIAN HCM HOLDING INC,Growth,International Shares,Global Shares,Global Shares,Industrials - 20,New York Stock Exchange Inc.,USD,United States,,Human Resource & Employment Services - 20202010,World Large Blend Equity,International Equities - Unhedged,IEQStock
0.006403316270061503,CARMAX INC,Growth,International Shares,Global Shares,Global Shares,Consumer Discretionary - 25,New York Stock Exchange Inc.,USD,United States,,Automotive Retail - 25504050,World Large Blend Equity,International Equities - Unhedged,IEQStock
0.009117804715666818,PENTAIR,Growth,International Shares,Global Shares,Global Shares,Industrials - 20,New York Stock Exchange Inc.,USD,United States,,Industrial Machinery & Supplies & Components - 20106020,World Large Blend Equity,International Equities - Unhedged,IEQStock
0.01070906145044721,GLOBE LIFE INC,Growth,International Shares,Global Shares,Global Shares,Financials - 40,New York Stock Exchange Inc.,USD,United States,,Life & Health Insurance - 40301020,World Large Blend Equity,International Equities - Unhedged,IEQStock
0.007778709144894802,UDR REIT INC,Growth,International Shares,Global Shares,Global Shares,Real Estate - 60,New York Stock Exchange Inc.,USD,United States,,Multi-Family Residential REITs  - 60106010,World Large Blend Equity,International Equities - Unhedged,IEQStock
0.006060961111345945,TELEFLEX INC,Growth,International Shares,Global Shares,Global Shares,Health Care - 35,New York Stock Exchange Inc.,USD,United States,,Health Care Equipment - 35101010,World Large Blend Equity,International Equities - Unhedged,IEQStock
0.00853358008541533,WESTROCK,Growth,International Shares,Global Shares,Global Shares,Materials - 15,New York Stock Exchange Inc.,USD,United States,,Paper & Plastic Packaging Products & Materials - 15103020,World Large Blend Equity,International Equities - Unhedged,IEQStock
0.004613628251470961,HORMEL FOODS CORP,Growth,International Shares,Global Shares,Global Shares,Consumer Staples - 30,New York Stock Exchange Inc.,USD,United States,,Packaged Foods & Meats - 30202030,World Large Blend Equity,International Equities - Unhedged,IEQStock
0.0075493985035166526,CHARLES RIVER LABORATORIES INTERNA,Growth,International Shares,Global Shares,Global Shares,Health Care - 35,New York Stock Exchange Inc.,USD,United States,,Life Sciences Tools & Services - 35203010,World Large Blend Equity,International Equities - Unhedged,IEQStock
0.012228439177274788,HUNTINGTON INGALLS INDUSTRIES INC,Growth,International Shares,Global Shares,Global Shares,Industrials - 20,New York Stock Exchange Inc.,USD,United States,,Aerospace & Defense - 20101010,World Large Blend Equity,International Equities - Unhedged,IEQStock
0.0082350077384075,CAMDEN PROPERTY TRUST REIT,Growth,International Shares,Global Shares,Global Shares,Real Estate - 60,New York Stock Exchange Inc.,USD,United States,,Multi-Family Residential REITs  - 60106010,World Large Blend Equity,International Equities - Unhedged,IEQStock
0.006573062014981518,EASTMAN CHEMICAL,Growth,International Shares,Global Shares,Global Shares,Materials - 15,New York Stock Exchange Inc.,USD,United States,,Specialty Chemicals - 15101050,World Large Blend Equity,International Equities - Unhedged,IEQStock
0.007552660420934915,HEALTHPEAK PROPERTIES INC,Growth,International Shares,Global Shares,Global Shares,Real Estate - 60,New York Stock Exchange Inc.,USD,United States,,Health Care REITs - 60105010,World Large Blend Equity,International Equities - Unhedged,IEQStock
0.01108816879785367,ALLEGION PLC,Growth,International Shares,Global Shares,Global Shares,Industrials - 20,New York Stock Exchange Inc.,USD,United States,,Building Products - 20102010,World Large Blend Equity,International Equities - Unhedged,IEQStock
0.005945940715332627,A O SMITH CORP,Growth,International Shares,Global Shares,Global Shares,Industrials - 20,New York Stock Exchange Inc.,USD,United States,,Building Products - 20102010,World Large Blend Equity,International Equities - Unhedged,IEQStock
0.00558711233160892,JUNIPER NETWORKS INC,Growth,International Shares,Global Shares,Global Shares,Information Technology - 45,New York Stock Exchange Inc.,USD,United States,,Communications Equipment - 45201020,World Large Blend Equity,International Equities - Unhedged,IEQStock
0.005752822443849539,ASSURANT INC,Growth,International Shares,Global Shares,Global Shares,Financials - 40,New York Stock Exchange Inc.,USD,United States,,Multi-line Insurance - 40301030,World Large Blend Equity,International Equities - Unhedged,IEQStock
0.006304671306051577,PAYCOM SOFTWARE INC,Growth,International Shares,Global Shares,Global Shares,Industrials - 20,New York Stock Exchange Inc.,USD,United States,,Human Resource & Employment Services - 20202010,World Large Blend Equity,International Equities - Unhedged,IEQStock
0.00599709579987192,PINNACLE WEST CORP,Growth,International Shares,Global Shares,Global Shares,Utilities - 55,New York Stock Exchange Inc.,USD,United States,,Electric Utilities - 55101010,World Large Blend Equity,International Equities - Unhedged,IEQStock
0.005757542718796535,UNIVERSAL HEALTH SERVICES INC CLAS,Growth,International Shares,Global Shares,Global Shares,Health Care - 35,New York Stock Exchange Inc.,USD,United States,,Health Care Facilities - 35102020,World Large Blend Equity,International Equities - Unhedged,IEQStock
0.008321273426485552,BOSTON PROPERTIES REIT INC,Growth,International Shares,Global Shares,Global Shares,Real Estate - 60,New York Stock Exchange Inc.,USD,United States,,Office REITs - 60104010,World Large Blend Equity,International Equities - Unhedged,IEQStock
0.0030132766466808535,ROBERT HALF,Growth,International Shares,Global Shares,Global Shares,Industrials - 20,New York Stock Exchange Inc.,USD,United States,,Human Resource & Employment Services - 20202010,World Large Blend Equity,International Equities - Unhedged,IEQStock
0.005689053390276865,CAMPBELL SOUP,Growth,International Shares,Global Shares,Global Shares,Consumer Staples - 30,New York Stock Exchange Inc.,USD,United States,,Packaged Foods & Meats - 30202030,World Large Blend Equity,International Equities - Unhedged,IEQStock
0.00765221525537084,BORGWARNER INC,Growth,International Shares,Global Shares,Global Shares,Consumer Discretionary - 25,New York Stock Exchange Inc.,USD,United States,,Automotive Parts & Equipment - 25101010,World Large Blend Equity,International Equities - Unhedged,IEQStock
0.006429349349883445,BATH AND BODY WORKS INC,Growth,International Shares,Global Shares,Global Shares,Consumer Discretionary - 25,New York Stock Exchange Inc.,USD,United States,,Other Specialty Retail - 25504040,World Large Blend Equity,International Equities - Unhedged,IEQStock
0.005109730401003493,FEDERAL REALTY INVESTMENT TRUST RE,Growth,International Shares,Global Shares,Global Shares,Real Estate - 60,New York Stock Exchange Inc.,USD,United States,,Retail REITs - 60107010,World Large Blend Equity,International Equities - Unhedged,IEQStock
0.007194731887358517,FRANKLIN RESOURCES INC,Growth,International Shares,Global Shares,Global Shares,Financials - 40,New York Stock Exchange Inc.,USD,United States,,Asset Management & Custody Banks - 40203010,World Large Blend Equity,International Equities - Unhedged,IEQStock
0.004576054053894795,FMC CORP,Growth,International Shares,Global Shares,Global Shares,Materials - 15,New York Stock Exchange Inc.,USD,United States,,Fertilizers & Agricultural Chemicals - 15101030,World Large Blend Equity,International Equities - Unhedged,IEQStock
0.006797143763616845,GENERAC HOLDINGS INC,Growth,International Shares,Global Shares,Global Shares,Industrials - 20,New York Stock Exchange Inc.,USD,United States,,Electrical Components & Equipment - 20104010,World Large Blend Equity,International Equities - Unhedged,IEQStock
0.008866667935067976,TAPESTRY INC,Growth,International Shares,Global Shares,Global Shares,Consumer Discretionary - 25,New York Stock Exchange Inc.,USD,United States,,"Apparel, Accessories & Luxury Goods - 25203010",World Large Blend Equity,International Equities - Unhedged,IEQStock
0.005158610769522006,BIO RAD LABORATORIES INC CLASS A,Growth,International Shares,Global Shares,Global Shares,Health Care - 35,New York Stock Exchange Inc.,USD,United States,,Life Sciences Tools & Services - 35203010,World Large Blend Equity,International Equities - Unhedged,IEQStock
0.005866986590141839,CATALENT INC,Growth,International Shares,Global Shares,Global Shares,Health Care - 35,New York Stock Exchange Inc.,USD,United States,,Pharmaceuticals - 35202010,World Large Blend Equity,International Equities - Unhedged,IEQStock
0.004629064668975285,WHIRLPOOL CORP,Growth,International Shares,Global Shares,Global Shares,Consumer Discretionary - 25,New York Stock Exchange Inc.,USD,United States,,Household Appliances - 25201040,World Large Blend Equity,International Equities - Unhedged,IEQStock
0.007124335166656803,INVESCO LTD,Growth,International Shares,Global Shares,Global Shares,Financials - 40,New York Stock Exchange Inc.,USD,United States,,Asset Management & Custody Banks - 40203010,World Large Blend Equity,International Equities - Unhedged,IEQStock
0.005492269188281289,NORWEGIAN CRUISE LINE HOLDINGS LTD,Growth,International Shares,Global Shares,Global Shares,Consumer Discretionary - 25,New York Stock Exchange Inc.,USD,United States,,"Hotels, Resorts & Cruise Lines - 25301020",World Large Blend Equity,International Equities - Unhedged,IEQStock
0.006492051548678129,COMERICA INC,Growth,International Shares,Global Shares,Global Shares,Financials - 40,New York Stock Exchange Inc.,USD,United States,,Diversified Banks - 40101010,World Large Blend Equity,International Equities - Unhedged,IEQStock
0.002005484105193132,VF CORP,Growth,International Shares,Global Shares,Global Shares,Consumer Discretionary - 25,New York Stock Exchange Inc.,USD,United States,,"Apparel, Accessories & Luxury Goods - 25203010",World Large Blend Equity,International Equities - Unhedged,IEQStock
0.0036567032279308047,RALPH LAUREN CORP CLASS A,Growth,International Shares,Global Shares,Global Shares,Consumer Discretionary - 25,New York Stock Exchange Inc.,USD,United States,,"Apparel, Accessories & Luxury Goods - 25203010",World Large Blend Equity,International Equities - Unhedged,IEQStock
0.003168305608813222,MOHAWK INDUSTRIES INC,Growth,International Shares,Global Shares,Global Shares,Consumer Discretionary - 25,New York Stock Exchange Inc.,USD,United States,,Home Furnishings - 25201020,World Large Blend Equity,International Equities - Unhedged,IEQStock
0.002620274139232842,DAVITA INC,Growth,International Shares,Global Shares,Global Shares,Health Care - 35,New York Stock Exchange Inc.,USD,United States,,Health Care Services - 35102015,World Large Blend Equity,International Equities - Unhedged,IEQStock
0.008608683100468474,MELROSE INDUSTRIES PLC,Growth,International Shares,Global Shares,Global Shares,Energy - 10,New York Stock Exchange Inc.,USD,United States,,Oil & Gas Exploration & Production - 10102020,World Large Blend Equity,International Equities - Unhedged,IEQStock
0.01279204197579496,EQT,Growth,International Shares,Global Shares,Global Shares,Energy - 10,New York Stock Exchange Inc.,USD,United States,,Oil & Gas Exploration & Production - 10102020,World Large Blend Equity,International Equities - Unhedged,IEQStock
0.47503595808811905,BERKSHIRE HATHAWAY INC CLASS B,Growth,International Shares,Global Shares,Global Shares,Financials - 40,New York Stock Exchange Inc.,USD,United States,,Unknown,World Large Blend Equity,International Equities - Unhedged,IEQStock
0.2160632435669867,UNITEDHEALTH GROUP INC,Growth,International Shares,Global Shares,Global Shares,Health Care - 35,New York Stock Exchange Inc.,USD,United States,,Managed Health Care - 35102030,World Large Blend Equity,International Equities - Unhedged,IEQStock
0.33471059251844587,ELI LILLY,Growth,International Shares,Global Shares,Global Shares,Health Care - 35,New York Stock Exchange Inc.,USD,United States,,Pharmaceuticals - 35202010,World Large Blend Equity,International Equities - Unhedged,IEQStock
0.3052449247441155,EXXON MOBIL CORP,Growth,International Shares,Global Shares,Global Shares,Energy - 10,New York Stock Exchange Inc.,USD,United States,,Integrated Oil & Gas - 10102010,World Large Blend Equity,International Equities - Unhedged,IEQStock
0.44352449759972357,JPMORGAN CHASE & CO,Growth,International Shares,Global Shares,Global Shares,Financials - 40,New York Stock Exchange Inc.,USD,United States,,Diversified Banks - 40101010,World Large Blend Equity,International Equities - Unhedged,IEQStock
0.32928537680307285,VISA INC CLASS A,Growth,International Shares,Global Shares,Global Shares,Financials - 40,New York Stock Exchange Inc.,USD,United States,,Transaction & Payment Processing Services - 40201060,World Large Blend Equity,International Equities - Unhedged,IEQStock
0.3380209173975569,JOHNSON & JOHNSON,Growth,International Shares,Global Shares,Global Shares,Health Care - 35,New York Stock Exchange Inc.,USD,United States,,Pharmaceuticals - 35202010,World Large Blend Equity,International Equities - Unhedged,IEQStock
0.2318120434345063,PROCTER & GAMBLE,Growth,International Shares,Global Shares,Global Shares,Consumer Staples - 30,New York Stock Exchange Inc.,USD,United States,,Household Products - 30301010,World Large Blend Equity,International Equities - Unhedged,IEQStock
0.2797703852903879,MASTERCARD INC CLASS A,Growth,International Shares,Global Shares,Global Shares,Financials - 40,New York Stock Exchange Inc.,USD,United States,,Transaction & Payment Processing Services - 40201060,World Large Blend Equity,International Equities - Unhedged,IEQStock
0.2587853846345338,HOME DEPOT INC,Growth,International Shares,Global Shares,Global Shares,Consumer Discretionary - 25,New York Stock Exchange Inc.,USD,United States,,Home Improvement Retail - 25504030,World Large Blend Equity,International Equities - Unhedged,IEQStock
0.17799394183789055,MERCK & CO INC,Growth,International Shares,Global Shares,Global Shares,Health Care - 35,New York Stock Exchange Inc.,USD,United States,,Pharmaceuticals - 35202010,World Large Blend Equity,International Equities - Unhedged,IEQStock
0.20501252534210274,CHEVRON CORP,Growth,International Shares,Global Shares,Global Shares,Energy - 10,New York Stock Exchange Inc.,USD,United States,,Integrated Oil & Gas - 10102010,World Large Blend Equity,International Equities - Unhedged,IEQStock
0.23912592899637533,ABBVIE INC,Growth,International Shares,Global Shares,Global Shares,Health Care - 35,New York Stock Exchange Inc.,USD,United States,,Biotechnology - 35201010,World Large Blend Equity,International Equities - Unhedged,IEQStock
0.1709826578648968,WALMART INC,Growth,International Shares,Global Shares,Global Shares,Consumer Staples - 30,New York Stock Exchange Inc.,USD,United States,,Consumer Staples Merchandise Retail - 30101040,World Large Blend Equity,International Equities - Unhedged,IEQStock
0.18281635092291743,COCA-COLA,Growth,International Shares,Global Shares,Global Shares,Consumer Staples - 30,New York Stock Exchange Inc.,USD,United States,,Soft Drinks & Non-alcoholic Beverages - 30201030,World Large Blend Equity,International Equities - Unhedged,IEQStock
0.13735329714545863,SALESFORCE INC,Growth,International Shares,Global Shares,Global Shares,Information Technology - 45,New York Stock Exchange Inc.,USD,United States,,Application Software - 45103010,World Large Blend Equity,International Equities - Unhedged,IEQStock
0.11141037284050827,ACCENTURE PLC CLASS A,Growth,International Shares,Global Shares,Global Shares,Information Technology - 45,New York Stock Exchange Inc.,USD,United States,,IT Consulting & Other Services - 45102010,World Large Blend Equity,International Equities - Unhedged,IEQStock
0.16305931111685948,MCDONALDS CORP,Growth,International Shares,Global Shares,Global Shares,Consumer Discretionary - 25,New York Stock Exchange Inc.,USD,United States,,Restaurants - 25301040,World Large Blend Equity,International Equities - Unhedged,IEQStock
0.19375530799017382,BANK OF AMERICA CORP,Growth,International Shares,Global Shares,Global Shares,Financials - 40,New York Stock Exchange Inc.,USD,United States,,Diversified Banks - 40101010,World Large Blend Equity,International Equities - Unhedged,IEQStock
0.1400935548659011,THERMO FISHER SCIENTIFIC INC,Growth,International Shares,Global Shares,Global Shares,Health Care - 35,New York Stock Exchange Inc.,USD,United States,,Life Sciences Tools & Services - 35203010,World Large Blend Equity,International Equities - Unhedged,IEQStock
0.11149944217144231,PFIZER INC,Growth,International Shares,Global Shares,Global Shares,Health Care - 35,New York Stock Exchange Inc.,USD,United States,,Pharmaceuticals - 35202010,World Large Blend Equity,International Equities - Unhedged,IEQStock
0.15826059580195584,ORACLE CORP,Growth,International Shares,Global Shares,Global Shares,Information Technology - 45,New York Stock Exchange Inc.,USD,United States,,Systems Software - 45103020,World Large Blend Equity,International Equities - Unhedged,IEQStock
0.16347264306848383,ABBOTT LABORATORIES,Growth,International Shares,Global Shares,Global Shares,Health Care - 35,New York Stock Exchange Inc.,USD,United States,,Health Care Equipment - 35101010,World Large Blend Equity,International Equities - Unhedged,IEQStock
0.12701277904948818,WALT DISNEY,Growth,International Shares,Global Shares,Global Shares,Communication Services - 50,New York Stock Exchange Inc.,USD,United States,,Movies & Entertainment - 50202010,World Large Blend Equity,International Equities - Unhedged,IEQStock
0.13213712079246978,VERIZON COMMUNICATIONS INC,Growth,International Shares,Global Shares,Global Shares,Communication Services - 50,New York Stock Exchange Inc.,USD,United States,,Integrated Telecommunication Services - 50101020,World Large Blend Equity,International Equities - Unhedged,IEQStock
0.1497628725981128,WELLS FARGO,Growth,International Shares,Global Shares,Global Shares,Financials - 40,New York Stock Exchange Inc.,USD,United States,,Diversified Banks - 40101010,World Large Blend Equity,International Equities - Unhedged,IEQStock
0.1461571468439057,PHILIP MORRIS INTERNATIONAL INC,Growth,International Shares,Global Shares,Global Shares,Consumer Staples - 30,New York Stock Exchange Inc.,USD,United States,,Tobacco - 30203010,World Large Blend Equity,International Equities - Unhedged,IEQStock
0.09651886093180366,CONOCOPHILLIPS,Growth,International Shares,Global Shares,Global Shares,Energy - 10,New York Stock Exchange Inc.,USD,United States,,Oil & Gas Exploration & Production - 10102020,World Large Blend Equity,International Equities - Unhedged,IEQStock
0.11657512980472434,INTERNATIONAL BUSINESS MACHINES CO,Growth,International Shares,Global Shares,Global Shares,Information Technology - 45,New York Stock Exchange Inc.,USD,United States,,IT Consulting & Other Services - 45102010,World Large Blend Equity,International Equities - Unhedged,IEQStock
0.09306981594940596,NIKE INC CLASS B,Growth,International Shares,Global Shares,Global Shares,Consumer Discretionary - 25,New York Stock Exchange Inc.,USD,United States,,Footwear - 25203020,World Large Blend Equity,International Equities - Unhedged,IEQStock
0.09946834629205985,DANAHER CORP,Growth,International Shares,Global Shares,Global Shares,Health Care - 35,New York Stock Exchange Inc.,USD,United States,,Life Sciences Tools & Services - 35203010,World Large Blend Equity,International Equities - Unhedged,IEQStock
0.10318444496398745,UNION PACIFIC CORP,Growth,International Shares,Global Shares,Global Shares,Industrials - 20,New York Stock Exchange Inc.,USD,United States,,Rail Transportation - 20304010,World Large Blend Equity,International Equities - Unhedged,IEQStock
0.08862262821376972,SERVICENOW INC,Growth,International Shares,Global Shares,Global Shares,Information Technology - 45,New York Stock Exchange Inc.,USD,United States,,Systems Software - 45103020,World Large Blend Equity,International Equities - Unhedged,IEQStock
0.10963561978969208,S&P GLOBAL INC,Growth,International Shares,Global Shares,Global Shares,Financials - 40,New York Stock Exchange Inc.,USD,United States,,Financial Exchanges & Data - 40203040,World Large Blend Equity,International Equities - Unhedged,IEQStock
0.16426932746311793,GENERAL ELECTRIC,Growth,International Shares,Global Shares,Global Shares,Industrials - 20,New York Stock Exchange Inc.,USD,United States,,Industrial Conglomerates - 20105010,World Large Blend Equity,International Equities - Unhedged,IEQStock
0.12085551287001048,RTX CORP,Growth,International Shares,Global Shares,Global Shares,Industrials - 20,New York Stock Exchange Inc.,USD,United States,,Aerospace & Defense - 20101010,World Large Blend Equity,International Equities - Unhedged,IEQStock
0.12157599309251307,CATERPILLAR INC,Growth,International Shares,Global Shares,Global Shares,Industrials - 20,New York Stock Exchange Inc.,USD,United States,,Construction Machinery & Heavy Transportation Equipment - 20106010,World Large Blend Equity,International Equities - Unhedged,IEQStock
0.09148194655197626,NEXTERA ENERGY INC,Growth,International Shares,Global Shares,Global Shares,Utilities - 55,New York Stock Exchange Inc.,USD,United States,,Electric Utilities - 55101010,World Large Blend Equity,International Equities - Unhedged,IEQStock
0.09220346567005758,LOWES COMPANIES INC,Growth,International Shares,Global Shares,Global Shares,Consumer Discretionary - 25,New York Stock Exchange Inc.,USD,United States,,Home Improvement Retail - 25504030,World Large Blend Equity,International Equities - Unhedged,IEQStock
0.06169243292773021,BRISTOL MYERS SQUIBB,Growth,International Shares,Global Shares,Global Shares,Health Care - 35,New York Stock Exchange Inc.,USD,United States,,Pharmaceuticals - 35202010,World Large Blend Equity,International Equities - Unhedged,IEQStock
0.12068764290442288,BOEING,Growth,International Shares,Global Shares,Global Shares,Industrials - 20,New York Stock Exchange Inc.,USD,United States,,Aerospace & Defense - 20101010,World Large Blend Equity,International Equities - Unhedged,IEQStock
0.06879760390177336,ELEVANCE HEALTH INC,Growth,International Shares,Global Shares,Global Shares,Health Care - 35,New York Stock Exchange Inc.,USD,United States,,Managed Health Care - 35102030,World Large Blend Equity,International Equities - Unhedged,IEQStock
0.11846647449558435,GOLDMAN SACHS GROUP INC,Growth,International Shares,Global Shares,Global Shares,Financials - 40,New York Stock Exchange Inc.,USD,United States,,Investment Banking & Brokerage - 40203020,World Large Blend Equity,International Equities - Unhedged,IEQStock
0.08363016792810538,TJX INC,Growth,International Shares,Global Shares,Global Shares,Consumer Discretionary - 25,New York Stock Exchange Inc.,USD,United States,,Apparel Retail - 25504010,World Large Blend Equity,International Equities - Unhedged,IEQStock
0.057200927933895696,UNITED PARCEL SERVICE INC CLASS B,Growth,International Shares,Global Shares,Global Shares,Industrials - 20,New York Stock Exchange Inc.,USD,United States,,Air Freight & Logistics - 20301010,World Large Blend Equity,International Equities - Unhedged,IEQStock
0.06667755783151884,LOCKHEED MARTIN CORP,Growth,International Shares,Global Shares,Global Shares,Industrials - 20,New York Stock Exchange Inc.,USD,United States,,Aerospace & Defense - 20101010,World Large Blend Equity,International Equities - Unhedged,IEQStock
0.08676095102371639,DEERE,Growth,International Shares,Global Shares,Global Shares,Industrials - 20,New York Stock Exchange Inc.,USD,United States,,Agricultural & Farm Machinery - 20106015,World Large Blend Equity,International Equities - Unhedged,IEQStock
0.09584395536677721,MEDTRONIC PLC,Growth,International Shares,Global Shares,Global Shares,Health Care - 35,New York Stock Exchange Inc.,USD,United States,,Health Care Equipment - 35101010,World Large Blend Equity,International Equities - Unhedged,IEQStock
0.09873756709710886,MORGAN STANLEY,Growth,International Shares,Global Shares,Global Shares,Financials - 40,New York Stock Exchange Inc.,USD,United States,,Investment Banking & Brokerage - 40203020,World Large Blend Equity,International Equities - Unhedged,IEQStock
0.09492107538844266,PROLOGIS REIT INC,Growth,International Shares,Global Shares,Global Shares,Real Estate - 60,New York Stock Exchange Inc.,USD,United States,,Industrial REITs - 60102510,World Large Blend Equity,International Equities - Unhedged,IEQStock
0.06614739861133948,MARSH & MCLENNAN INC,Growth,International Shares,Global Shares,Global Shares,Financials - 40,New York Stock Exchange Inc.,USD,United States,,Insurance Brokers - 40301010,World Large Blend Equity,International Equities - Unhedged,IEQStock
0.07730705414137863,STRYKER CORP,Growth,International Shares,Global Shares,Global Shares,Health Care - 35,New York Stock Exchange Inc.,USD,United States,,Health Care Equipment - 35101010,World Large Blend Equity,International Equities - Unhedged,IEQStock
0.07039126233137878,PROGRESSIVE CORP,Growth,International Shares,Global Shares,Global Shares,Financials - 40,New York Stock Exchange Inc.,USD,United States,,Property & Casualty Insurance - 40301040,World Large Blend Equity,International Equities - Unhedged,IEQStock
0.08757405052768343,BLACKROCK INC,Growth,International Shares,Global Shares,Global Shares,Financials - 40,New York Stock Exchange Inc.,USD,United States,,Asset Management & Custody Banks - 40203010,World Large Blend Equity,International Equities - Unhedged,IEQStock
0.12051693743559351,CVS HEALTH CORP,Growth,International Shares,Global Shares,Global Shares,Health Care - 35,New York Stock Exchange Inc.,USD,United States,,Health Care Services - 35102015,World Large Blend Equity,International Equities - Unhedged,IEQStock
0.06513286657520745,CHUBB LTD,Growth,International Shares,Global Shares,Global Shares,Financials - 40,New York Stock Exchange Inc.,USD,United States,,Property & Casualty Insurance - 40301040,World Large Blend Equity,International Equities - Unhedged,IEQStock
0.08572741566854503,AMERICAN EXPRESS,Growth,International Shares,Global Shares,Global Shares,Financials - 40,New York Stock Exchange Inc.,USD,United States,,Consumer Finance - 40202010,World Large Blend Equity,International Equities - Unhedged,IEQStock
0.07128323739995975,CIGNA,Growth,International Shares,Global Shares,Global Shares,Health Care - 35,New York Stock Exchange Inc.,USD,United States,,Health Care Services - 35102015,World Large Blend Equity,International Equities - Unhedged,IEQStock
0.07903832490103724,AMERICAN TOWER REIT CORP,Growth,International Shares,Global Shares,Global Shares,Real Estate - 60,New York Stock Exchange Inc.,USD,United States,,Telecom Tower REITs - 60108030,World Large Blend Equity,International Equities - Unhedged,IEQStock
0.07182123484549749,EATON PLC,Growth,International Shares,Global Shares,Global Shares,Industrials - 20,New York Stock Exchange Inc.,USD,United States,,Electrical Components & Equipment - 20104010,World Large Blend Equity,International Equities - Unhedged,IEQStock
0.0920887172213444,CHARLES SCHWAB CORP,Growth,International Shares,Global Shares,Global Shares,Financials - 40,New York Stock Exchange Inc.,USD,United States,,Investment Banking & Brokerage - 40203020,World Large Blend Equity,International Equities - Unhedged,IEQStock
0.10146461879084363,CITIGROUP INC,Growth,International Shares,Global Shares,Global Shares,Financials - 40,New York Stock Exchange Inc.,USD,United States,,Diversified Banks - 40101010,World Large Blend Equity,International Equities - Unhedged,IEQStock
0.06007148746475381,ZOETIS INC CLASS A,Growth,International Shares,Global Shares,Global Shares,Health Care - 35,New York Stock Exchange Inc.,USD,United States,,Pharmaceuticals - 35202010,World Large Blend Equity,International Equities - Unhedged,IEQStock
0.07055585415449173,BOSTON SCIENTIFIC CORP,Growth,International Shares,Global Shares,Global Shares,Health Care - 35,New York Stock Exchange Inc.,USD,United States,,Health Care Equipment - 35101010,World Large Blend Equity,International Equities - Unhedged,IEQStock
0.04919829269901401,SCHLUMBERGER NV,Growth,International Shares,Global Shares,Global Shares,Energy - 10,New York Stock Exchange Inc.,USD,United States,,Oil & Gas Equipment & Services - 10101020,World Large Blend Equity,International Equities - Unhedged,IEQStock
0.0637876127213989,SOUTHERN,Growth,International Shares,Global Shares,Global Shares,Utilities - 55,New York Stock Exchange Inc.,USD,United States,,Electric Utilities - 55101010,World Large Blend Equity,International Equities - Unhedged,IEQStock
0.043552967379118714,BECTON DICKINSON,Growth,International Shares,Global Shares,Global Shares,Health Care - 35,New York Stock Exchange Inc.,USD,United States,,Health Care Equipment - 35101010,World Large Blend Equity,International Equities - Unhedged,IEQStock
0.038268591055810375,FISERV INC,Growth,International Shares,Global Shares,Global Shares,Financials - 40,New York Stock Exchange Inc.,USD,United States,,Transaction & Payment Processing Services - 40201060,World Large Blend Equity,International Equities - Unhedged,IEQStock
0.06581089128408078,ALTRIA GROUP INC,Growth,International Shares,Global Shares,Global Shares,Consumer Staples - 30,New York Stock Exchange Inc.,USD,United States,,Tobacco - 30203010,World Large Blend Equity,International Equities - Unhedged,IEQStock
0.04924061817165972,EOG RESOURCES INC,Growth,International Shares,Global Shares,Global Shares,Energy - 10,New York Stock Exchange Inc.,USD,United States,,Oil & Gas Exploration & Production - 10102020,World Large Blend Equity,International Equities - Unhedged,IEQStock
0.06220937978209024,BLACKSTONE INC,Growth,International Shares,Global Shares,Global Shares,Financials - 40,New York Stock Exchange Inc.,USD,United States,,Asset Management & Custody Banks - 40203010,World Large Blend Equity,International Equities - Unhedged,IEQStock
0.06144510323800483,DUKE ENERGY CORP,Growth,International Shares,Global Shares,Global Shares,Utilities - 55,New York Stock Exchange Inc.,USD,United States,,Electric Utilities - 55101010,World Large Blend Equity,International Equities - Unhedged,IEQStock
0.06079937145558437,NORTHROP GRUMMAN CORP,Growth,International Shares,Global Shares,Global Shares,Industrials - 20,New York Stock Exchange Inc.,USD,United States,,Aerospace & Defense - 20101010,World Large Blend Equity,International Equities - Unhedged,IEQStock
0.043599285713155946,AON PLC CLASS A,Growth,International Shares,Global Shares,Global Shares,Financials - 40,New York Stock Exchange Inc.,USD,United States,,Insurance Brokers - 40301010,World Large Blend Equity,International Equities - Unhedged,IEQStock
0.053440889011007194,ILLINOIS TOOL INC,Growth,International Shares,Global Shares,Global Shares,Industrials - 20,New York Stock Exchange Inc.,USD,United States,,Industrial Machinery & Supplies & Components - 20106020,World Large Blend Equity,International Equities - Unhedged,IEQStock
0.05106079774120749,WASTE MANAGEMENT INC,Growth,International Shares,Global Shares,Global Shares,Industrials - 20,New York Stock Exchange Inc.,USD,United States,,Environmental & Facilities Services - 20201050,World Large Blend Equity,International Equities - Unhedged,IEQStock
0.04471861299554403,COLGATE-PALMOLIVE,Growth,International Shares,Global Shares,Global Shares,Consumer Staples - 30,New York Stock Exchange Inc.,USD,United States,,Household Products - 30301010,World Large Blend Equity,International Equities - Unhedged,IEQStock
0.0606817090027923,INTERCONTINENTAL EXCHANGE INC,Growth,International Shares,Global Shares,Global Shares,Financials - 40,New York Stock Exchange Inc.,USD,United States,,Financial Exchanges & Data - 40203040,World Large Blend Equity,International Equities - Unhedged,IEQStock
0.05483436500359303,MCKESSON CORP,Growth,International Shares,Global Shares,Global Shares,Health Care - 35,New York Stock Exchange Inc.,USD,United States,,Health Care Distributors - 35102010,World Large Blend Equity,International Equities - Unhedged,IEQStock
0.04766373287391247,HUMANA INC,Growth,International Shares,Global Shares,Global Shares,Health Care - 35,New York Stock Exchange Inc.,USD,United States,,Managed Health Care - 35102030,World Large Blend Equity,International Equities - Unhedged,IEQStock
0.05510263176502496,SHERWIN WILLIAMS,Growth,International Shares,Global Shares,Global Shares,Materials - 15,New York Stock Exchange Inc.,USD,United States,,Specialty Chemicals - 15101050,World Large Blend Equity,International Equities - Unhedged,IEQStock
0.054966655094981595,MARATHON PETROLEUM CORP,Growth,International Shares,Global Shares,Global Shares,Energy - 10,New York Stock Exchange Inc.,USD,United States,,Oil & Gas Refining & Marketing - 10102030,World Large Blend Equity,International Equities - Unhedged,IEQStock
0.029817998739585475,CHIPOTLE MEXICAN GRILL INC,Growth,International Shares,Global Shares,Global Shares,Consumer Discretionary - 25,New York Stock Exchange Inc.,USD,United States,,Restaurants - 25301040,World Large Blend Equity,International Equities - Unhedged,IEQStock
0.043266639755232025,AIR PRODUCTS AND CHEMICALS INC,Growth,International Shares,Global Shares,Global Shares,Materials - 15,New York Stock Exchange Inc.,USD,United States,,Industrial Gases - 15101040,World Large Blend Equity,International Equities - Unhedged,IEQStock
0.03270887203013869,FEDEX CORP,Growth,International Shares,Global Shares,Global Shares,Industrials - 20,New York Stock Exchange Inc.,USD,United States,,Air Freight & Logistics - 20301010,World Large Blend Equity,International Equities - Unhedged,IEQStock
0.049054887897738673,GENERAL DYNAMICS CORP,Growth,International Shares,Global Shares,Global Shares,Industrials - 20,New York Stock Exchange Inc.,USD,United States,,Aerospace & Defense - 20101010,World Large Blend Equity,International Equities - Unhedged,IEQStock
0.03697884703679967,PIONEER NATURAL RESOURCE,Growth,International Shares,Global Shares,Global Shares,Energy - 10,New York Stock Exchange Inc.,USD,United States,,Oil & Gas Exploration & Production - 10102020,World Large Blend Equity,International Equities - Unhedged,IEQStock
0.04936797104121618,US BANCORP,Growth,International Shares,Global Shares,Global Shares,Financials - 40,New York Stock Exchange Inc.,USD,United States,,Diversified Banks - 40101010,World Large Blend Equity,International Equities - Unhedged,IEQStock
0.05271240209280106,ARISTA NETWORKS INC,Growth,International Shares,Global Shares,Global Shares,Information Technology - 45,New York Stock Exchange Inc.,USD,United States,,Communications Equipment - 45201020,World Large Blend Equity,International Equities - Unhedged,IEQStock
0.045947966541408584,MOODYS CORP,Growth,International Shares,Global Shares,Global Shares,Financials - 40,New York Stock Exchange Inc.,USD,United States,,Financial Exchanges & Data - 40203040,World Large Blend Equity,International Equities - Unhedged,IEQStock
0.03640713575282002,ARTHUR J GALLAGHER,Growth,International Shares,Global Shares,Global Shares,Financials - 40,New York Stock Exchange Inc.,USD,United States,,Insurance Brokers - 40301010,World Large Blend Equity,International Equities - Unhedged,IEQStock
0.050940789254124076,PARKER-HANNIFIN CORP,Growth,International Shares,Global Shares,Global Shares,Industrials - 20,New York Stock Exchange Inc.,USD,United States,,Industrial Machinery & Supplies & Components - 20106020,World Large Blend Equity,International Equities - Unhedged,IEQStock
0.051407069125596234,3M,Growth,International Shares,Global Shares,Global Shares,Industrials - 20,New York Stock Exchange Inc.,USD,United States,,Industrial Conglomerates - 20105010,World Large Blend Equity,International Equities - Unhedged,IEQStock
0.03231456395317498,TARGET CORP,Growth,International Shares,Global Shares,Global Shares,Consumer Staples - 30,New York Stock Exchange Inc.,USD,United States,,Consumer Staples Merchandise Retail - 30101040,World Large Blend Equity,International Equities - Unhedged,IEQStock
0.03779725693054613,MOTOROLA SOLUTIONS INC,Growth,International Shares,Global Shares,Global Shares,Information Technology - 45,New York Stock Exchange Inc.,USD,United States,,Communications Equipment - 45201020,World Large Blend Equity,International Equities - Unhedged,IEQStock
0.050027017809610115,PHILLIPS,Growth,International Shares,Global Shares,Global Shares,Energy - 10,New York Stock Exchange Inc.,USD,United States,,Oil & Gas Refining & Marketing - 10102030,World Large Blend Equity,International Equities - Unhedged,IEQStock
0.062421489769024785,AMPHENOL CORP CLASS A,Growth,International Shares,Global Shares,Global Shares,Information Technology - 45,New York Stock Exchange Inc.,USD,United States,,Electronic Components - 45203015,World Large Blend Equity,International Equities - Unhedged,IEQStock
0.04481005583591035,TRANE TECHNOLOGIES PLC,Growth,International Shares,Global Shares,Global Shares,Industrials - 20,New York Stock Exchange Inc.,USD,United States,,Building Products - 20102010,World Large Blend Equity,International Equities - Unhedged,IEQStock
0.043958810244092546,TRANSDIGM GROUP INC,Growth,International Shares,Global Shares,Global Shares,Industrials - 20,New York Stock Exchange Inc.,USD,United States,,Aerospace & Defense - 20101010,World Large Blend Equity,International Equities - Unhedged,IEQStock
0.04974933768283092,FREEPORT MCMORAN INC,Growth,International Shares,Global Shares,Global Shares,Materials - 15,New York Stock Exchange Inc.,USD,United States,,Copper - 15104025,World Large Blend Equity,International Equities - Unhedged,IEQStock
0.04241656848717688,EMERSON ELECTRIC,Growth,International Shares,Global Shares,Global Shares,Industrials - 20,New York Stock Exchange Inc.,USD,United States,,Electrical Components & Equipment - 20104010,World Large Blend Equity,International Equities - Unhedged,IEQStock
0.04102783801334642,AUTOZONE INC,Growth,International Shares,Global Shares,Global Shares,Consumer Discretionary - 25,New York Stock Exchange Inc.,USD,United States,,Automotive Retail - 25504050,World Large Blend Equity,International Equities - Unhedged,IEQStock
0.04895565404320604,PNC FINANCIAL SERVICES GROUP INC,Growth,International Shares,Global Shares,Global Shares,Financials - 40,New York Stock Exchange Inc.,USD,United States,,Diversified Banks - 40101010,World Large Blend Equity,International Equities - Unhedged,IEQStock
0.05359670182493333,HCA HEALTHCARE INC,Growth,International Shares,Global Shares,Global Shares,Health Care - 35,New York Stock Exchange Inc.,USD,United States,,Health Care Facilities - 35102020,World Large Blend Equity,International Equities - Unhedged,IEQStock
0.03212641914509298,SEMPRA,Growth,International Shares,Global Shares,Global Shares,Utilities - 55,New York Stock Exchange Inc.,USD,United States,,Multi-Utilities - 55103010,World Large Blend Equity,International Equities - Unhedged,IEQStock
0.03812916112889965,AMERICAN INTERNATIONAL GROUP INC,Growth,International Shares,Global Shares,Global Shares,Financials - 40,New York Stock Exchange Inc.,USD,United States,,Multi-line Insurance - 40301030,World Large Blend Equity,International Equities - Unhedged,IEQStock
0.04557742939851423,WELLTOWER INC,Growth,International Shares,Global Shares,Global Shares,Real Estate - 60,New York Stock Exchange Inc.,USD,United States,,Health Care REITs - 60105010,World Large Blend Equity,International Equities - Unhedged,IEQStock
0.040357511554514405,ECOLAB INC,Growth,International Shares,Global Shares,Global Shares,Materials - 15,New York Stock Exchange Inc.,USD,United States,,Specialty Chemicals - 15101050,World Large Blend Equity,International Equities - Unhedged,IEQStock
0.04411307027423605,NORFOLK SOUTHERN CORP,Growth,International Shares,Global Shares,Global Shares,Industrials - 20,New York Stock Exchange Inc.,USD,United States,,Rail Transportation - 20304010,World Large Blend Equity,International Equities - Unhedged,IEQStock
0.03232431698634403,AFLAC INC,Growth,International Shares,Global Shares,Global Shares,Financials - 40,New York Stock Exchange Inc.,USD,United States,,Life & Health Insurance - 40301020,World Large Blend Equity,International Equities - Unhedged,IEQStock
0.03879893573870577,VALERO ENERGY CORP,Growth,International Shares,Global Shares,Global Shares,Energy - 10,New York Stock Exchange Inc.,USD,United States,,Oil & Gas Refining & Marketing - 10102030,World Large Blend Equity,International Equities - Unhedged,IEQStock
0.03346365957614088,WILLIAMS INC,Growth,International Shares,Global Shares,Global Shares,Energy - 10,New York Stock Exchange Inc.,USD,United States,,Oil & Gas Storage & Transportation - 10102040,World Large Blend Equity,International Equities - Unhedged,IEQStock
0.032604126666808,CARRIER GLOBAL CORP,Growth,International Shares,Global Shares,Global Shares,Industrials - 20,New York Stock Exchange Inc.,USD,United States,,Building Products - 20102010,World Large Blend Equity,International Equities - Unhedged,IEQStock
0.03728599073019263,CROWN CASTLE INC,Growth,International Shares,Global Shares,Global Shares,Real Estate - 60,New York Stock Exchange Inc.,USD,United States,,Telecom Tower REITs - 60108030,World Large Blend Equity,International Equities - Unhedged,IEQStock
0.03812558858034878,HILTON WORLDWIDE HOLDINGS INC,Growth,International Shares,Global Shares,Global Shares,Consumer Discretionary - 25,New York Stock Exchange Inc.,USD,United States,,"Hotels, Resorts & Cruise Lines - 25301020",World Large Blend Equity,International Equities - Unhedged,IEQStock
0.031046875294975296,KIMBERLY CLARK CORP,Growth,International Shares,Global Shares,Global Shares,Consumer Staples - 30,New York Stock Exchange Inc.,USD,United States,,Household Products - 30301010,World Large Blend Equity,International Equities - Unhedged,IEQStock
0.03991124062385807,TRUIST FINANCIAL CORP,Growth,International Shares,Global Shares,Global Shares,Financials - 40,New York Stock Exchange Inc.,USD,United States,,Regional Banks - 40101015,World Large Blend Equity,International Equities - Unhedged,IEQStock
0.03437946528715614,EDWARDS LIFESCIENCES CORP,Growth,International Shares,Global Shares,Global Shares,Health Care - 35,New York Stock Exchange Inc.,USD,United States,,Health Care Equipment - 35101010,World Large Blend Equity,International Equities - Unhedged,IEQStock
0.04711941242542424,CAPITAL ONE FINANCIAL CORP,Growth,International Shares,Global Shares,Global Shares,Financials - 40,New York Stock Exchange Inc.,USD,United States,,Consumer Finance - 40202010,World Large Blend Equity,International Equities - Unhedged,IEQStock
0.040581914183975096,FORD MOTOR CO,Growth,International Shares,Global Shares,Global Shares,Consumer Discretionary - 25,New York Stock Exchange Inc.,USD,United States,,Automobile Manufacturers - 25102010,World Large Blend Equity,International Equities - Unhedged,IEQStock
0.027409009503246467,OCCIDENTAL PETROLEUM CORP,Growth,International Shares,Global Shares,Global Shares,Energy - 10,New York Stock Exchange Inc.,USD,United States,,Integrated Oil & Gas - 10102010,World Large Blend Equity,International Equities - Unhedged,IEQStock
0.031135304388049394,HESS CORP,Growth,International Shares,Global Shares,Global Shares,Energy - 10,New York Stock Exchange Inc.,USD,United States,,Oil & Gas Exploration & Production - 10102020,World Large Blend Equity,International Equities - Unhedged,IEQStock
0.029605909316517943,MSCI INC,Growth,International Shares,Global Shares,Global Shares,Financials - 40,New York Stock Exchange Inc.,USD,United States,,Financial Exchanges & Data - 40203040,World Large Blend Equity,International Equities - Unhedged,IEQStock
0.041085176089115556,TE CONNECTIVITY LTD,Growth,International Shares,Global Shares,Global Shares,Information Technology - 45,New York Stock Exchange Inc.,USD,United States,,Electronic Manufacturing Services - 45203020,World Large Blend Equity,International Equities - Unhedged,IEQStock
0.03358145013842508,PUBLIC STORAGE REIT,Growth,International Shares,Global Shares,Global Shares,Real Estate - 60,New York Stock Exchange Inc.,USD,United States,,Self-Storage REITs - 60108020,World Large Blend Equity,International Equities - Unhedged,IEQStock
0.020843558959761022,CONSTELLATION BRANDS INC CLASS A,Growth,International Shares,Global Shares,Global Shares,Consumer Staples - 30,New York Stock Exchange Inc.,USD,United States,,Distillers & Vintners - 30201020,World Large Blend Equity,International Equities - Unhedged,IEQStock
0.040671872496453855,GENERAL MOTORS,Growth,International Shares,Global Shares,Global Shares,Consumer Discretionary - 25,New York Stock Exchange Inc.,USD,United States,,Automobile Manufacturers - 25102010,World Large Blend Equity,International Equities - Unhedged,IEQStock
0.035267100639160644,TRAVELERS COMPANIES INC,Growth,International Shares,Global Shares,Global Shares,Financials - 40,New York Stock Exchange Inc.,USD,United States,,Property & Casualty Insurance - 40301040,World Large Blend Equity,International Equities - Unhedged,IEQStock
0.013635697462334145,CENTENE CORP,Growth,International Shares,Global Shares,Global Shares,Health Care - 35,New York Stock Exchange Inc.,USD,United States,,Managed Health Care - 35102030,World Large Blend Equity,International Equities - Unhedged,IEQStock
0.026890907075678528,DIGITAL REALTY TRUST REIT INC,Growth,International Shares,Global Shares,Global Shares,Real Estate - 60,New York Stock Exchange Inc.,USD,United States,,Data Center REITs - 60108050,World Large Blend Equity,International Equities - Unhedged,IEQStock
0.03174248554337381,ARCHER DANIELS MIDLAND,Growth,International Shares,Global Shares,Global Shares,Consumer Staples - 30,New York Stock Exchange Inc.,USD,United States,,Agricultural Products & Services - 30202010,World Large Blend Equity,International Equities - Unhedged,IEQStock
0.03163519291474055,DOMINION ENERGY INC,Growth,International Shares,Global Shares,Global Shares,Utilities - 55,New York Stock Exchange Inc.,USD,United States,,Multi-Utilities - 55103010,World Large Blend Equity,International Equities - Unhedged,IEQStock
0.019803740267219868,GENERAL MILLS INC,Growth,International Shares,Global Shares,Global Shares,Consumer Staples - 30,New York Stock Exchange Inc.,USD,United States,,Packaged Foods & Meats - 30202030,World Large Blend Equity,International Equities - Unhedged,IEQStock
0.031091079764058234,METLIFE INC,Growth,International Shares,Global Shares,Global Shares,Financials - 40,New York Stock Exchange Inc.,USD,United States,,Life & Health Insurance - 40301020,World Large Blend Equity,International Equities - Unhedged,IEQStock
0.03580922311668609,SIMON PROPERTY GROUP REIT INC,Growth,International Shares,Global Shares,Global Shares,Real Estate - 60,New York Stock Exchange Inc.,USD,United States,,Retail REITs - 60107010,World Large Blend Equity,International Equities - Unhedged,IEQStock
0.02163993515684004,ONEOK INC,Growth,International Shares,Global Shares,Global Shares,Energy - 10,New York Stock Exchange Inc.,USD,United States,,Oil & Gas Storage & Transportation - 10102040,World Large Blend Equity,International Equities - Unhedged,IEQStock
0.03987431247577187,NUCOR CORP,Growth,International Shares,Global Shares,Global Shares,Materials - 15,New York Stock Exchange Inc.,USD,United States,,Steel - 15104050,World Large Blend Equity,International Equities - Unhedged,IEQStock
0.0379272938579079,D R HORTON INC,Growth,International Shares,Global Shares,Global Shares,Consumer Discretionary - 25,New York Stock Exchange Inc.,USD,United States,,Homebuilding - 25201030,World Large Blend Equity,International Equities - Unhedged,IEQStock
0.027620179059557538,IQVIA HOLDINGS INC,Growth,International Shares,Global Shares,Global Shares,Health Care - 35,New York Stock Exchange Inc.,USD,United States,,Life Sciences Tools & Services - 35203010,World Large Blend Equity,International Equities - Unhedged,IEQStock
0.03442404558452873,REALTY INCOME REIT CORP,Growth,International Shares,Global Shares,Global Shares,Real Estate - 60,New York Stock Exchange Inc.,USD,United States,,Retail REITs - 60107010,World Large Blend Equity,International Equities - Unhedged,IEQStock
0.028045175875525248,YUM BRANDS INC,Growth,International Shares,Global Shares,Global Shares,Consumer Discretionary - 25,New York Stock Exchange Inc.,USD,United States,,Restaurants - 25301040,World Large Blend Equity,International Equities - Unhedged,IEQStock
0.02963980835847195,CORTEVA INC,Growth,International Shares,Global Shares,Global Shares,Materials - 15,New York Stock Exchange Inc.,USD,United States,,Fertilizers & Agricultural Chemicals - 15101030,World Large Blend Equity,International Equities - Unhedged,IEQStock
0.02153833890075089,PG&E CORP,Growth,International Shares,Global Shares,Global Shares,Utilities - 55,New York Stock Exchange Inc.,USD,United States,,Electric Utilities - 55101010,World Large Blend Equity,International Equities - Unhedged,IEQStock
0.0390969698043237,BANK OF NEW YORK MELLON CORP,Growth,International Shares,Global Shares,Global Shares,Financials - 40,New York Stock Exchange Inc.,USD,United States,,Asset Management & Custody Banks - 40203010,World Large Blend Equity,International Equities - Unhedged,IEQStock
0.03852165950124761,JOHNSON CONTROLS INTERNATIONAL PLC,Growth,International Shares,Global Shares,Global Shares,Industrials - 20,New York Stock Exchange Inc.,USD,United States,,Building Products - 20102010,World Large Blend Equity,International Equities - Unhedged,IEQStock
0.037554570149530744,L3HARRIS TECHNOLOGIES INC,Growth,International Shares,Global Shares,Global Shares,Industrials - 20,New York Stock Exchange Inc.,USD,United States,,Aerospace & Defense - 20101010,World Large Blend Equity,International Equities - Unhedged,IEQStock
0.024615862862013425,WW GRAINGER INC,Growth,International Shares,Global Shares,Global Shares,Industrials - 20,New York Stock Exchange Inc.,USD,United States,,Trading Companies & Distributors - 20107010,World Large Blend Equity,International Equities - Unhedged,IEQStock
0.027503912024570764,AMERIPRISE FINANCE INC,Growth,International Shares,Global Shares,Global Shares,Financials - 40,New York Stock Exchange Inc.,USD,United States,,Asset Management & Custody Banks - 40203010,World Large Blend Equity,International Equities - Unhedged,IEQStock
0.029937099549802483,SYSCO CORP,Growth,International Shares,Global Shares,Global Shares,Consumer Staples - 30,New York Stock Exchange Inc.,USD,United States,,Food Distributors - 30101020,World Large Blend Equity,International Equities - Unhedged,IEQStock
0.01745843321735848,DOW INC,Growth,International Shares,Global Shares,Global Shares,Materials - 15,New York Stock Exchange Inc.,USD,United States,,Commodity Chemicals - 15101010,World Large Blend Equity,International Equities - Unhedged,IEQStock
0.019023491513202415,HALLIBURTON,Growth,International Shares,Global Shares,Global Shares,Energy - 10,New York Stock Exchange Inc.,USD,United States,,Oil & Gas Equipment & Services - 10101020,World Large Blend Equity,International Equities - Unhedged,IEQStock
0.03001810032293764,ALLSTATE CORP,Growth,International Shares,Global Shares,Global Shares,Financials - 40,New York Stock Exchange Inc.,USD,United States,,Property & Casualty Insurance - 40301040,World Large Blend Equity,International Equities - Unhedged,IEQStock
0.026245516472618684,AMETEK INC,Growth,International Shares,Global Shares,Global Shares,Industrials - 20,New York Stock Exchange Inc.,USD,United States,,Electrical Components & Equipment - 20104010,World Large Blend Equity,International Equities - Unhedged,IEQStock
0.0248333175975107,KENVUE INC,Growth,International Shares,Global Shares,Global Shares,Consumer Staples - 30,New York Stock Exchange Inc.,USD,United States,,Personal Care Products - 30302010,World Large Blend Equity,International Equities - Unhedged,IEQStock
0.023878543821774324,OTIS WORLDWIDE CORP,Growth,International Shares,Global Shares,Global Shares,Industrials - 20,New York Stock Exchange Inc.,USD,United States,,Industrial Machinery & Supplies & Components - 20106020,World Large Blend Equity,International Equities - Unhedged,IEQStock
0.033226953294124464,CENCORA INC,Growth,International Shares,Global Shares,Global Shares,Health Care - 35,New York Stock Exchange Inc.,USD,United States,,Health Care Distributors - 35102010,World Large Blend Equity,International Equities - Unhedged,IEQStock
0.02660735629828014,AGILENT TECHNOLOGIES INC,Growth,International Shares,Global Shares,Global Shares,Health Care - 35,New York Stock Exchange Inc.,USD,United States,,Life Sciences Tools & Services - 35203010,World Large Blend Equity,International Equities - Unhedged,IEQStock
0.025208320150128277,KINDER MORGAN INC,Growth,International Shares,Global Shares,Global Shares,Energy - 10,New York Stock Exchange Inc.,USD,United States,,Oil & Gas Storage & Transportation - 10102040,World Large Blend Equity,International Equities - Unhedged,IEQStock
0.02646521168551711,REPUBLIC SERVICES INC,Growth,International Shares,Global Shares,Global Shares,Industrials - 20,New York Stock Exchange Inc.,USD,United States,,Environmental & Facilities Services - 20201050,World Large Blend Equity,International Equities - Unhedged,IEQStock
0.02295616979830015,DUPONT DE NEMOURS INC,Growth,International Shares,Global Shares,Global Shares,Materials - 15,New York Stock Exchange Inc.,USD,United States,,Specialty Chemicals - 15101050,World Large Blend Equity,International Equities - Unhedged,IEQStock
0.011798735286838372,GARTNER INC,Growth,International Shares,Global Shares,Global Shares,Information Technology - 45,New York Stock Exchange Inc.,USD,United States,,IT Consulting & Other Services - 45102010,World Large Blend Equity,International Equities - Unhedged,IEQStock
0.0292609264133639,CUMMINS INC,Growth,International Shares,Global Shares,Global Shares,Industrials - 20,New York Stock Exchange Inc.,USD,United States,,Construction Machinery & Heavy Transportation Equipment - 20106010,World Large Blend Equity,International Equities - Unhedged,IEQStock
0.022174447419647057,PUBLIC SERVICE ENTERPRISE GROUP IN,Growth,International Shares,Global Shares,Global Shares,Utilities - 55,New York Stock Exchange Inc.,USD,United States,,Multi-Utilities - 55103010,World Large Blend Equity,International Equities - Unhedged,IEQStock
0.025051472129413756,CONSOLIDATED EDISON INC,Growth,International Shares,Global Shares,Global Shares,Utilities - 55,New York Stock Exchange Inc.,USD,United States,,Multi-Utilities - 55103010,World Large Blend Equity,International Equities - Unhedged,IEQStock
0.024994372352545105,LENNAR A CORP,Growth,International Shares,Global Shares,Global Shares,Consumer Discretionary - 25,New York Stock Exchange Inc.,USD,United States,,Homebuilding - 25201030,World Large Blend Equity,International Equities - Unhedged,IEQStock
0.022126874796193272,FIDELITY NATIONAL INFORMATION SERV,Growth,International Shares,Global Shares,Global Shares,Financials - 40,New York Stock Exchange Inc.,USD,United States,,Transaction & Payment Processing Services - 40201060,World Large Blend Equity,International Equities - Unhedged,IEQStock
0.023839014974484974,PPG INDUSTRIES INC,Growth,International Shares,Global Shares,Global Shares,Materials - 15,New York Stock Exchange Inc.,USD,United States,,Specialty Chemicals - 15101050,World Large Blend Equity,International Equities - Unhedged,IEQStock
0.03475528353963173,UNITED RENTALS INC,Growth,International Shares,Global Shares,Global Shares,Industrials - 20,New York Stock Exchange Inc.,USD,United States,,Trading Companies & Distributors - 20107010,World Large Blend Equity,International Equities - Unhedged,IEQStock
0.025245814030834562,KROGER,Growth,International Shares,Global Shares,Global Shares,Consumer Staples - 30,New York Stock Exchange Inc.,USD,United States,,Food Retail - 30101030,World Large Blend Equity,International Equities - Unhedged,IEQStock
0.030764065314400547,ROCKWELL AUTOMATION INC,Growth,International Shares,Global Shares,Global Shares,Industrials - 20,New York Stock Exchange Inc.,USD,United States,,Electrical Components & Equipment - 20104010,World Large Blend Equity,International Equities - Unhedged,IEQStock
0.026316497572550883,VICI PPTYS INC,Growth,International Shares,Global Shares,Global Shares,Real Estate - 60,New York Stock Exchange Inc.,USD,United States,,Other Specialized REITs - 60108010,World Large Blend Equity,International Equities - Unhedged,IEQStock
0.021961866662434597,DEVON ENERGY CORP,Growth,International Shares,Global Shares,Global Shares,Energy - 10,New York Stock Exchange Inc.,USD,United States,,Oil & Gas Exploration & Production - 10102020,World Large Blend Equity,International Equities - Unhedged,IEQStock
0.02368495044714359,PRUDENTIAL PLC,Growth,International Shares,Global Shares,Global Shares,Financials - 40,New York Stock Exchange Inc.,USD,United States,,Life & Health Insurance - 40301020,World Large Blend Equity,International Equities - Unhedged,IEQStock
0.020291430925930443,GLOBAL PAYMENTS INC,Growth,International Shares,Global Shares,Global Shares,Financials - 40,New York Stock Exchange Inc.,USD,United States,,Transaction & Payment Processing Services - 40201060,World Large Blend Equity,International Equities - Unhedged,IEQStock
0.02160479752950586,HERSHEY FOODS,Growth,International Shares,Global Shares,Global Shares,Consumer Staples - 30,New York Stock Exchange Inc.,USD,United States,,Packaged Foods & Meats - 30202030,World Large Blend Equity,International Equities - Unhedged,IEQStock
0.0225381438708376,VULCAN MATERIALS,Growth,International Shares,Global Shares,Global Shares,Materials - 15,New York Stock Exchange Inc.,USD,United States,,Construction Materials - 15102010,World Large Blend Equity,International Equities - Unhedged,IEQStock
0.027157657384446653,MARTIN MARIETTA MATERIALS INC,Growth,International Shares,Global Shares,Global Shares,Materials - 15,New York Stock Exchange Inc.,USD,United States,,Construction Materials - 15102010,World Large Blend Equity,International Equities - Unhedged,IEQStock
0.019981495060344558,INGERSOLL RAND INC,Growth,International Shares,Global Shares,Global Shares,Industrials - 20,New York Stock Exchange Inc.,USD,United States,,Industrial Machinery & Supplies & Components - 20106020,World Large Blend Equity,International Equities - Unhedged,IEQStock
0.021469959332173626,CARDINAL HEALTH INC,Growth,International Shares,Global Shares,Global Shares,Health Care - 35,New York Stock Exchange Inc.,USD,United States,,Health Care Distributors - 35102010,World Large Blend Equity,International Equities - Unhedged,IEQStock
0.022552039218357748,WEC ENERGY GROUP INC,Growth,International Shares,Global Shares,Global Shares,Utilities - 55,New York Stock Exchange Inc.,USD,United States,,Multi-Utilities - 55103010,World Large Blend Equity,International Equities - Unhedged,IEQStock
0.11343003047513171,TELUS CORP,Growth,International Shares,Global Shares,Global Shares,Communication Services - 50,New York Stock Exchange Inc.,USD,United States,,Integrated Telecommunication Services - 50101020,World Large Blend Equity,International Equities - Unhedged,IEQStock
0.019674738180704494,AMERICAN WATER WORKS INC,Growth,International Shares,Global Shares,Global Shares,Utilities - 55,New York Stock Exchange Inc.,USD,United States,,Water Utilities - 55104010,World Large Blend Equity,International Equities - Unhedged,IEQStock
0.01286706314625296,WEST PHARMACEUTICAL SERVICES INC,Growth,International Shares,Global Shares,Global Shares,Health Care - 35,New York Stock Exchange Inc.,USD,United States,,Life Sciences Tools & Services - 35203010,World Large Blend Equity,International Equities - Unhedged,IEQStock
0.013998534366067659,EDISON INTERNATIONAL,Growth,International Shares,Global Shares,Global Shares,Utilities - 55,New York Stock Exchange Inc.,USD,United States,,Electric Utilities - 55101010,World Large Blend Equity,International Equities - Unhedged,IEQStock
0.023812122030886396,QUANTA SERVICES INC,Growth,International Shares,Global Shares,Global Shares,Industrials - 20,New York Stock Exchange Inc.,USD,United States,,Construction & Engineering - 20103010,World Large Blend Equity,International Equities - Unhedged,IEQStock
0.017728344195572347,AVALONBAY COMMUNITIES REIT INC,Growth,International Shares,Global Shares,Global Shares,Real Estate - 60,New York Stock Exchange Inc.,USD,United States,,Multi-Family Residential REITs  - 60106010,World Large Blend Equity,International Equities - Unhedged,IEQStock
0.01741586096091809,HP INC,Growth,International Shares,Global Shares,Global Shares,Information Technology - 45,New York Stock Exchange Inc.,USD,United States,,"Tech Hardware, Storage & Peripherals - 45202030",World Large Blend Equity,International Equities - Unhedged,IEQStock
0.012949164879847931,LYONDELLBASELL INDUSTRIES NV CLASS,Growth,International Shares,Global Shares,Global Shares,Materials - 15,New York Stock Exchange Inc.,USD,United States,,Commodity Chemicals - 15101010,World Large Blend Equity,International Equities - Unhedged,IEQStock
0.015218224248332772,FAIR ISAAC CORP,Growth,International Shares,Global Shares,Global Shares,Information Technology - 45,New York Stock Exchange Inc.,USD,United States,,Application Software - 45103010,World Large Blend Equity,International Equities - Unhedged,IEQStock
0.0242949352934544,XYLEM INC,Growth,International Shares,Global Shares,Global Shares,Industrials - 20,New York Stock Exchange Inc.,USD,United States,,Industrial Machinery & Supplies & Components - 20106020,World Large Blend Equity,International Equities - Unhedged,IEQStock
0.02458742230718941,CBRE GROUP INC CLASS A,Growth,International Shares,Global Shares,Global Shares,Real Estate - 60,New York Stock Exchange Inc.,USD,United States,,Real Estate Services - 60201040,World Large Blend Equity,International Equities - Unhedged,IEQStock
0.014217036733286727,FORTIVE CORP,Growth,International Shares,Global Shares,Global Shares,Industrials - 20,New York Stock Exchange Inc.,USD,United States,,Industrial Machinery & Supplies & Components - 20106020,World Large Blend Equity,International Equities - Unhedged,IEQStock
0.018146131397634588,METTLER TOLEDO INC,Growth,International Shares,Global Shares,Global Shares,Health Care - 35,New York Stock Exchange Inc.,USD,United States,,Life Sciences Tools & Services - 35203010,World Large Blend Equity,International Equities - Unhedged,IEQStock
0.021840488924490756,EXTRA SPACE STORAGE REIT INC,Growth,International Shares,Global Shares,Global Shares,Real Estate - 60,New York Stock Exchange Inc.,USD,United States,,Self-Storage REITs - 60108020,World Large Blend Equity,International Equities - Unhedged,IEQStock
0.02064127936199817,HARTFORD FINANCIAL SERVICES GROUP,Growth,International Shares,Global Shares,Global Shares,Financials - 40,New York Stock Exchange Inc.,USD,United States,,Property & Casualty Insurance - 40301040,World Large Blend Equity,International Equities - Unhedged,IEQStock
0.02199276201726808,EQUIFAX INC,Growth,International Shares,Global Shares,Global Shares,Industrials - 20,New York Stock Exchange Inc.,USD,United States,,Research & Consulting Services - 20202020,World Large Blend Equity,International Equities - Unhedged,IEQStock
0.020258774727668093,KEYSIGHT TECHNOLOGIES INC,Growth,International Shares,Global Shares,Global Shares,Information Technology - 45,New York Stock Exchange Inc.,USD,United States,,Electronic Equipment & Instruments - 45203010,World Large Blend Equity,International Equities - Unhedged,IEQStock
0.015684811141008448,WEYERHAEUSER REIT,Growth,International Shares,Global Shares,Global Shares,Real Estate - 60,New York Stock Exchange Inc.,USD,United States,,Timber REITs - 60108040,World Large Blend Equity,International Equities - Unhedged,IEQStock
0.0171431003893319,ZIMMER BIOMET HOLDINGS INC,Growth,International Shares,Global Shares,Global Shares,Health Care - 35,New York Stock Exchange Inc.,USD,United States,,Health Care Equipment - 35101010,World Large Blend Equity,International Equities - Unhedged,IEQStock
0.031350829699845165,ROYAL CARIBBEAN GROUP LTD,Growth,International Shares,Global Shares,Global Shares,Consumer Discretionary - 25,New York Stock Exchange Inc.,USD,United States,,"Hotels, Resorts & Cruise Lines - 25301020",World Large Blend Equity,International Equities - Unhedged,IEQStock
0.015184573025638248,CHURCH AND DWIGHT INC,Growth,International Shares,Global Shares,Global Shares,Consumer Staples - 30,New York Stock Exchange Inc.,USD,United States,,Household Products - 30301010,World Large Blend Equity,International Equities - Unhedged,IEQStock
0.016955626384282572,STERIS,Growth,International Shares,Global Shares,Global Shares,Health Care - 35,New York Stock Exchange Inc.,USD,United States,,Health Care Equipment - 35101010,World Large Blend Equity,International Equities - Unhedged,IEQStock
0.020332958918670572,DELTA AIR LINES INC,Growth,International Shares,Global Shares,Global Shares,Industrials - 20,New York Stock Exchange Inc.,USD,United States,,Passenger Airlines - 20302010,World Large Blend Equity,International Equities - Unhedged,IEQStock
0.2551429294548929,Bank Account,Defensive,Cash,Cash,Cash,ASXStock,Cash,Cash,Bank Account,Cash,Cash,Domestic Cash,Cash,Cash
0.014268015846204202,CBOE GLOBAL MARKETS INC,Growth,International Shares,Global Shares,Global Shares,Financials - 40,Cboe BZX formerly known as BATS,USD,United States,,Unknown,World Large Blend Equity,International Equities - Unhedged,IEQStock
0.019161064139421174,DEUTSCHE TELEKOM N AG,Growth,International Shares,Global Shares,Global Shares,Communication Services - 50,Deutsche Boerse Markets,EUR,Germany,,Integrated Telecommunication Services - 50101020,World Large Blend Equity,International Equities - Unhedged,IEQStock
0.025212480293258625,ESTEE LAUDER INC CLASS A,Growth,International Shares,Global Shares,Global Shares,Health Care - 35,Euronext Paris,EUR,France,,Health Care Supplies - 35101020,World Large Blend Equity,International Equities - Unhedged,IEQStock
0.023211632757219686,DOLLAR GENERAL CORP,Growth,International Shares,Global Shares,Global Shares,Industrials - 20,Euronext Paris,EUR,France,,Construction & Engineering - 20103010,World Large Blend Equity,International Equities - Unhedged,IEQStock
0.004949783956353634,ANGLO AMERICAN PLC,Growth,International Shares,Global Shares,Global Shares,Materials - 15,London Stock Exchange,GBP,United Kingdom,,Diversified Metals & Mining - 15104020,World Large Blend Equity,International Equities - Unhedged,IEQStock
0.01957611493913076,TRACTOR SUPPLY,Growth,International Shares,Global Shares,Global Shares,Consumer Staples - 30,London Stock Exchange,GBP,United Kingdom,,Food Retail - 30101030,World Large Blend Equity,International Equities - Unhedged,IEQStock
0.016293471026989054,T ROWE PRICE GROUP INC,Growth,International Shares,Global Shares,Global Shares,Financials - 40,NASDAQ Stock Market,USD,United States,,Asset Management & Custody Banks - 40203010,World Large Blend Equity,International Equities - Unhedged,IEQStock
0.01939699569466408,ULTA BEAUTY INC,Growth,International Shares,Global Shares,Global Shares,Consumer Discretionary - 25,NASDAQ Stock Market,USD,United States,,Other Specialty Retail - 25504040,World Large Blend Equity,International Equities - Unhedged,IEQStock
0.015077106655882655,VERISIGN INC,Growth,International Shares,Global Shares,Global Shares,Information Technology - 45,NASDAQ Stock Market,USD,United States,,Internet Services & Infrastructure - 45102030,World Large Blend Equity,International Equities - Unhedged,IEQStock
0.010672984090298378,ILLUMINA INC,Growth,International Shares,Global Shares,Global Shares,Health Care - 35,NASDAQ Stock Market,USD,United States,,Life Sciences Tools & Services - 35203010,World Large Blend Equity,International Equities - Unhedged,IEQStock
0.01853492200418449,FIFTH THIRD BANCORP,Growth,International Shares,Global Shares,Global Shares,Financials - 40,NASDAQ Stock Market,USD,United States,,Diversified Banks - 40101010,World Large Blend Equity,International Equities - Unhedged,IEQStock
0.01656725612206775,PTC INC,Growth,International Shares,Global Shares,Global Shares,Information Technology - 45,NASDAQ Stock Market,USD,United States,,Application Software - 45103010,World Large Blend Equity,International Equities - Unhedged,IEQStock
0.017484825006718187,NASDAQ INC,Growth,International Shares,Global Shares,Global Shares,Financials - 40,NASDAQ Stock Market,USD,United States,,Financial Exchanges & Data - 40203040,World Large Blend Equity,International Equities - Unhedged,IEQStock
0.013100507650285276,STEEL DYNAMICS INC,Growth,International Shares,Global Shares,Global Shares,Materials - 15,NASDAQ Stock Market,USD,United States,,Steel - 15104050,World Large Blend Equity,International Equities - Unhedged,IEQStock
0.01062748479508642,HOLOGIC INC,Growth,International Shares,Global Shares,Global Shares,Health Care - 35,NASDAQ Stock Market,USD,United States,,Health Care Equipment - 35101010,World Large Blend Equity,International Equities - Unhedged,IEQStock
0.009442995035317403,AKAMAI TECHNOLOGIES INC,Growth,International Shares,Global Shares,Global Shares,Information Technology - 45,NASDAQ Stock Market,USD,United States,,Internet Services & Infrastructure - 45102030,World Large Blend Equity,International Equities - Unhedged,IEQStock
0.010460055781082693,COOPER INC,Growth,International Shares,Global Shares,Global Shares,Health Care - 35,NASDAQ Stock Market,USD,United States,,Health Care Supplies - 35101020,World Large Blend Equity,International Equities - Unhedged,IEQStock
0.016448074941043625,EXPEDIA GROUP INC,Growth,International Shares,Global Shares,Global Shares,Consumer Discretionary - 25,NASDAQ Stock Market,USD,United States,,"Hotels, Resorts & Cruise Lines - 25301020",World Large Blend Equity,International Equities - Unhedged,IEQStock
0.011090899430002571,NETAPP INC,Growth,International Shares,Global Shares,Global Shares,Information Technology - 45,NASDAQ Stock Market,USD,United States,,"Tech Hardware, Storage & Peripherals - 45202030",World Large Blend Equity,International Equities - Unhedged,IEQStock
0.012200791838424301,CINCINNATI FINANCIAL CORP,Growth,International Shares,Global Shares,Global Shares,Financials - 40,NASDAQ Stock Market,USD,United States,,Property & Casualty Insurance - 40301040,World Large Blend Equity,International Equities - Unhedged,IEQStock
0.01838632284022384,WALGREEN BOOTS ALLIANCE INC,Growth,International Shares,Global Shares,Global Shares,Consumer Staples - 30,NASDAQ Stock Market,USD,United States,,Drug Retail - 30101010,World Large Blend Equity,International Equities - Unhedged,IEQStock
0.011871520018373853,PRINCIPAL FINANCIAL GROUP INC,Growth,International Shares,Global Shares,Global Shares,Financials - 40,NASDAQ Stock Market,USD,United States,,Life & Health Insurance - 40301020,World Large Blend Equity,International Equities - Unhedged,IEQStock
0.012641734058196071,FIRST SOLAR INC,Growth,International Shares,Global Shares,Global Shares,Information Technology - 45,NASDAQ Stock Market,USD,United States,,Semiconductors - 45301020,World Large Blend Equity,International Equities - Unhedged,IEQStock
0.01435232946790946,AXON ENTERPRISE INC,Growth,International Shares,Global Shares,Global Shares,Industrials - 20,NASDAQ Stock Market,USD,United States,,Aerospace & Defense - 20101010,World Large Blend Equity,International Equities - Unhedged,IEQStock
0.015618522570430034,HUNTINGTON BANCSHARES INC,Growth,International Shares,Global Shares,Global Shares,Financials - 40,NASDAQ Stock Market,USD,United States,,Regional Banks - 40101015,World Large Blend Equity,International Equities - Unhedged,IEQStock
0.014619357036407344,NORTHERN TRUST CORP,Growth,International Shares,Global Shares,Global Shares,Financials - 40,NASDAQ Stock Market,USD,United States,,Asset Management & Custody Banks - 40203010,World Large Blend Equity,International Equities - Unhedged,IEQStock
0.009697502015896598,JB HUNT TRANSPORT SERVICES INC,Growth,International Shares,Global Shares,Global Shares,Industrials - 20,NASDAQ Stock Market,USD,United States,,Cargo Ground Transportation - 20304030,World Large Blend Equity,International Equities - Unhedged,IEQStock
0.009645873770992719,SKYWORKS SOLUTIONS INC,Growth,International Shares,Global Shares,Global Shares,Information Technology - 45,NASDAQ Stock Market,USD,United States,,Semiconductors - 45301020,World Large Blend Equity,International Equities - Unhedged,IEQStock
0.009714102582740164,ALIGN TECHNOLOGY INC,Growth,International Shares,Global Shares,Global Shares,Health Care - 35,NASDAQ Stock Market,USD,United States,,Health Care Supplies - 35101020,World Large Blend Equity,International Equities - Unhedged,IEQStock
0.015378734101412671,WESTERN DIGITAL CORP,Growth,International Shares,Global Shares,Global Shares,Information Technology - 45,NASDAQ Stock Market,USD,United States,,"Tech Hardware, Storage & Peripherals - 45202030",World Large Blend Equity,International Equities - Unhedged,IEQStock
0.022138485483995725,SEAGATE TECHNOLOGY HOLDINGS PLC,Growth,International Shares,Global Shares,Global Shares,Information Technology - 45,NASDAQ Stock Market,USD,United States,,"Tech Hardware, Storage & Peripherals - 45202030",World Large Blend Equity,International Equities - Unhedged,IEQStock
0.010718235029575513,TERADYNE INC,Growth,International Shares,Global Shares,Global Shares,Information Technology - 45,NASDAQ Stock Market,USD,United States,,Semiconductor Materials & Equipment - 45301010,World Large Blend Equity,International Equities - Unhedged,IEQStock
0.010402335199329147,POOL CORP,Growth,International Shares,Global Shares,Global Shares,Consumer Discretionary - 25,NASDAQ Stock Market,USD,United States,,Distributors - 25501010,World Large Blend Equity,International Equities - Unhedged,IEQStock
0.009419206538172228,ALLIANT ENERGY CORP,Growth,International Shares,Global Shares,Global Shares,Utilities - 55,NASDAQ Stock Market,USD,United States,,Electric Utilities - 55101010,World Large Blend Equity,International Equities - Unhedged,IEQStock
0.012343082709383637,UNITED AIRLINES HOLDINGS INC,Growth,International Shares,Global Shares,Global Shares,Industrials - 20,NASDAQ Stock Market,USD,United States,,Passenger Airlines - 20302010,World Large Blend Equity,International Equities - Unhedged,IEQStock
0.007598737582092753,LKQ CORP,Growth,International Shares,Global Shares,Global Shares,Consumer Discretionary - 25,NASDAQ Stock Market,USD,United States,,Distributors - 25501010,World Large Blend Equity,International Equities - Unhedged,IEQStock
0.009209293691900504,NORDSON CORP,Growth,International Shares,Global Shares,Global Shares,Industrials - 20,NASDAQ Stock Market,USD,United States,,Industrial Machinery & Supplies & Components - 20106020,World Large Blend Equity,International Equities - Unhedged,IEQStock
0.011212445329368673,HOST HOTELS & RESORTS REIT INC,Growth,International Shares,Global Shares,Global Shares,Real Estate - 60,NASDAQ Stock Market,USD,United States,,Hotel & Resort REITs - 60103010,World Large Blend Equity,International Equities - Unhedged,IEQStock
0.008609008088753442,APA CORP,Growth,International Shares,Global Shares,Global Shares,Energy - 10,NASDAQ Stock Market,USD,United States,,Oil & Gas Exploration & Production - 10102020,World Large Blend Equity,International Equities - Unhedged,IEQStock
0.009911345012515137,EVERGY INC,Growth,International Shares,Global Shares,Global Shares,Utilities - 55,NASDAQ Stock Market,USD,United States,,Electric Utilities - 55101010,World Large Blend Equity,International Equities - Unhedged,IEQStock
0.014860116369733426,INSULET CORP,Growth,International Shares,Global Shares,Global Shares,Health Care - 35,NASDAQ Stock Market,USD,United States,,Health Care Equipment - 35101010,World Large Blend Equity,International Equities - Unhedged,IEQStock
0.009672454115820371,VIATRIS INC,Growth,International Shares,Global Shares,Global Shares,Health Care - 35,NASDAQ Stock Market,USD,United States,,Pharmaceuticals - 35202010,World Large Blend Equity,International Equities - Unhedged,IEQStock
0.006265628391402432,ENPHASE ENERGY INC,Growth,International Shares,Global Shares,Global Shares,Information Technology - 45,NASDAQ Stock Market,USD,United States,,Semiconductor Materials & Equipment - 45301010,World Large Blend Equity,International Equities - Unhedged,IEQStock
0.007028499525668618,ZEBRA TECHNOLOGIES CORP CLASS A,Growth,International Shares,Global Shares,Global Shares,Information Technology - 45,NASDAQ Stock Market,USD,United States,,Electronic Equipment & Instruments - 45203010,World Large Blend Equity,International Equities - Unhedged,IEQStock
0.009442529113704178,GEN DIGITAL INC,Growth,International Shares,Global Shares,Global Shares,Information Technology - 45,NASDAQ Stock Market,USD,United States,,Systems Software - 45103020,World Large Blend Equity,International Equities - Unhedged,IEQStock
0.009791743906228905,TRIMBLE INC,Growth,International Shares,Global Shares,Global Shares,Information Technology - 45,NASDAQ Stock Market,USD,United States,,Electronic Equipment & Instruments - 45203010,World Large Blend Equity,International Equities - Unhedged,IEQStock
0.007972833771995294,JACK HENRY AND ASSOCIATES INC,Growth,International Shares,Global Shares,Global Shares,Financials - 40,NASDAQ Stock Market,USD,United States,,Transaction & Payment Processing Services - 40201060,World Large Blend Equity,International Equities - Unhedged,IEQStock
0.010486898688988052,INCYTE CORP,Growth,International Shares,Global Shares,Global Shares,Health Care - 35,NASDAQ Stock Market,USD,United States,,Biotechnology - 35201010,World Large Blend Equity,International Equities - Unhedged,IEQStock
0.008395221010548931,REGENCY CENTERS REIT CORP,Growth,International Shares,Global Shares,Global Shares,Real Estate - 60,NASDAQ Stock Market,USD,United States,,Retail REITs - 60107010,World Large Blend Equity,International Equities - Unhedged,IEQStock
0.010663726128957484,CH ROBINSON WORLDWIDE INC,Growth,International Shares,Global Shares,Global Shares,Industrials - 20,NASDAQ Stock Market,USD,United States,,Air Freight & Logistics - 20301010,World Large Blend Equity,International Equities - Unhedged,IEQStock
0.004571571324989668,CAESARS ENTERTAINMENT INC,Growth,International Shares,Global Shares,Global Shares,Consumer Discretionary - 25,NASDAQ Stock Market,USD,United States,,Casinos & Gaming - 25301010,World Large Blend Equity,International Equities - Unhedged,IEQStock
0.006492808876952404,BIO TECHNE CORP,Growth,International Shares,Global Shares,Global Shares,Health Care - 35,NASDAQ Stock Market,USD,United States,,Life Sciences Tools & Services - 35203010,World Large Blend Equity,International Equities - Unhedged,IEQStock
0.010660245314543413,F5 INC,Growth,International Shares,Global Shares,Global Shares,Information Technology - 45,NASDAQ Stock Market,USD,United States,,Communications Equipment - 45201020,World Large Blend Equity,International Equities - Unhedged,IEQStock
0.008395872834291478,WYNN RESORTS LTD,Growth,International Shares,Global Shares,Global Shares,Consumer Discretionary - 25,NASDAQ Stock Market,USD,United States,,Casinos & Gaming - 25301010,World Large Blend Equity,International Equities - Unhedged,IEQStock
0.011103466643077807,QORVO INC,Growth,International Shares,Global Shares,Global Shares,Information Technology - 45,NASDAQ Stock Market,USD,United States,,Semiconductors - 45301020,World Large Blend Equity,International Equities - Unhedged,IEQStock
0.009772565790839472,MATCH GROUP INC,Growth,International Shares,Global Shares,Global Shares,Communication Services - 50,NASDAQ Stock Market,USD,United States,,Interactive Media & Services - 50203010,World Large Blend Equity,International Equities - Unhedged,IEQStock
0.005738546488895314,HENRY SCHEIN INC,Growth,International Shares,Global Shares,Global Shares,Health Care - 35,NASDAQ Stock Market,USD,United States,,Health Care Distributors - 35102010,World Large Blend Equity,International Equities - Unhedged,IEQStock
0.006962569544769556,MARKETAXESS HOLDINGS INC,Growth,International Shares,Global Shares,Global Shares,Financials - 40,NASDAQ Stock Market,USD,United States,,Financial Exchanges & Data - 40203040,World Large Blend Equity,International Equities - Unhedged,IEQStock
0.00609473269479834,NEWS CORP CLASS A,Growth,International Shares,Global Shares,Global Shares,Communication Services - 50,NASDAQ Stock Market,USD,United States,,Publishing - 50201040,World Large Blend Equity,International Equities - Unhedged,IEQStock
0.005720155190072111,ETSY INC,Growth,International Shares,Global Shares,Global Shares,Consumer Discretionary - 25,NASDAQ Stock Market,USD,United States,,Broadline Retail - 25503030,World Large Blend Equity,International Equities - Unhedged,IEQStock
0.007013590333621995,FOX CORP CLASS A,Growth,International Shares,Global Shares,Global Shares,Communication Services - 50,NASDAQ Stock Market,USD,United States,,Broadcasting - 50201020,World Large Blend Equity,International Equities - Unhedged,IEQStock
0.007472211321476267,PARAMOUNT GLOBAL CLASS B,Growth,International Shares,Global Shares,Global Shares,Communication Services - 50,NASDAQ Stock Market,USD,United States,,Broadcasting - 50201020,World Large Blend Equity,International Equities - Unhedged,IEQStock
0.004299949981047848,DENTSPLY SIRONA INC,Growth,International Shares,Global Shares,Global Shares,Health Care - 35,NASDAQ Stock Market,USD,United States,,Health Care Supplies - 35101020,World Large Blend Equity,International Equities - Unhedged,IEQStock
0.008285708075381119,HASBRO INC,Growth,International Shares,Global Shares,Global Shares,Consumer Discretionary - 25,NASDAQ Stock Market,USD,United States,,Leisure Products - 25202010,World Large Blend Equity,International Equities - Unhedged,IEQStock
0.006102765708669541,ZIONS BANCORPORATION,Growth,International Shares,Global Shares,Global Shares,Financials - 40,NASDAQ Stock Market,USD,United States,,Regional Banks - 40101015,World Large Blend Equity,International Equities - Unhedged,IEQStock
0.003403236836075381,FOX CORP CLASS B,Growth,International Shares,Global Shares,Global Shares,Communication Services - 50,NASDAQ Stock Market,USD,United States,,Broadcasting - 50201020,World Large Blend Equity,International Equities - Unhedged,IEQStock
2.380662348130284,MICROSOFT CORP,Growth,International Shares,Global Shares,Global Shares,Information Technology - 45,NASDAQ Stock Market,USD,United States,,Systems Software - 45103020,World Large Blend Equity,International Equities - Unhedged,IEQStock
1.788221217324164,APPLE INC,Growth,International Shares,Global Shares,Global Shares,Information Technology - 45,NASDAQ Stock Market,USD,United States,,"Tech Hardware, Storage & Peripherals - 45202030",World Large Blend Equity,International Equities - Unhedged,IEQStock
1.0067669105500685,AMAZON COM INC,Growth,International Shares,Global Shares,Global Shares,Consumer Discretionary - 25,NASDAQ Stock Market,USD,United States,,Broadline Retail - 25503030,World Large Blend Equity,International Equities - Unhedged,IEQStock
1.191801870622648,NVIDIA CORP,Growth,International Shares,Global Shares,Global Shares,Information Technology - 45,NASDAQ Stock Market,USD,United States,,Semiconductors - 45301020,World Large Blend Equity,International Equities - Unhedged,IEQStock
0.6579499915817666,ALPHABET INC CLASS A,Growth,International Shares,Global Shares,Global Shares,Communication Services - 50,NASDAQ Stock Market,USD,United States,,Interactive Media & Services - 50203010,World Large Blend Equity,International Equities - Unhedged,IEQStock
0.7164410096540168,META PLATFORMS INC CLASS A,Growth,International Shares,Global Shares,Global Shares,Communication Services - 50,NASDAQ Stock Market,USD,United States,,Interactive Media & Services - 50203010,World Large Blend Equity,International Equities - Unhedged,IEQStock
0.5599282179552577,ALPHABET INC CLASS C,Growth,International Shares,Global Shares,Global Shares,Communication Services - 50,NASDAQ Stock Market,USD,United States,,Interactive Media & Services - 50203010,World Large Blend Equity,International Equities - Unhedged,IEQStock
0.39162438926058996,TESLA INC,Growth,International Shares,Global Shares,Global Shares,Consumer Discretionary - 25,NASDAQ Stock Market,USD,United States,,Automobile Manufacturers - 25102010,World Large Blend Equity,International Equities - Unhedged,IEQStock
0.4319302082775311,BROADCOM INC,Growth,International Shares,Global Shares,Global Shares,Information Technology - 45,NASDAQ Stock Market,USD,United States,,Semiconductors - 45301020,World Large Blend Equity,International Equities - Unhedged,IEQStock
0.15107514736642474,ADOBE INC,Growth,International Shares,Global Shares,Global Shares,Information Technology - 45,NASDAQ Stock Market,USD,United States,,Application Software - 45103010,World Large Blend Equity,International Equities - Unhedged,IEQStock
0.21446282071595027,COSTCO WHOLESALE CORP,Growth,International Shares,Global Shares,Global Shares,Consumer Staples - 30,NASDAQ Stock Market,USD,United States,,Consumer Staples Merchandise Retail - 30101040,World Large Blend Equity,International Equities - Unhedged,IEQStock
0.16179738553362982,PEPSICO INC,Growth,International Shares,Global Shares,Global Shares,Consumer Staples - 30,NASDAQ Stock Market,USD,United States,,Soft Drinks & Non-alcoholic Beverages - 30201030,World Large Blend Equity,International Equities - Unhedged,IEQStock
0.16984674984975218,CISCO SYSTEMS INC,Growth,International Shares,Global Shares,Global Shares,Information Technology - 45,NASDAQ Stock Market,USD,United States,,Communications Equipment - 45201020,World Large Blend Equity,International Equities - Unhedged,IEQStock
0.20501828697826605,NETFLIX INC,Growth,International Shares,Global Shares,Global Shares,Communication Services - 50,NASDAQ Stock Market,USD,United States,,Movies & Entertainment - 50202010,World Large Blend Equity,International Equities - Unhedged,IEQStock
0.15973832166382587,LINDE PLC,Growth,International Shares,Global Shares,Global Shares,Materials - 15,NASDAQ Stock Market,USD,United States,,Industrial Gases - 15101040,World Large Blend Equity,International Equities - Unhedged,IEQStock
0.22668107890888833,ADVANCED MICRO DEVICES INC,Growth,International Shares,Global Shares,Global Shares,Information Technology - 45,NASDAQ Stock Market,USD,United States,,Semiconductors - 45301020,World Large Blend Equity,International Equities - Unhedged,IEQStock
0.11364837689850515,COMCAST CORP CLASS A,Growth,International Shares,Global Shares,Global Shares,Communication Services - 50,NASDAQ Stock Market,USD,United States,,Cable & Satellite - 50201030,World Large Blend Equity,International Equities - Unhedged,IEQStock
0.17674549105844048,INTEL CORPORATION CORP,Growth,International Shares,Global Shares,Global Shares,Information Technology - 45,NASDAQ Stock Market,USD,United States,,Semiconductors - 45301020,World Large Blend Equity,International Equities - Unhedged,IEQStock
0.12914908256872903,AMGEN INC,Growth,International Shares,Global Shares,Global Shares,Health Care - 35,NASDAQ Stock Market,USD,United States,,Biotechnology - 35201010,World Large Blend Equity,International Equities - Unhedged,IEQStock
0.12719306154830992,INTUIT INC,Growth,International Shares,Global Shares,Global Shares,Information Technology - 45,NASDAQ Stock Market,USD,United States,,Application Software - 45103010,World Large Blend Equity,International Equities - Unhedged,IEQStock
0.1164413869176614,QUALCOMM INC,Growth,International Shares,Global Shares,Global Shares,Information Technology - 45,NASDAQ Stock Market,USD,United States,,Semiconductors - 45301020,World Large Blend Equity,International Equities - Unhedged,IEQStock
0.11709406244413437,TEXAS INSTRUMENT INC,Growth,International Shares,Global Shares,Global Shares,Information Technology - 45,NASDAQ Stock Market,USD,United States,,Semiconductors - 45301020,World Large Blend Equity,International Equities - Unhedged,IEQStock
0.09150504474034281,HONEYWELL INTERNATIONAL INC,Growth,International Shares,Global Shares,Global Shares,Industrials - 20,NASDAQ Stock Market,USD,United States,,Industrial Conglomerates - 20105010,World Large Blend Equity,International Equities - Unhedged,IEQStock
0.09026531301475153,APPLIED MATERIAL INC,Growth,International Shares,Global Shares,Global Shares,Information Technology - 45,NASDAQ Stock Market,USD,United States,,Semiconductor Materials & Equipment - 45301010,World Large Blend Equity,International Equities - Unhedged,IEQStock
0.07446356289725414,STARBUCKS CORP,Growth,International Shares,Global Shares,Global Shares,Consumer Discretionary - 25,NASDAQ Stock Market,USD,United States,,Restaurants - 25301040,World Large Blend Equity,International Equities - Unhedged,IEQStock
0.09647413156338182,BOOKING HOLDINGS INC,Growth,International Shares,Global Shares,Global Shares,Consumer Discretionary - 25,NASDAQ Stock Market,USD,United States,,"Hotels, Resorts & Cruise Lines - 25301020",World Large Blend Equity,International Equities - Unhedged,IEQStock
0.09074007037736913,GILEAD SCIENCES INC,Growth,International Shares,Global Shares,Global Shares,Health Care - 35,NASDAQ Stock Market,USD,United States,,Biotechnology - 35201010,World Large Blend Equity,International Equities - Unhedged,IEQStock
0.07503886743733125,INTUITIVE SURGICAL INC,Growth,International Shares,Global Shares,Global Shares,Health Care - 35,NASDAQ Stock Market,USD,United States,,Health Care Equipment - 35101010,World Large Blend Equity,International Equities - Unhedged,IEQStock
0.07481258903249782,VERTEX PHARMACEUTICALS INC,Growth,International Shares,Global Shares,Global Shares,Health Care - 35,NASDAQ Stock Market,USD,United States,,Biotechnology - 35201010,World Large Blend Equity,International Equities - Unhedged,IEQStock
0.07338246221252179,MONDELEZ INTERNATIONAL INC CLASS A,Growth,International Shares,Global Shares,Global Shares,Consumer Staples - 30,NASDAQ Stock Market,USD,United States,,Packaged Foods & Meats - 30202030,World Large Blend Equity,International Equities - Unhedged,IEQStock
0.0711348787161692,AUTOMATIC DATA PROCESSING INC,Growth,International Shares,Global Shares,Global Shares,Industrials - 20,NASDAQ Stock Market,USD,United States,,Human Resource & Employment Services - 20202010,World Large Blend Equity,International Equities - Unhedged,IEQStock
0.055831000588316804,REGENERON PHARMACEUTICALS INC,Growth,International Shares,Global Shares,Global Shares,Health Care - 35,NASDAQ Stock Market,USD,United States,,Biotechnology - 35201010,World Large Blend Equity,International Equities - Unhedged,IEQStock
0.09891608659818303,LAM RESEARCH CORP,Growth,International Shares,Global Shares,Global Shares,Information Technology - 45,NASDAQ Stock Market,USD,United States,,Semiconductor Materials & Equipment - 45301010,World Large Blend Equity,International Equities - Unhedged,IEQStock
0.0776343654646713,ANALOG DEVICES INC,Growth,International Shares,Global Shares,Global Shares,Information Technology - 45,NASDAQ Stock Market,USD,United States,,Semiconductors - 45301020,World Large Blend Equity,International Equities - Unhedged,IEQStock
0.09281093397030765,MICRON TECHNOLOGY INC,Growth,International Shares,Global Shares,Global Shares,Information Technology - 45,NASDAQ Stock Market,USD,United States,,Semiconductors - 45301020,World Large Blend Equity,International Equities - Unhedged,IEQStock
0.058946940754505336,CME GROUP INC CLASS A,Growth,International Shares,Global Shares,Global Shares,Financials - 40,NASDAQ Stock Market,USD,United States,,Financial Exchanges & Data - 40203040,World Large Blend Equity,International Equities - Unhedged,IEQStock
0.06841239847305287,T MOBILE US INC,Growth,International Shares,Global Shares,Global Shares,Communication Services - 50,NASDAQ Stock Market,USD,United States,,Wireless Telecommunication Services - 50102010,World Large Blend Equity,International Equities - Unhedged,IEQStock
0.06741784471176934,SYNOPSYS INC,Growth,International Shares,Global Shares,Global Shares,Information Technology - 45,NASDAQ Stock Market,USD,United States,,Application Software - 45103010,World Large Blend Equity,International Equities - Unhedged,IEQStock
0.06573261413323153,PALO ALTO NETWORKS INC,Growth,International Shares,Global Shares,Global Shares,Information Technology - 45,NASDAQ Stock Market,USD,United States,,Systems Software - 45103020,World Large Blend Equity,International Equities - Unhedged,IEQStock
0.045207830432907006,EQUINIX REIT INC,Growth,International Shares,Global Shares,Global Shares,Real Estate - 60,NASDAQ Stock Market,USD,United States,,Data Center REITs - 60108050,World Large Blend Equity,International Equities - Unhedged,IEQStock
0.05990743145426082,CADENCE DESIGN SYSTEMS INC,Growth,International Shares,Global Shares,Global Shares,Information Technology - 45,NASDAQ Stock Market,USD,United States,,Application Software - 45103010,World Large Blend Equity,International Equities - Unhedged,IEQStock
0.07503094221415318,KLA CORP,Growth,International Shares,Global Shares,Global Shares,Information Technology - 45,NASDAQ Stock Market,USD,United States,,Semiconductor Materials & Equipment - 45301010,World Large Blend Equity,International Equities - Unhedged,IEQStock
0.04887204411355232,CSX CORP,Growth,International Shares,Global Shares,Global Shares,Industrials - 20,NASDAQ Stock Market,USD,United States,,Rail Transportation - 20304010,World Large Blend Equity,International Equities - Unhedged,IEQStock
0.03989460936887235,PAYPAL HOLDINGS INC,Growth,International Shares,Global Shares,Global Shares,Financials - 40,NASDAQ Stock Market,USD,United States,,Transaction & Payment Processing Services - 40201060,World Large Blend Equity,International Equities - Unhedged,IEQStock
0.05239579278398291,OREILLY AUTOMOTIVE INC,Growth,International Shares,Global Shares,Global Shares,Consumer Discretionary - 25,NASDAQ Stock Market,USD,United States,,Automotive Retail - 25504050,World Large Blend Equity,International Equities - Unhedged,IEQStock
0.04044689501980196,ROPER TECHNOLOGIES INC,Growth,International Shares,Global Shares,Global Shares,Information Technology - 45,NASDAQ Stock Market,USD,United States,,Application Software - 45103010,World Large Blend Equity,International Equities - Unhedged,IEQStock
0.04251740602096571,AIRBNB INC CLASS A,Growth,International Shares,Global Shares,Global Shares,Consumer Discretionary - 25,NASDAQ Stock Market,USD,United States,,"Hotels, Resorts & Cruise Lines - 25301020",World Large Blend Equity,International Equities - Unhedged,IEQStock
0.03836354064953006,MARRIOTT INTERNATIONAL INC CLASS A,Growth,International Shares,Global Shares,Global Shares,Consumer Discretionary - 25,NASDAQ Stock Market,USD,United States,,"Hotels, Resorts & Cruise Lines - 25301020",World Large Blend Equity,International Equities - Unhedged,IEQStock
0.045140061872248956,NXP SEMICONDUCTORS NV,Growth,International Shares,Global Shares,Global Shares,Information Technology - 45,NASDAQ Stock Market,USD,United States,,Semiconductors - 45301020,World Large Blend Equity,International Equities - Unhedged,IEQStock
0.021123871895313867,LULULEMON ATHLETICA INC,Growth,International Shares,Global Shares,Global Shares,Consumer Discretionary - 25,NASDAQ Stock Market,USD,United States,,"Apparel, Accessories & Luxury Goods - 25203010",World Large Blend Equity,International Equities - Unhedged,IEQStock
0.04264613879180903,CINTAS CORP,Growth,International Shares,Global Shares,Global Shares,Industrials - 20,NASDAQ Stock Market,USD,United States,,Diversified Support Services - 20201070,World Large Blend Equity,International Equities - Unhedged,IEQStock
0.03291327570013833,PACCAR INC,Growth,International Shares,Global Shares,Global Shares,Industrials - 20,NASDAQ Stock Market,USD,United States,,Construction Machinery & Heavy Transportation Equipment - 20106010,World Large Blend Equity,International Equities - Unhedged,IEQStock
0.03949783782414051,AUTODESK INC,Growth,International Shares,Global Shares,Global Shares,Information Technology - 45,NASDAQ Stock Market,USD,United States,,Application Software - 45103010,World Large Blend Equity,International Equities - Unhedged,IEQStock
0.022109867540536884,CHARTER COMMUNICATIONS INC CLASS A,Growth,International Shares,Global Shares,Global Shares,Communication Services - 50,NASDAQ Stock Market,USD,United States,,Cable & Satellite - 50201030,World Large Blend Equity,International Equities - Unhedged,IEQStock
0.030536779706751505,ROSS STORES INC,Growth,International Shares,Global Shares,Global Shares,Consumer Discretionary - 25,NASDAQ Stock Market,USD,United States,,Apparel Retail - 25504010,World Large Blend Equity,International Equities - Unhedged,IEQStock
0.03727220532183273,MONSTER BEVERAGE CORP,Growth,International Shares,Global Shares,Global Shares,Consumer Staples - 30,NASDAQ Stock Market,USD,United States,,Soft Drinks & Non-alcoholic Beverages - 30201030,World Large Blend Equity,International Equities - Unhedged,IEQStock
0.0388109934090298,MICROCHIP TECHNOLOGY INC,Growth,International Shares,Global Shares,Global Shares,Information Technology - 45,NASDAQ Stock Market,USD,United States,,Semiconductors - 45301020,World Large Blend Equity,International Equities - Unhedged,IEQStock
0.03778463907991216,AMERICAN ELECTRIC POWER INC,Growth,International Shares,Global Shares,Global Shares,Utilities - 55,NASDAQ Stock Market,USD,United States,,Electric Utilities - 55101010,World Large Blend Equity,International Equities - Unhedged,IEQStock
0.024269797994536674,COPART INC,Growth,International Shares,Global Shares,Global Shares,Industrials - 20,NASDAQ Stock Market,USD,United States,,Diversified Support Services - 20201070,World Large Blend Equity,International Equities - Unhedged,IEQStock
0.02980362587385657,EXELON CORP,Growth,International Shares,Global Shares,Global Shares,Utilities - 55,NASDAQ Stock Market,USD,United States,,Electric Utilities - 55101010,World Large Blend Equity,International Equities - Unhedged,IEQStock
0.03535682060062209,CONSTELLATION ENERGY CORP,Growth,International Shares,Global Shares,Global Shares,Utilities - 55,NASDAQ Stock Market,USD,United States,,Electric Utilities - 55101010,World Large Blend Equity,International Equities - Unhedged,IEQStock
0.03317327444062307,DEXCOM INC,Growth,International Shares,Global Shares,Global Shares,Health Care - 35,NASDAQ Stock Market,USD,United States,,Health Care Equipment - 35101010,World Large Blend Equity,International Equities - Unhedged,IEQStock
0.028380347308977396,PAYCHEX INC,Growth,International Shares,Global Shares,Global Shares,Industrials - 20,NASDAQ Stock Market,USD,United States,,Human Resource & Employment Services - 20202010,World Large Blend Equity,International Equities - Unhedged,IEQStock
0.02220592923968886,BIOGEN INC,Growth,International Shares,Global Shares,Global Shares,Health Care - 35,NASDAQ Stock Market,USD,United States,,Biotechnology - 35201010,World Large Blend Equity,International Equities - Unhedged,IEQStock
0.02198002400307598,OLD DOMINION FREIGHT LINE INC,Growth,International Shares,Global Shares,Global Shares,Industrials - 20,NASDAQ Stock Market,USD,United States,,Cargo Ground Transportation - 20304030,World Large Blend Equity,International Equities - Unhedged,IEQStock
0.04912906061973836,IDEXX LABORATORIES INC,Growth,International Shares,Global Shares,Global Shares,Health Care - 35,NASDAQ Stock Market,USD,United States,,Health Care Equipment - 35101010,World Large Blend Equity,International Equities - Unhedged,IEQStock
0.02526642299045039,BAKER HUGHES CLASS A,Growth,International Shares,Global Shares,Global Shares,Energy - 10,NASDAQ Stock Market,USD,United States,,Oil & Gas Equipment & Services - 10101020,World Large Blend Equity,International Equities - Unhedged,IEQStock
0.02222294105179116,VERISK ANALYTICS INC,Growth,International Shares,Global Shares,Global Shares,Industrials - 20,NASDAQ Stock Market,USD,United States,,Research & Consulting Services - 20202020,World Large Blend Equity,International Equities - Unhedged,IEQStock
0.0354718231250313,FASTENAL,Growth,International Shares,Global Shares,Global Shares,Industrials - 20,NASDAQ Stock Market,USD,United States,,Trading Companies & Distributors - 20107010,World Large Blend Equity,International Equities - Unhedged,IEQStock
0.024129459828333623,COGNIZANT TECHNOLOGY SOLUTIONS COR,Growth,International Shares,Global Shares,Global Shares,Information Technology - 45,NASDAQ Stock Market,USD,United States,,IT Consulting & Other Services - 45102010,World Large Blend Equity,International Equities - Unhedged,IEQStock
0.0275348193245275,XCEL ENERGY INC,Growth,International Shares,Global Shares,Global Shares,Utilities - 55,NASDAQ Stock Market,USD,United States,,Electric Utilities - 55101010,World Large Blend Equity,International Equities - Unhedged,IEQStock
0.02379110093576429,FORTINET INC,Growth,International Shares,Global Shares,Global Shares,Information Technology - 45,NASDAQ Stock Market,USD,United States,,Systems Software - 45103020,World Large Blend Equity,International Equities - Unhedged,IEQStock
0.026831281747147728,ELECTRONIC ARTS INC,Growth,International Shares,Global Shares,Global Shares,Communication Services - 50,NASDAQ Stock Market,USD,United States,,Interactive Home Entertainment - 50202020,World Large Blend Equity,International Equities - Unhedged,IEQStock
0.019797856920024913,ARCH CAPITAL GROUP LTD,Growth,International Shares,Global Shares,Global Shares,Financials - 40,NASDAQ Stock Market,USD,United States,,Property & Casualty Insurance - 40301040,World Large Blend Equity,International Equities - Unhedged,IEQStock
0.02853682889960751,COSTAR GROUP INC,Growth,International Shares,Global Shares,Global Shares,Real Estate - 60,NASDAQ Stock Market,USD,United States,,Real Estate Services - 60201040,World Large Blend Equity,International Equities - Unhedged,IEQStock
0.020675296685732487,KEURIG DR PEPPER INC,Growth,International Shares,Global Shares,Global Shares,Consumer Staples - 30,NASDAQ Stock Market,USD,United States,,Soft Drinks & Non-alcoholic Beverages - 30201030,World Large Blend Equity,International Equities - Unhedged,IEQStock
0.017955296578925077,ON SEMICONDUCTOR CORP,Growth,International Shares,Global Shares,Global Shares,Information Technology - 45,NASDAQ Stock Market,USD,United States,,Semiconductors - 45301020,World Large Blend Equity,International Equities - Unhedged,IEQStock
0.018137789490287947,DIAMONDBACK ENERGY INC,Growth,International Shares,Global Shares,Global Shares,Energy - 10,NASDAQ Stock Market,USD,United States,,Oil & Gas Exploration & Production - 10102020,World Large Blend Equity,International Equities - Unhedged,IEQStock
0.018910121852153846,CDW CORP,Growth,International Shares,Global Shares,Global Shares,Information Technology - 45,NASDAQ Stock Market,USD,United States,,Technology Distributors - 45203030,World Large Blend Equity,International Equities - Unhedged,IEQStock
0.021529410250000255,GE HEALTHCARE TECHNOLOGIES INC,Growth,International Shares,Global Shares,Global Shares,Health Care - 35,NASDAQ Stock Market,USD,United States,,Health Care Equipment - 35101010,World Large Blend Equity,International Equities - Unhedged,IEQStock
0.02079199756266138,KRAFT HEINZ,Growth,International Shares,Global Shares,Global Shares,Consumer Staples - 30,NASDAQ Stock Market,USD,United States,,Packaged Foods & Meats - 30202030,World Large Blend Equity,International Equities - Unhedged,IEQStock
0.018854838726563877,WARNER BROS. DISCOVERY INC SERIES,Growth,International Shares,Global Shares,Global Shares,Communication Services - 50,NASDAQ Stock Market,USD,United States,,Movies & Entertainment - 50202010,World Large Blend Equity,International Equities - Unhedged,IEQStock
0.01786225858146237,WILLIS TOWERS WATSON PLC,Growth,International Shares,Global Shares,Global Shares,Financials - 40,NASDAQ Stock Market,USD,United States,,Insurance Brokers - 40301010,World Large Blend Equity,International Equities - Unhedged,IEQStock
0.025959373833888154,ANSYS INC,Growth,International Shares,Global Shares,Global Shares,Information Technology - 45,NASDAQ Stock Market,USD,United States,,Application Software - 45103010,World Large Blend Equity,International Equities - Unhedged,IEQStock
0.016532780266236585,MODERNA INC,Growth,International Shares,Global Shares,Global Shares,Health Care - 35,NASDAQ Stock Market,USD,United States,,Biotechnology - 35201010,World Large Blend Equity,International Equities - Unhedged,IEQStock
0.029099212782254597,DOLLAR TREE INC,Growth,International Shares,Global Shares,Global Shares,Consumer Staples - 30,NASDAQ Stock Market,USD,United States,,Consumer Staples Merchandise Retail - 30101040,World Large Blend Equity,International Equities - Unhedged,IEQStock
0.020078136724891546,SBA COMMUNICATIONS REIT CORP CLASS,Growth,International Shares,Global Shares,Global Shares,Real Estate - 60,NASDAQ Stock Market,USD,United States,,Telecom Tower REITs - 60108030,World Large Blend Equity,International Equities - Unhedged,IEQStock
0.028214452751517804,MONOLITHIC POWER SYSTEMS INC,Growth,International Shares,Global Shares,Global Shares,Information Technology - 45,NASDAQ Stock Market,USD,United States,,Semiconductors - 45301020,World Large Blend Equity,International Equities - Unhedged,IEQStock
0.02504261338158958,EBAY INC,Growth,International Shares,Global Shares,Global Shares,Consumer Discretionary - 25,NASDAQ Stock Market,USD,United States,,Broadline Retail - 25503030,World Large Blend Equity,International Equities - Unhedged,IEQStock
0.021696871293637888,TAKE TWO INTERACTIVE SOFTWARE INC,Growth,International Shares,Global Shares,Global Shares,Communication Services - 50,NASDAQ Stock Market,USD,United States,,Interactive Home Entertainment - 50202020,World Large Blend Equity,International Equities - Unhedged,IEQStock
0.02251458929064716,APTIV PLC,Growth,International Shares,Global Shares,Global Shares,Consumer Discretionary - 25,New York Stock Exchange Inc.,USD,United States,,Automotive Parts & Equipment - 25101010,World Large Blend Equity,International Equities - Unhedged,IEQStock
0.021063752447477768,DISCOVER FINANCIAL SERVICES,Growth,International Shares,Global Shares,Global Shares,Financials - 40,New York Stock Exchange Inc.,USD,United States,,Consumer Finance - 40202010,World Large Blend Equity,International Equities - Unhedged,IEQStock
0.02005575688441892,STATE STREET CORP,Growth,International Shares,Global Shares,Global Shares,Financials - 40,New York Stock Exchange Inc.,USD,United States,,Asset Management & Custody Banks - 40203010,World Large Blend Equity,International Equities - Unhedged,IEQStock
0.024151138943713783,CORNING INC,Growth,International Shares,Global Shares,Global Shares,Information Technology - 45,New York Stock Exchange Inc.,USD,United States,,Electronic Components - 45203015,World Large Blend Equity,International Equities - Unhedged,IEQStock
0.0193579028383744,BROADRIDGE FINANCIAL SOLUTIONS INC,Growth,International Shares,Global Shares,Global Shares,Industrials - 20,New York Stock Exchange Inc.,USD,United States,,Data Processing & Outsourced Services - 20202030,World Large Blend Equity,International Equities - Unhedged,IEQStock
0.013653496761207144,COTERRA ENERGY INC,Growth,International Shares,Global Shares,Global Shares,Energy - 10,New York Stock Exchange Inc.,USD,United States,,Oil & Gas Exploration & Production - 10102020,World Large Blend Equity,International Equities - Unhedged,IEQStock
0.019892421776187816,ENTERGY CORP,Growth,International Shares,Global Shares,Global Shares,Utilities - 55,New York Stock Exchange Inc.,USD,United States,,Electric Utilities - 55101010,World Large Blend Equity,International Equities - Unhedged,IEQStock
0.01597108616933199,AMEREN CORP,Growth,International Shares,Global Shares,Global Shares,Utilities - 55,New York Stock Exchange Inc.,USD,United States,,Multi-Utilities - 55103010,World Large Blend Equity,International Equities - Unhedged,IEQStock
0.00886474937457173,MOLINA HEALTHCARE INC,Growth,International Shares,Global Shares,Global Shares,Health Care - 35,New York Stock Exchange Inc.,USD,United States,,Managed Health Care - 35102030,World Large Blend Equity,International Equities - Unhedged,IEQStock
0.01809999724489907,HEWLETT PACKARD ENTERPRISE,Growth,International Shares,Global Shares,Global Shares,Information Technology - 45,New York Stock Exchange Inc.,USD,United States,,"Tech Hardware, Storage & Peripherals - 45202030",World Large Blend Equity,International Equities - Unhedged,IEQStock
0.01836469172200762,M&T BANK CORP,Growth,International Shares,Global Shares,Global Shares,Financials - 40,New York Stock Exchange Inc.,USD,United States,,Regional Banks - 40101015,World Large Blend Equity,International Equities - Unhedged,IEQStock
0.01591766977653322,EVERSOURCE ENERGY,Growth,International Shares,Global Shares,Global Shares,Utilities - 55,New York Stock Exchange Inc.,USD,United States,,Electric Utilities - 55101010,World Large Blend Equity,International Equities - Unhedged,IEQStock
0.017474725879469515,WESTINGHOUSE AIR BRAKE TECHNOLOGIE,Growth,International Shares,Global Shares,Global Shares,Industrials - 20,New York Stock Exchange Inc.,USD,United States,,Construction Machinery & Heavy Transportation Equipment - 20106010,World Large Blend Equity,International Equities - Unhedged,IEQStock
0.01699339894126684,NVR INC,Growth,International Shares,Global Shares,Global Shares,Consumer Discretionary - 25,New York Stock Exchange Inc.,USD,United States,,Homebuilding - 25201030,World Large Blend Equity,International Equities - Unhedged,IEQStock
0.013409536909575463,TARGA RESOURCES CORP,Growth,International Shares,Global Shares,Global Shares,Energy - 10,New York Stock Exchange Inc.,USD,United States,,Oil & Gas Storage & Transportation - 10102040,World Large Blend Equity,International Equities - Unhedged,IEQStock
0.01603063887588006,PPL CORP,Growth,International Shares,Global Shares,Global Shares,Utilities - 55,New York Stock Exchange Inc.,USD,United States,,Electric Utilities - 55101010,World Large Blend Equity,International Equities - Unhedged,IEQStock
0.017026058991535017,GENUINE PARTS,Growth,International Shares,Global Shares,Global Shares,Consumer Discretionary - 25,New York Stock Exchange Inc.,USD,United States,,Distributors - 25501010,World Large Blend Equity,International Equities - Unhedged,IEQStock
0.022712458250197978,HOWMET AEROSPACE INC,Growth,International Shares,Global Shares,Global Shares,Industrials - 20,New York Stock Exchange Inc.,USD,United States,,Aerospace & Defense - 20101010,World Large Blend Equity,International Equities - Unhedged,IEQStock
0.01556410612876356,RAYMOND JAMES INC,Growth,International Shares,Global Shares,Global Shares,Financials - 40,New York Stock Exchange Inc.,USD,United States,,Investment Banking & Brokerage - 40203020,World Large Blend Equity,International Equities - Unhedged,IEQStock
0.015645320543273666,FIRSTENERGY CORP,Growth,International Shares,Global Shares,Global Shares,Utilities - 55,New York Stock Exchange Inc.,USD,United States,,Electric Utilities - 55101010,World Large Blend Equity,International Equities - Unhedged,IEQStock
0.013146616607455728,EQUITY RESIDENTIAL REIT,Growth,International Shares,Global Shares,Global Shares,Real Estate - 60,New York Stock Exchange Inc.,USD,United States,,Multi-Family Residential REITs  - 60106010,World Large Blend Equity,International Equities - Unhedged,IEQStock
0.01729620497595634,LABORATORY CORPORATION OF AMERICA,Growth,International Shares,Global Shares,Global Shares,Health Care - 35,New York Stock Exchange Inc.,USD,United States,,Health Care Services - 35102015,World Large Blend Equity,International Equities - Unhedged,IEQStock
0.011392474864308064,INTERNATIONAL FLAVORS & FRAGRANCES,Growth,International Shares,Global Shares,Global Shares,Materials - 15,New York Stock Exchange Inc.,USD,United States,,Specialty Chemicals - 15101050,World Large Blend Equity,International Equities - Unhedged,IEQStock
0.013603290587697688,DOVER CORP,Growth,International Shares,Global Shares,Global Shares,Industrials - 20,New York Stock Exchange Inc.,USD,United States,,Industrial Machinery & Supplies & Components - 20106020,World Large Blend Equity,International Equities - Unhedged,IEQStock
0.02075662206078101,PULTEGROUP INC,Growth,International Shares,Global Shares,Global Shares,Consumer Discretionary - 25,New York Stock Exchange Inc.,USD,United States,,Homebuilding - 25201030,World Large Blend Equity,International Equities - Unhedged,IEQStock
0.013964535997113827,INVITATION HOMES INC,Growth,International Shares,Global Shares,Global Shares,Real Estate - 60,New York Stock Exchange Inc.,USD,United States,,Single-Family Residential REITs - 60106020,World Large Blend Equity,International Equities - Unhedged,IEQStock
0.01581564732558518,DARDEN RESTAURANTS INC,Growth,International Shares,Global Shares,Global Shares,Consumer Discretionary - 25,New York Stock Exchange Inc.,USD,United States,,Restaurants - 25301040,World Large Blend Equity,International Equities - Unhedged,IEQStock
0.016544110675784193,TELEDYNE TECHNOLOGIES INC,Growth,International Shares,Global Shares,Global Shares,Information Technology - 45,New York Stock Exchange Inc.,USD,United States,,Electronic Equipment & Instruments - 45203010,World Large Blend Equity,International Equities - Unhedged,IEQStock
0.016494591930881024,VENTAS REIT INC,Growth,International Shares,Global Shares,Global Shares,Real Estate - 60,New York Stock Exchange Inc.,USD,United States,,Health Care REITs - 60105010,World Large Blend Equity,International Equities - Unhedged,IEQStock
0.016727875457815854,GARMIN LTD,Growth,International Shares,Global Shares,Global Shares,Consumer Discretionary - 25,New York Stock Exchange Inc.,USD,United States,,Consumer Electronics - 25201010,World Large Blend Equity,International Equities - Unhedged,IEQStock
0.012080840577598808,BAXTER INTERNATIONAL INC,Growth,International Shares,Global Shares,Global Shares,Health Care - 35,New York Stock Exchange Inc.,USD,United States,,Health Care Equipment - 35101010,World Large Blend Equity,International Equities - Unhedged,IEQStock
0.011142037679677306,TYLER TECHNOLOGIES INC,Growth,International Shares,Global Shares,Global Shares,Information Technology - 45,New York Stock Exchange Inc.,USD,United States,,Application Software - 45103010,World Large Blend Equity,International Equities - Unhedged,IEQStock
0.012533211902578563,IRON MOUNTAIN INC,Growth,International Shares,Global Shares,Global Shares,Real Estate - 60,New York Stock Exchange Inc.,USD,United States,,Other Specialized REITs - 60108010,World Large Blend Equity,International Equities - Unhedged,IEQStock
0.013730467231940578,FLEETCOR TECHNOLOGIES INC,Growth,International Shares,Global Shares,Global Shares,Financials - 40,New York Stock Exchange Inc.,USD,United States,,Transaction & Payment Processing Services - 40201060,World Large Blend Equity,International Equities - Unhedged,IEQStock
0.016957039948325228,CENTERPOINT ENERGY INC,Growth,International Shares,Global Shares,Global Shares,Utilities - 55,New York Stock Exchange Inc.,USD,United States,,Multi-Utilities - 55103010,World Large Blend Equity,International Equities - Unhedged,IEQStock
0.008872383902231952,FACTSET RESEARCH SYSTEMS INC,Growth,International Shares,Global Shares,Global Shares,Financials - 40,New York Stock Exchange Inc.,USD,United States,,Financial Exchanges & Data - 40203040,World Large Blend Equity,International Equities - Unhedged,IEQStock
0.012620188917858243,JACOBS SOLUTIONS INC,Growth,International Shares,Global Shares,Global Shares,Industrials - 20,New York Stock Exchange Inc.,USD,United States,,Research & Consulting Services - 20202020,World Large Blend Equity,International Equities - Unhedged,IEQStock
0.010847160449241316,BROWN & BROWN INC,Growth,International Shares,Global Shares,Global Shares,Financials - 40,New York Stock Exchange Inc.,USD,United States,,Insurance Brokers - 40301010,World Large Blend Equity,International Equities - Unhedged,IEQStock
0.010766317403300332,EVEREST GROUP LTD,Growth,International Shares,Global Shares,Global Shares,Financials - 40,New York Stock Exchange Inc.,USD,United States,,Reinsurance - 40301050,World Large Blend Equity,International Equities - Unhedged,IEQStock
0.008307269123927522,CLOROX,Growth,International Shares,Global Shares,Global Shares,Consumer Staples - 30,New York Stock Exchange Inc.,USD,United States,,Household Products - 30301010,World Large Blend Equity,International Equities - Unhedged,IEQStock
0.015526465921291453,EXPEDITORS INTERNATIONAL OF WASHIN,Growth,International Shares,Global Shares,Global Shares,Industrials - 20,New York Stock Exchange Inc.,USD,United States,,Air Freight & Logistics - 20301010,World Large Blend Equity,International Equities - Unhedged,IEQStock
0.013615828089494703,ATMOS ENERGY CORP,Growth,International Shares,Global Shares,Global Shares,Utilities - 55,New York Stock Exchange Inc.,USD,United States,,Gas Utilities - 55102010,World Large Blend Equity,International Equities - Unhedged,IEQStock
0.010535574764925417,MCCORMICK & CO NON-VOTING INC,Growth,International Shares,Global Shares,Global Shares,Consumer Staples - 30,New York Stock Exchange Inc.,USD,United States,,Packaged Foods & Meats - 30202030,World Large Blend Equity,International Equities - Unhedged,IEQStock
0.012257006981099277,CMS ENERGY CORP,Growth,International Shares,Global Shares,Global Shares,Utilities - 55,New York Stock Exchange Inc.,USD,United States,,Multi-Utilities - 55103010,World Large Blend Equity,International Equities - Unhedged,IEQStock
0.01600984721995225,LAS VEGAS SANDS CORP,Growth,International Shares,Global Shares,Global Shares,Consumer Discretionary - 25,New York Stock Exchange Inc.,USD,United States,,Casinos & Gaming - 25301010,World Large Blend Equity,International Equities - Unhedged,IEQStock
0.010898869641127362,BALL CORP,Growth,International Shares,Global Shares,Global Shares,Materials - 15,New York Stock Exchange Inc.,USD,United States,,"Metal, Glass & Plastic Containers - 15103010",World Large Blend Equity,International Equities - Unhedged,IEQStock
0.01236267792764731,BUNGE GLOBAL SA,Growth,International Shares,Global Shares,Global Shares,Consumer Staples - 30,New York Stock Exchange Inc.,USD,United States,,Agricultural Products & Services - 30202010,World Large Blend Equity,International Equities - Unhedged,IEQStock
0.012057972592117631,ALEXANDRIA REAL ESTATE EQUITIES RE,Growth,International Shares,Global Shares,Global Shares,Real Estate - 60,New York Stock Exchange Inc.,USD,United States,,Office REITs - 60104010,World Large Blend Equity,International Equities - Unhedged,IEQStock
0.011607329727706138,WATERS CORP,Growth,International Shares,Global Shares,Global Shares,Health Care - 35,New York Stock Exchange Inc.,USD,United States,,Life Sciences Tools & Services - 35203010,World Large Blend Equity,International Equities - Unhedged,IEQStock
0.01190080002127383,VERALTO CORP,Growth,International Shares,Global Shares,Global Shares,Industrials - 20,New York Stock Exchange Inc.,USD,United States,,Environmental & Facilities Services - 20201050,World Large Blend Equity,International Equities - Unhedged,IEQStock
0.011962077659633738,TEXTRON INC,Growth,International Shares,Global Shares,Global Shares,Industrials - 20,New York Stock Exchange Inc.,USD,United States,,Aerospace & Defense - 20101010,World Large Blend Equity,International Equities - Unhedged,IEQStock
0.010391573047263366,OMNICOM GROUP INC,Growth,International Shares,Global Shares,Global Shares,Communication Services - 50,New York Stock Exchange Inc.,USD,United States,,Advertising - 50201010,World Large Blend Equity,International Equities - Unhedged,IEQStock
0.011589669130395417,CF INDUSTRIES HOLDINGS INC,Growth,International Shares,Global Shares,Global Shares,Materials - 15,New York Stock Exchange Inc.,USD,United States,,Fertilizers & Agricultural Chemicals - 15101030,World Large Blend Equity,International Equities - Unhedged,IEQStock
0.011744127860881002,HUBBELL INC,Growth,International Shares,Global Shares,Global Shares,Industrials - 20,New York Stock Exchange Inc.,USD,United States,,Electrical Components & Equipment - 20104010,World Large Blend Equity,International Equities - Unhedged,IEQStock
0.013743297883094432,QUEST DIAGNOSTICS INC,Growth,International Shares,Global Shares,Global Shares,Health Care - 35,New York Stock Exchange Inc.,USD,United States,,Health Care Services - 35102015,World Large Blend Equity,International Equities - Unhedged,IEQStock
0.008971622558939612,IDEX CORP,Growth,International Shares,Global Shares,Global Shares,Industrials - 20,New York Stock Exchange Inc.,USD,United States,,Industrial Machinery & Supplies & Components - 20106020,World Large Blend Equity,International Equities - Unhedged,IEQStock
0.01661568682089852,REGIONS FINANCIAL CORP,Growth,International Shares,Global Shares,Global Shares,Financials - 40,New York Stock Exchange Inc.,USD,United States,,Regional Banks - 40101015,World Large Blend Equity,International Equities - Unhedged,IEQStock
0.011260593918770087,ALBEMARLE CORP,Growth,International Shares,Global Shares,Global Shares,Materials - 15,New York Stock Exchange Inc.,USD,United States,,Specialty Chemicals - 15101050,World Large Blend Equity,International Equities - Unhedged,IEQStock
0.01047017547160135,AVERY DENNISON CORP,Growth,International Shares,Global Shares,Global Shares,Materials - 15,New York Stock Exchange Inc.,USD,United States,,Paper & Plastic Packaging Products & Materials - 15103020,World Large Blend Equity,International Equities - Unhedged,IEQStock
0.008609382515222213,EPAM SYSTEMS INC,Growth,International Shares,Global Shares,Global Shares,Information Technology - 45,New York Stock Exchange Inc.,USD,United States,,IT Consulting & Other Services - 45102010,World Large Blend Equity,International Equities - Unhedged,IEQStock
0.010935617942310483,SNAP ON INC,Growth,International Shares,Global Shares,Global Shares,Industrials - 20,New York Stock Exchange Inc.,USD,United States,,Industrial Machinery & Supplies & Components - 20106020,World Large Blend Equity,International Equities - Unhedged,IEQStock
0.014334968357047133,LEIDOS HOLDINGS INC,Growth,International Shares,Global Shares,Global Shares,Industrials - 20,New York Stock Exchange Inc.,USD,United States,,Research & Consulting Services - 20202020,World Large Blend Equity,International Equities - Unhedged,IEQStock
0.011050883432110064,PACKAGING CORP OF AMERICA,Growth,International Shares,Global Shares,Global Shares,Materials - 15,New York Stock Exchange Inc.,USD,United States,,Paper & Plastic Packaging Products & Materials - 15103020,World Large Blend Equity,International Equities - Unhedged,IEQStock
0.011169963624987924,SOUTHWEST AIRLINES,Growth,International Shares,Global Shares,Global Shares,Industrials - 20,New York Stock Exchange Inc.,USD,United States,,Passenger Airlines - 20302010,World Large Blend Equity,International Equities - Unhedged,IEQStock
0.01076825811318364,MID AMERICA APARTMENT COMMUNITIES,Growth,International Shares,Global Shares,Global Shares,Real Estate - 60,New York Stock Exchange Inc.,USD,United States,,Multi-Family Residential REITs  - 60106010,World Large Blend Equity,International Equities - Unhedged,IEQStock
0.014078689425351754,WR BERKLEY CORP,Growth,International Shares,Global Shares,Global Shares,Financials - 40,New York Stock Exchange Inc.,USD,United States,,Property & Casualty Insurance - 40301040,World Large Blend Equity,International Equities - Unhedged,IEQStock
0.009825993734934924,LAMB WESTON HOLDINGS INC,Growth,International Shares,Global Shares,Global Shares,Consumer Staples - 30,New York Stock Exchange Inc.,USD,United States,,Packaged Foods & Meats - 30202030,World Large Blend Equity,International Equities - Unhedged,IEQStock
0.010805382740478832,ESSEX PROPERTY TRUST REIT INC,Growth,International Shares,Global Shares,Global Shares,Real Estate - 60,New York Stock Exchange Inc.,USD,United States,,Multi-Family Residential REITs  - 60106010,World Large Blend Equity,International Equities - Unhedged,IEQStock
0.011207185473861774,KELLANOVA,Growth,International Shares,Global Shares,Global Shares,Consumer Staples - 30,New York Stock Exchange Inc.,USD,United States,,Packaged Foods & Meats - 30202030,World Large Blend Equity,International Equities - Unhedged,IEQStock
0.011283258213753125,TYSON FOODS INC CLASS A,Growth,International Shares,Global Shares,Global Shares,Consumer Staples - 30,New York Stock Exchange Inc.,USD,United States,,Packaged Foods & Meats - 30202030,World Large Blend Equity,International Equities - Unhedged,IEQStock
0.010468265823825056,AMCOR PLC,Growth,International Shares,Global Shares,Global Shares,Materials - 15,New York Stock Exchange Inc.,USD,United States,,Paper & Plastic Packaging Products & Materials - 15103020,World Large Blend Equity,International Equities - Unhedged,IEQStock
0.010561423810830861,STANLEY BLACK & DECKER INC,Growth,International Shares,Global Shares,Global Shares,Industrials - 20,New York Stock Exchange Inc.,USD,United States,,Industrial Machinery & Supplies & Components - 20106020,World Large Blend Equity,International Equities - Unhedged,IEQStock
0.005901559851629976,CONAGRA BRANDS INC,Growth,International Shares,Global Shares,Global Shares,Consumer Staples - 30,New York Stock Exchange Inc.,USD,United States,,Packaged Foods & Meats - 30202030,World Large Blend Equity,International Equities - Unhedged,IEQStock
0.011414412676963347,DOMINOS PIZZA INC,Growth,International Shares,Global Shares,Global Shares,Consumer Discretionary - 25,New York Stock Exchange Inc.,USD,United States,,Restaurants - 25301040,World Large Blend Equity,International Equities - Unhedged,IEQStock
0.009796705705496294,BEST BUY CO INC,Growth,International Shares,Global Shares,Global Shares,Consumer Discretionary - 25,New York Stock Exchange Inc.,USD,United States,,Computer & Electronics Retail - 25504020,World Large Blend Equity,International Equities - Unhedged,IEQStock
0.014606967105472013,CARNIVAL CORP,Growth,International Shares,Global Shares,Global Shares,Consumer Discretionary - 25,New York Stock Exchange Inc.,USD,United States,,"Hotels, Resorts & Cruise Lines - 25301020",World Large Blend Equity,International Equities - Unhedged,IEQStock
0.011543389091392325,MASCO CORP,Growth,International Shares,Global Shares,Global Shares,Industrials - 20,New York Stock Exchange Inc.,USD,United States,,Building Products - 20102010,World Large Blend Equity,International Equities - Unhedged,IEQStock
0.013405788673221288,SYNCHRONY FINANCIAL,Growth,International Shares,Global Shares,Global Shares,Financials - 40,New York Stock Exchange Inc.,USD,United States,,Consumer Finance - 40202010,World Large Blend Equity,International Equities - Unhedged,IEQStock
0.011006094014986263,LIVE NATION ENTERTAINMENT INC,Growth,International Shares,Global Shares,Global Shares,Communication Services - 50,New York Stock Exchange Inc.,USD,United States,,Movies & Entertainment - 50202010,World Large Blend Equity,International Equities - Unhedged,IEQStock
0.013636780044598827,CITIZENS FINANCIAL GROUP INC,Growth,International Shares,Global Shares,Global Shares,Financials - 40,New York Stock Exchange Inc.,USD,United States,,Regional Banks - 40101015,World Large Blend Equity,International Equities - Unhedged,IEQStock
0.009784937541002948,LOEWS CORP,Growth,International Shares,Global Shares,Global Shares,Financials - 40,New York Stock Exchange Inc.,CAD,Canada,,Property & Casualty Insurance - 40301040,World Large Blend Equity,International Equities - Unhedged,IEQStock
0.007902285699436183,INTERNATIONAL PAPER,Growth,International Shares,Global Shares,Global Shares,Materials - 15,New York Stock Exchange Inc.,USD,United States,,Paper & Plastic Packaging Products & Materials - 15103020,World Large Blend Equity,International Equities - Unhedged,IEQStock
0.008591128393556273,JM SMUCKER,Growth,International Shares,Global Shares,Global Shares,Consumer Staples - 30,New York Stock Exchange Inc.,USD,United States,,Packaged Foods & Meats - 30202030,World Large Blend Equity,International Equities - Unhedged,IEQStock
0.007855345698652885,CELANESE CORP,Growth,International Shares,Global Shares,Global Shares,Materials - 15,New York Stock Exchange Inc.,USD,United States,,Specialty Chemicals - 15101050,World Large Blend Equity,International Equities - Unhedged,IEQStock
0.008217354068658957,KIMCO REALTY REIT CORP,Growth,International Shares,Global Shares,Global Shares,Real Estate - 60,New York Stock Exchange Inc.,USD,United States,,Retail REITs - 60107010,World Large Blend Equity,International Equities - Unhedged,IEQStock
0.008200290049510077,INTERPUBLIC GROUP OF COMPANIES INC,Growth,International Shares,Global Shares,Global Shares,Communication Services - 50,New York Stock Exchange Inc.,USD,United States,,Advertising - 50201010,World Large Blend Equity,International Equities - Unhedged,IEQStock
0.007540740963798163,MOLSON COORS BREWING CLASS B,Growth,International Shares,Global Shares,Global Shares,Consumer Staples - 30,New York Stock Exchange Inc.,USD,United States,,Brewers - 30201010,World Large Blend Equity,International Equities - Unhedged,IEQStock
0.009006477135552676,AES CORP,Growth,International Shares,Global Shares,Global Shares,Utilities - 55,New York Stock Exchange Inc.,USD,United States,,Independent Power Producers & Traders - 55105010,World Large Blend Equity,International Equities - Unhedged,IEQStock
0.008560809507722542,BROWN FORMAN CORP CLASS B,Growth,International Shares,Global Shares,Global Shares,Consumer Staples - 30,New York Stock Exchange Inc.,USD,United States,,Unknown,World Large Blend Equity,International Equities - Unhedged,IEQStock
0.00980601816339126,MGM RESORTS INTERNATIONAL,Growth,International Shares,Global Shares,Global Shares,Consumer Discretionary - 25,New York Stock Exchange Inc.,USD,United States,,Casinos & Gaming - 25301010,World Large Blend Equity,International Equities - Unhedged,IEQStock
0.010442894704781689,ROLLINS INC,Growth,International Shares,Global Shares,Global Shares,Industrials - 20,New York Stock Exchange Inc.,USD,United States,,Environmental & Facilities Services - 20201050,World Large Blend Equity,International Equities - Unhedged,IEQStock
0.011632670364439848,MOSAIC,Growth,International Shares,Global Shares,Global Shares,Materials - 15,New York Stock Exchange Inc.,USD,United States,,Fertilizers & Agricultural Chemicals - 15101030,World Large Blend Equity,International Equities - Unhedged,IEQStock
0.006911697381425284,REVVITY INC,Growth,International Shares,Global Shares,Global Shares,Health Care - 35,New York Stock Exchange Inc.,USD,United States,,Life Sciences Tools & Services - 35203010,World Large Blend Equity,International Equities - Unhedged,IEQStock
0.009669619140578069,KEYCORP,Growth,International Shares,Global Shares,Global Shares,Financials - 40,New York Stock Exchange Inc.,USD,United States,,Diversified Banks - 40101010,World Large Blend Equity,International Equities - Unhedged,IEQStock
0.013811920105786855,NRG ENERGY INC,Growth,International Shares,Global Shares,Global Shares,Utilities - 55,New York Stock Exchange Inc.,USD,United States,,Electric Utilities - 55101010,World Large Blend Equity,International Equities - Unhedged,IEQStock
0.009843999398569944,NISOURCE INC,Growth,International Shares,Global Shares,Global Shares,Utilities - 55,New York Stock Exchange Inc.,USD,United States,,Multi-Utilities - 55103010,World Large Blend Equity,International Equities - Unhedged,IEQStock
0.008222572678328759,CERIDIAN HCM HOLDING INC,Growth,International Shares,Global Shares,Global Shares,Industrials - 20,New York Stock Exchange Inc.,USD,United States,,Human Resource & Employment Services - 20202010,World Large Blend Equity,International Equities - Unhedged,IEQStock
0.006423748328018296,CARMAX INC,Growth,International Shares,Global Shares,Global Shares,Consumer Discretionary - 25,New York Stock Exchange Inc.,USD,United States,,Automotive Retail - 25504050,World Large Blend Equity,International Equities - Unhedged,IEQStock
0.009146898314441603,PENTAIR,Growth,International Shares,Global Shares,Global Shares,Industrials - 20,New York Stock Exchange Inc.,USD,United States,,Industrial Machinery & Supplies & Components - 20106020,World Large Blend Equity,International Equities - Unhedged,IEQStock
0.010743232519779117,GLOBE LIFE INC,Growth,International Shares,Global Shares,Global Shares,Financials - 40,New York Stock Exchange Inc.,USD,United States,,Life & Health Insurance - 40301020,World Large Blend Equity,International Equities - Unhedged,IEQStock
0.007803529882989628,UDR REIT INC,Growth,International Shares,Global Shares,Global Shares,Real Estate - 60,New York Stock Exchange Inc.,USD,United States,,Multi-Family Residential REITs  - 60106010,World Large Blend Equity,International Equities - Unhedged,IEQStock
0.006080300763407157,TELEFLEX INC,Growth,International Shares,Global Shares,Global Shares,Health Care - 35,New York Stock Exchange Inc.,USD,United States,,Health Care Equipment - 35101010,World Large Blend Equity,International Equities - Unhedged,IEQStock
0.008560809507722542,WESTROCK,Growth,International Shares,Global Shares,Global Shares,Materials - 15,New York Stock Exchange Inc.,USD,United States,,Paper & Plastic Packaging Products & Materials - 15103020,World Large Blend Equity,International Equities - Unhedged,IEQStock
0.0046283496732857626,HORMEL FOODS CORP,Growth,International Shares,Global Shares,Global Shares,Consumer Staples - 30,New York Stock Exchange Inc.,USD,United States,,Packaged Foods & Meats - 30202030,World Large Blend Equity,International Equities - Unhedged,IEQStock
0.007573487544453764,CHARLES RIVER LABORATORIES INTERNA,Growth,International Shares,Global Shares,Global Shares,Health Care - 35,New York Stock Exchange Inc.,USD,United States,,Life Sciences Tools & Services - 35203010,World Large Blend Equity,International Equities - Unhedged,IEQStock
0.012267458361624526,HUNTINGTON INGALLS INDUSTRIES INC,Growth,International Shares,Global Shares,Global Shares,Industrials - 20,New York Stock Exchange Inc.,USD,United States,,Aerospace & Defense - 20101010,World Large Blend Equity,International Equities - Unhedged,IEQStock
0.008261284459451639,CAMDEN PROPERTY TRUST REIT,Growth,International Shares,Global Shares,Global Shares,Real Estate - 60,New York Stock Exchange Inc.,USD,United States,,Multi-Family Residential REITs  - 60106010,World Large Blend Equity,International Equities - Unhedged,IEQStock
0.006594035707109083,EASTMAN CHEMICAL,Growth,International Shares,Global Shares,Global Shares,Materials - 15,New York Stock Exchange Inc.,USD,United States,,Specialty Chemicals - 15101050,World Large Blend Equity,International Equities - Unhedged,IEQStock
0.00757675987017968,HEALTHPEAK PROPERTIES INC,Growth,International Shares,Global Shares,Global Shares,Real Estate - 60,New York Stock Exchange Inc.,USD,United States,,Health Care REITs - 60105010,World Large Blend Equity,International Equities - Unhedged,IEQStock
0.011123549544010423,ALLEGION PLC,Growth,International Shares,Global Shares,Global Shares,Industrials - 20,New York Stock Exchange Inc.,USD,United States,,Building Products - 20102010,World Large Blend Equity,International Equities - Unhedged,IEQStock
0.0059649133539123175,A O SMITH CORP,Growth,International Shares,Global Shares,Global Shares,Industrials - 20,New York Stock Exchange Inc.,USD,United States,,Building Products - 20102010,World Large Blend Equity,International Equities - Unhedged,IEQStock
0.005604940000609791,JUNIPER NETWORKS INC,Growth,International Shares,Global Shares,Global Shares,Information Technology - 45,New York Stock Exchange Inc.,USD,United States,,Communications Equipment - 45201020,World Large Blend Equity,International Equities - Unhedged,IEQStock
0.005771178869899809,ASSURANT INC,Growth,International Shares,Global Shares,Global Shares,Financials - 40,New York Stock Exchange Inc.,USD,United States,,Multi-line Insurance - 40301030,World Large Blend Equity,International Equities - Unhedged,IEQStock
0.006324788602166726,PAYCOM SOFTWARE INC,Growth,International Shares,Global Shares,Global Shares,Industrials - 20,New York Stock Exchange Inc.,USD,United States,,Human Resource & Employment Services - 20202010,World Large Blend Equity,International Equities - Unhedged,IEQStock
0.006016231666942601,PINNACLE WEST CORP,Growth,International Shares,Global Shares,Global Shares,Utilities - 55,New York Stock Exchange Inc.,USD,United States,,Electric Utilities - 55101010,World Large Blend Equity,International Equities - Unhedged,IEQStock
0.005775914206562832,UNIVERSAL HEALTH SERVICES INC CLAS,Growth,International Shares,Global Shares,Global Shares,Health Care - 35,New York Stock Exchange Inc.,USD,United States,,Health Care Facilities - 35102020,World Large Blend Equity,International Equities - Unhedged,IEQStock
0.008347825408888671,BOSTON PROPERTIES REIT INC,Growth,International Shares,Global Shares,Global Shares,Real Estate - 60,New York Stock Exchange Inc.,USD,United States,,Office REITs - 60104010,World Large Blend Equity,International Equities - Unhedged,IEQStock
0.0030228915775210954,ROBERT HALF,Growth,International Shares,Global Shares,Global Shares,Industrials - 20,New York Stock Exchange Inc.,USD,United States,,Human Resource & Employment Services - 20202010,World Large Blend Equity,International Equities - Unhedged,IEQStock
0.0057072063384816735,CAMPBELL SOUP,Growth,International Shares,Global Shares,Global Shares,Consumer Staples - 30,New York Stock Exchange Inc.,USD,United States,,Packaged Foods & Meats - 30202030,World Large Blend Equity,International Equities - Unhedged,IEQStock
0.007676632369722447,BORGWARNER INC,Growth,International Shares,Global Shares,Global Shares,Consumer Discretionary - 25,New York Stock Exchange Inc.,USD,United States,,Automotive Parts & Equipment - 25101010,World Large Blend Equity,International Equities - Unhedged,IEQStock
0.006449864475640311,BATH AND BODY WORKS INC,Growth,International Shares,Global Shares,Global Shares,Consumer Discretionary - 25,New York Stock Exchange Inc.,USD,United States,,Other Specialty Retail - 25504040,World Large Blend Equity,International Equities - Unhedged,IEQStock
0.00512603481316958,FEDERAL REALTY INVESTMENT TRUST RE,Growth,International Shares,Global Shares,Global Shares,Real Estate - 60,New York Stock Exchange Inc.,USD,United States,,Retail REITs - 60107010,World Large Blend Equity,International Equities - Unhedged,IEQStock
0.0072176892383163955,FRANKLIN RESOURCES INC,Growth,International Shares,Global Shares,Global Shares,Financials - 40,New York Stock Exchange Inc.,USD,United States,,Asset Management & Custody Banks - 40203010,World Large Blend Equity,International Equities - Unhedged,IEQStock
0.004590655581868628,FMC CORP,Growth,International Shares,Global Shares,Global Shares,Materials - 15,New York Stock Exchange Inc.,USD,United States,,Fertilizers & Agricultural Chemicals - 15101030,World Large Blend Equity,International Equities - Unhedged,IEQStock
0.006818832468260126,GENERAC HOLDINGS INC,Growth,International Shares,Global Shares,Global Shares,Industrials - 20,New York Stock Exchange Inc.,USD,United States,,Electrical Components & Equipment - 20104010,World Large Blend Equity,International Equities - Unhedged,IEQStock
0.008894960192625201,TAPESTRY INC,Growth,International Shares,Global Shares,Global Shares,Consumer Discretionary - 25,New York Stock Exchange Inc.,USD,United States,,"Apparel, Accessories & Luxury Goods - 25203010",World Large Blend Equity,International Equities - Unhedged,IEQStock
0.005175071151888595,BIO RAD LABORATORIES INC CLASS A,Growth,International Shares,Global Shares,Global Shares,Health Care - 35,New York Stock Exchange Inc.,USD,United States,,Life Sciences Tools & Services - 35203010,World Large Blend Equity,International Equities - Unhedged,IEQStock
0.005885707297504363,CATALENT INC,Growth,International Shares,Global Shares,Global Shares,Health Care - 35,New York Stock Exchange Inc.,USD,United States,,Pharmaceuticals - 35202010,World Large Blend Equity,International Equities - Unhedged,IEQStock
0.0046438353461702355,WHIRLPOOL CORP,Growth,International Shares,Global Shares,Global Shares,Consumer Discretionary - 25,New York Stock Exchange Inc.,USD,United States,,Household Appliances - 25201040,World Large Blend Equity,International Equities - Unhedged,IEQStock
0.007147067891840055,INVESCO LTD,Growth,International Shares,Global Shares,Global Shares,Financials - 40,New York Stock Exchange Inc.,USD,United States,,Asset Management & Custody Banks - 40203010,World Large Blend Equity,International Equities - Unhedged,IEQStock
0.005509794226501555,NORWEGIAN CRUISE LINE HOLDINGS LTD,Growth,International Shares,Global Shares,Global Shares,Consumer Discretionary - 25,New York Stock Exchange Inc.,USD,United States,,"Hotels, Resorts & Cruise Lines - 25301020",World Large Blend Equity,International Equities - Unhedged,IEQStock
0.006512766748100851,COMERICA INC,Growth,International Shares,Global Shares,Global Shares,Financials - 40,New York Stock Exchange Inc.,USD,United States,,Diversified Banks - 40101010,World Large Blend Equity,International Equities - Unhedged,IEQStock
0.002011883315499254,VF CORP,Growth,International Shares,Global Shares,Global Shares,Consumer Discretionary - 25,New York Stock Exchange Inc.,USD,United States,,"Apparel, Accessories & Luxury Goods - 25203010",World Large Blend Equity,International Equities - Unhedged,IEQStock
0.003668371240118989,RALPH LAUREN CORP CLASS A,Growth,International Shares,Global Shares,Global Shares,Consumer Discretionary - 25,New York Stock Exchange Inc.,USD,United States,,"Apparel, Accessories & Luxury Goods - 25203010",World Large Blend Equity,International Equities - Unhedged,IEQStock
0.003178415214694595,MOHAWK INDUSTRIES INC,Growth,International Shares,Global Shares,Global Shares,Consumer Discretionary - 25,New York Stock Exchange Inc.,USD,United States,,Home Furnishings - 25201020,World Large Blend Equity,International Equities - Unhedged,IEQStock
0.0026286350557981858,DAVITA INC,Growth,International Shares,Global Shares,Global Shares,Health Care - 35,New York Stock Exchange Inc.,USD,United States,,Health Care Services - 35102015,World Large Blend Equity,International Equities - Unhedged,IEQStock
0.008636152165656278,MELROSE INDUSTRIES PLC,Growth,International Shares,Global Shares,Global Shares,Energy - 10,New York Stock Exchange Inc.,USD,United States,,Oil & Gas Exploration & Production - 10102020,World Large Blend Equity,International Equities - Unhedged,IEQStock
0.012832859535323793,EQT,Growth,International Shares,Global Shares,Global Shares,Energy - 10,New York Stock Exchange Inc.,USD,United States,,Oil & Gas Exploration & Production - 10102020,World Large Blend Equity,International Equities - Unhedged,IEQStock
0.4765517292632205,BERKSHIRE HATHAWAY INC CLASS B,Growth,International Shares,Global Shares,Global Shares,Financials - 40,New York Stock Exchange Inc.,USD,United States,,Unknown,World Large Blend Equity,International Equities - Unhedged,IEQStock
0.21675267019042774,UNITEDHEALTH GROUP INC,Growth,International Shares,Global Shares,Global Shares,Health Care - 35,New York Stock Exchange Inc.,USD,United States,,Managed Health Care - 35102030,World Large Blend Equity,International Equities - Unhedged,IEQStock
0.3357786057067159,ELI LILLY,Growth,International Shares,Global Shares,Global Shares,Health Care - 35,New York Stock Exchange Inc.,USD,United States,,Pharmaceuticals - 35202010,World Large Blend Equity,International Equities - Unhedged,IEQStock
0.30621891723962114,EXXON MOBIL CORP,Growth,International Shares,Global Shares,Global Shares,Energy - 10,New York Stock Exchange Inc.,USD,United States,,Integrated Oil & Gas - 10102010,World Large Blend Equity,International Equities - Unhedged,IEQStock
0.44493972025280176,JPMORGAN CHASE & CO,Growth,International Shares,Global Shares,Global Shares,Financials - 40,New York Stock Exchange Inc.,USD,United States,,Diversified Banks - 40101010,World Large Blend Equity,International Equities - Unhedged,IEQStock
0.3303360789110761,VISA INC CLASS A,Growth,International Shares,Global Shares,Global Shares,Financials - 40,New York Stock Exchange Inc.,USD,United States,,Transaction & Payment Processing Services - 40201060,World Large Blend Equity,International Equities - Unhedged,IEQStock
0.33909949335470063,JOHNSON & JOHNSON,Growth,International Shares,Global Shares,Global Shares,Health Care - 35,New York Stock Exchange Inc.,USD,United States,,Pharmaceuticals - 35202010,World Large Blend Equity,International Equities - Unhedged,IEQStock
0.2325517222051273,PROCTER & GAMBLE,Growth,International Shares,Global Shares,Global Shares,Consumer Staples - 30,New York Stock Exchange Inc.,USD,United States,,Household Products - 30301010,World Large Blend Equity,International Equities - Unhedged,IEQStock
0.28066309220751673,MASTERCARD INC CLASS A,Growth,International Shares,Global Shares,Global Shares,Financials - 40,New York Stock Exchange Inc.,USD,United States,,Transaction & Payment Processing Services - 40201060,World Large Blend Equity,International Equities - Unhedged,IEQStock
0.2596111314435655,HOME DEPOT INC,Growth,International Shares,Global Shares,Global Shares,Consumer Discretionary - 25,New York Stock Exchange Inc.,USD,United States,,Home Improvement Retail - 25504030,World Large Blend Equity,International Equities - Unhedged,IEQStock
0.17856189481447451,MERCK & CO INC,Growth,International Shares,Global Shares,Global Shares,Health Care - 35,New York Stock Exchange Inc.,USD,United States,,Pharmaceuticals - 35202010,World Large Blend Equity,International Equities - Unhedged,IEQStock
0.20566669071875968,CHEVRON CORP,Growth,International Shares,Global Shares,Global Shares,Energy - 10,New York Stock Exchange Inc.,USD,United States,,Integrated Oil & Gas - 10102010,World Large Blend Equity,International Equities - Unhedged,IEQStock
0.2398889453201308,ABBVIE INC,Growth,International Shares,Global Shares,Global Shares,Health Care - 35,New York Stock Exchange Inc.,USD,United States,,Biotechnology - 35201010,World Large Blend Equity,International Equities - Unhedged,IEQStock
0.17152823884633858,WALMART INC,Growth,International Shares,Global Shares,Global Shares,Consumer Staples - 30,New York Stock Exchange Inc.,USD,United States,,Consumer Staples Merchandise Retail - 30101040,World Large Blend Equity,International Equities - Unhedged,IEQStock
0.18339969151082042,COCA-COLA,Growth,International Shares,Global Shares,Global Shares,Consumer Staples - 30,New York Stock Exchange Inc.,USD,United States,,Soft Drinks & Non-alcoholic Beverages - 30201030,World Large Blend Equity,International Equities - Unhedged,IEQStock
0.1377915716909397,SALESFORCE INC,Growth,International Shares,Global Shares,Global Shares,Information Technology - 45,New York Stock Exchange Inc.,USD,United States,,Application Software - 45103010,World Large Blend Equity,International Equities - Unhedged,IEQStock
0.11176586725915946,ACCENTURE PLC CLASS A,Growth,International Shares,Global Shares,Global Shares,Information Technology - 45,New York Stock Exchange Inc.,USD,United States,,IT Consulting & Other Services - 45102010,World Large Blend Equity,International Equities - Unhedged,IEQStock
0.16357960984249192,MCDONALDS CORP,Growth,International Shares,Global Shares,Global Shares,Consumer Discretionary - 25,New York Stock Exchange Inc.,USD,United States,,Restaurants - 25301040,World Large Blend Equity,International Equities - Unhedged,IEQStock
0.1943735532111386,BANK OF AMERICA CORP,Growth,International Shares,Global Shares,Global Shares,Financials - 40,New York Stock Exchange Inc.,USD,United States,,Diversified Banks - 40101010,World Large Blend Equity,International Equities - Unhedged,IEQStock
0.14054057317823662,THERMO FISHER SCIENTIFIC INC,Growth,International Shares,Global Shares,Global Shares,Health Care - 35,New York Stock Exchange Inc.,USD,United States,,Life Sciences Tools & Services - 35203010,World Large Blend Equity,International Equities - Unhedged,IEQStock
0.11185522079747215,PFIZER INC,Growth,International Shares,Global Shares,Global Shares,Health Care - 35,New York Stock Exchange Inc.,USD,United States,,Pharmaceuticals - 35202010,World Large Blend Equity,International Equities - Unhedged,IEQStock
0.15876558251966974,ORACLE CORP,Growth,International Shares,Global Shares,Global Shares,Information Technology - 45,New York Stock Exchange Inc.,USD,United States,,Systems Software - 45103020,World Large Blend Equity,International Equities - Unhedged,IEQStock
0.16399426067671316,ABBOTT LABORATORIES,Growth,International Shares,Global Shares,Global Shares,Health Care - 35,New York Stock Exchange Inc.,USD,United States,,Health Care Equipment - 35101010,World Large Blend Equity,International Equities - Unhedged,IEQStock
0.12741805849428559,WALT DISNEY,Growth,International Shares,Global Shares,Global Shares,Communication Services - 50,New York Stock Exchange Inc.,USD,United States,,Movies & Entertainment - 50202010,World Large Blend Equity,International Equities - Unhedged,IEQStock
0.1325587512721165,VERIZON COMMUNICATIONS INC,Growth,International Shares,Global Shares,Global Shares,Communication Services - 50,New York Stock Exchange Inc.,USD,United States,,Integrated Telecommunication Services - 50101020,World Large Blend Equity,International Equities - Unhedged,IEQStock
0.15024074430765297,WELLS FARGO,Growth,International Shares,Global Shares,Global Shares,Financials - 40,New York Stock Exchange Inc.,USD,United States,,Diversified Banks - 40101010,World Large Blend Equity,International Equities - Unhedged,IEQStock
0.14662351320301817,PHILIP MORRIS INTERNATIONAL INC,Growth,International Shares,Global Shares,Global Shares,Consumer Staples - 30,New York Stock Exchange Inc.,USD,United States,,Tobacco - 30203010,World Large Blend Equity,International Equities - Unhedged,IEQStock
0.09682683868540967,CONOCOPHILLIPS,Growth,International Shares,Global Shares,Global Shares,Energy - 10,New York Stock Exchange Inc.,USD,United States,,Oil & Gas Exploration & Production - 10102020,World Large Blend Equity,International Equities - Unhedged,IEQStock
0.11694710421736225,INTERNATIONAL BUSINESS MACHINES CO,Growth,International Shares,Global Shares,Global Shares,Information Technology - 45,New York Stock Exchange Inc.,USD,United States,,IT Consulting & Other Services - 45102010,World Large Blend Equity,International Equities - Unhedged,IEQStock
0.09336678829831167,NIKE INC CLASS B,Growth,International Shares,Global Shares,Global Shares,Consumer Discretionary - 25,New York Stock Exchange Inc.,USD,United States,,Footwear - 25203020,World Large Blend Equity,International Equities - Unhedged,IEQStock
0.0997857354277188,DANAHER CORP,Growth,International Shares,Global Shares,Global Shares,Health Care - 35,New York Stock Exchange Inc.,USD,United States,,Life Sciences Tools & Services - 35203010,World Large Blend Equity,International Equities - Unhedged,IEQStock
0.10351369163412318,UNION PACIFIC CORP,Growth,International Shares,Global Shares,Global Shares,Industrials - 20,New York Stock Exchange Inc.,USD,United States,,Rail Transportation - 20304010,World Large Blend Equity,International Equities - Unhedged,IEQStock
0.08890541022852248,SERVICENOW INC,Growth,International Shares,Global Shares,Global Shares,Information Technology - 45,New York Stock Exchange Inc.,USD,United States,,Systems Software - 45103020,World Large Blend Equity,International Equities - Unhedged,IEQStock
0.10998545122752772,S&P GLOBAL INC,Growth,International Shares,Global Shares,Global Shares,Financials - 40,New York Stock Exchange Inc.,USD,United States,,Financial Exchanges & Data - 40203040,World Large Blend Equity,International Equities - Unhedged,IEQStock
0.16479348717625633,GENERAL ELECTRIC,Growth,International Shares,Global Shares,Global Shares,Industrials - 20,New York Stock Exchange Inc.,USD,United States,,Industrial Conglomerates - 20105010,World Large Blend Equity,International Equities - Unhedged,IEQStock
0.12124114536717501,RTX CORP,Growth,International Shares,Global Shares,Global Shares,Industrials - 20,New York Stock Exchange Inc.,USD,United States,,Aerospace & Defense - 20101010,World Large Blend Equity,International Equities - Unhedged,IEQStock
0.12196392453807278,CATERPILLAR INC,Growth,International Shares,Global Shares,Global Shares,Industrials - 20,New York Stock Exchange Inc.,USD,United States,,Construction Machinery & Heavy Transportation Equipment - 20106010,World Large Blend Equity,International Equities - Unhedged,IEQStock
0.09177385223882942,NEXTERA ENERGY INC,Growth,International Shares,Global Shares,Global Shares,Utilities - 55,New York Stock Exchange Inc.,USD,United States,,Electric Utilities - 55101010,World Large Blend Equity,International Equities - Unhedged,IEQStock
0.09249767362027175,LOWES COMPANIES INC,Growth,International Shares,Global Shares,Global Shares,Consumer Discretionary - 25,New York Stock Exchange Inc.,USD,United States,,Home Improvement Retail - 25504030,World Large Blend Equity,International Equities - Unhedged,IEQStock
0.06188928457645611,BRISTOL MYERS SQUIBB,Growth,International Shares,Global Shares,Global Shares,Health Care - 35,New York Stock Exchange Inc.,USD,United States,,Pharmaceuticals - 35202010,World Large Blend Equity,International Equities - Unhedged,IEQStock
0.12107273975275773,BOEING,Growth,International Shares,Global Shares,Global Shares,Industrials - 20,New York Stock Exchange Inc.,USD,United States,,Aerospace & Defense - 20101010,World Large Blend Equity,International Equities - Unhedged,IEQStock
0.06901712712551006,ELEVANCE HEALTH INC,Growth,International Shares,Global Shares,Global Shares,Health Care - 35,New York Stock Exchange Inc.,USD,United States,,Managed Health Care - 35102030,World Large Blend Equity,International Equities - Unhedged,IEQStock
0.11884448391613224,GOLDMAN SACHS GROUP INC,Growth,International Shares,Global Shares,Global Shares,Financials - 40,New York Stock Exchange Inc.,USD,United States,,Investment Banking & Brokerage - 40203020,World Large Blend Equity,International Equities - Unhedged,IEQStock
0.08389701972270322,TJX INC,Growth,International Shares,Global Shares,Global Shares,Consumer Discretionary - 25,New York Stock Exchange Inc.,USD,United States,,Apparel Retail - 25504010,World Large Blend Equity,International Equities - Unhedged,IEQStock
0.05738344783849452,UNITED PARCEL SERVICE INC CLASS B,Growth,International Shares,Global Shares,Global Shares,Industrials - 20,New York Stock Exchange Inc.,USD,United States,,Air Freight & Logistics - 20301010,World Large Blend Equity,International Equities - Unhedged,IEQStock
0.06689031629425489,LOCKHEED MARTIN CORP,Growth,International Shares,Global Shares,Global Shares,Industrials - 20,New York Stock Exchange Inc.,USD,United States,,Aerospace & Defense - 20101010,World Large Blend Equity,International Equities - Unhedged,IEQStock
0.08703779269527201,DEERE,Growth,International Shares,Global Shares,Global Shares,Industrials - 20,New York Stock Exchange Inc.,USD,United States,,Agricultural & Farm Machinery - 20106015,World Large Blend Equity,International Equities - Unhedged,IEQStock
0.09614977959414175,MEDTRONIC PLC,Growth,International Shares,Global Shares,Global Shares,Health Care - 35,New York Stock Exchange Inc.,USD,United States,,Health Care Equipment - 35101010,World Large Blend Equity,International Equities - Unhedged,IEQStock
0.09905262442183813,MORGAN STANLEY,Growth,International Shares,Global Shares,Global Shares,Financials - 40,New York Stock Exchange Inc.,USD,United States,,Investment Banking & Brokerage - 40203020,World Large Blend Equity,International Equities - Unhedged,IEQStock
0.09522395483900574,PROLOGIS REIT INC,Growth,International Shares,Global Shares,Global Shares,Real Estate - 60,New York Stock Exchange Inc.,USD,United States,,Industrial REITs - 60102510,World Large Blend Equity,International Equities - Unhedged,IEQStock
0.06635846541252764,MARSH & MCLENNAN INC,Growth,International Shares,Global Shares,Global Shares,Financials - 40,New York Stock Exchange Inc.,USD,United States,,Insurance Brokers - 40301010,World Large Blend Equity,International Equities - Unhedged,IEQStock
0.0775537297925675,STRYKER CORP,Growth,International Shares,Global Shares,Global Shares,Health Care - 35,New York Stock Exchange Inc.,USD,United States,,Health Care Equipment - 35101010,World Large Blend Equity,International Equities - Unhedged,IEQStock
0.07061587068913412,PROGRESSIVE CORP,Growth,International Shares,Global Shares,Global Shares,Financials - 40,New York Stock Exchange Inc.,USD,United States,,Property & Casualty Insurance - 40301040,World Large Blend Equity,International Equities - Unhedged,IEQStock
0.08785348668239262,BLACKROCK INC,Growth,International Shares,Global Shares,Global Shares,Financials - 40,New York Stock Exchange Inc.,USD,United States,,Asset Management & Custody Banks - 40203010,World Large Blend Equity,International Equities - Unhedged,IEQStock
0.12090148958741713,CVS HEALTH CORP,Growth,International Shares,Global Shares,Global Shares,Health Care - 35,New York Stock Exchange Inc.,USD,United States,,Health Care Services - 35102015,World Large Blend Equity,International Equities - Unhedged,IEQStock
0.06534069615110687,CHUBB LTD,Growth,International Shares,Global Shares,Global Shares,Financials - 40,New York Stock Exchange Inc.,USD,United States,,Property & Casualty Insurance - 40301040,World Large Blend Equity,International Equities - Unhedged,IEQStock
0.08600095947796381,AMERICAN EXPRESS,Growth,International Shares,Global Shares,Global Shares,Financials - 40,New York Stock Exchange Inc.,USD,United States,,Consumer Finance - 40202010,World Large Blend Equity,International Equities - Unhedged,IEQStock
0.07151069192141037,CIGNA,Growth,International Shares,Global Shares,Global Shares,Health Care - 35,New York Stock Exchange Inc.,USD,United States,,Health Care Services - 35102015,World Large Blend Equity,International Equities - Unhedged,IEQStock
0.07929052478732684,AMERICAN TOWER REIT CORP,Growth,International Shares,Global Shares,Global Shares,Real Estate - 60,New York Stock Exchange Inc.,USD,United States,,Telecom Tower REITs - 60108030,World Large Blend Equity,International Equities - Unhedged,IEQStock
0.07205040603914174,EATON PLC,Growth,International Shares,Global Shares,Global Shares,Industrials - 20,New York Stock Exchange Inc.,USD,United States,,Electrical Components & Equipment - 20104010,World Large Blend Equity,International Equities - Unhedged,IEQStock
0.09238255902582163,CHARLES SCHWAB CORP,Growth,International Shares,Global Shares,Global Shares,Financials - 40,New York Stock Exchange Inc.,USD,United States,,Investment Banking & Brokerage - 40203020,World Large Blend Equity,International Equities - Unhedged,IEQStock
0.10178837774390227,CITIGROUP INC,Growth,International Shares,Global Shares,Global Shares,Financials - 40,New York Stock Exchange Inc.,USD,United States,,Diversified Banks - 40101010,World Large Blend Equity,International Equities - Unhedged,IEQStock
0.06026316691047622,ZOETIS INC CLASS A,Growth,International Shares,Global Shares,Global Shares,Health Care - 35,New York Stock Exchange Inc.,USD,United States,,Pharmaceuticals - 35202010,World Large Blend Equity,International Equities - Unhedged,IEQStock
0.07078098770099728,BOSTON SCIENTIFIC CORP,Growth,International Shares,Global Shares,Global Shares,Health Care - 35,New York Stock Exchange Inc.,USD,United States,,Health Care Equipment - 35101010,World Large Blend Equity,International Equities - Unhedged,IEQStock
0.049355277349686574,SCHLUMBERGER NV,Growth,International Shares,Global Shares,Global Shares,Energy - 10,New York Stock Exchange Inc.,USD,United States,,Oil & Gas Equipment & Services - 10101020,World Large Blend Equity,International Equities - Unhedged,IEQStock
0.06399114978642609,SOUTHERN,Growth,International Shares,Global Shares,Global Shares,Utilities - 55,New York Stock Exchange Inc.,USD,United States,,Electric Utilities - 55101010,World Large Blend Equity,International Equities - Unhedged,IEQStock
0.0436919386115473,BECTON DICKINSON,Growth,International Shares,Global Shares,Global Shares,Health Care - 35,New York Stock Exchange Inc.,USD,United States,,Health Care Equipment - 35101010,World Large Blend Equity,International Equities - Unhedged,IEQStock
0.03839070060614337,FISERV INC,Growth,International Shares,Global Shares,Global Shares,Financials - 40,New York Stock Exchange Inc.,USD,United States,,Transaction & Payment Processing Services - 40201060,World Large Blend Equity,International Equities - Unhedged,IEQStock
0.06602088433895946,ALTRIA GROUP INC,Growth,International Shares,Global Shares,Global Shares,Consumer Staples - 30,New York Stock Exchange Inc.,USD,United States,,Tobacco - 30203010,World Large Blend Equity,International Equities - Unhedged,IEQStock
0.049397737876806194,EOG RESOURCES INC,Growth,International Shares,Global Shares,Global Shares,Energy - 10,New York Stock Exchange Inc.,USD,United States,,Oil & Gas Exploration & Production - 10102020,World Large Blend Equity,International Equities - Unhedged,IEQStock
0.062407880933611784,BLACKSTONE INC,Growth,International Shares,Global Shares,Global Shares,Financials - 40,New York Stock Exchange Inc.,USD,United States,,Asset Management & Custody Banks - 40203010,World Large Blend Equity,International Equities - Unhedged,IEQStock
0.06164116569339063,DUKE ENERGY CORP,Growth,International Shares,Global Shares,Global Shares,Utilities - 55,New York Stock Exchange Inc.,USD,United States,,Electric Utilities - 55101010,World Large Blend Equity,International Equities - Unhedged,IEQStock
0.06099337347405802,NORTHROP GRUMMAN CORP,Growth,International Shares,Global Shares,Global Shares,Industrials - 20,New York Stock Exchange Inc.,USD,United States,,Aerospace & Defense - 20101010,World Large Blend Equity,International Equities - Unhedged,IEQStock
0.04373840474070281,AON PLC CLASS A,Growth,International Shares,Global Shares,Global Shares,Financials - 40,New York Stock Exchange Inc.,USD,United States,,Insurance Brokers - 40301010,World Large Blend Equity,International Equities - Unhedged,IEQStock
0.0536114111741308,ILLINOIS TOOL INC,Growth,International Shares,Global Shares,Global Shares,Industrials - 20,New York Stock Exchange Inc.,USD,United States,,Industrial Machinery & Supplies & Components - 20106020,World Large Blend Equity,International Equities - Unhedged,IEQStock
0.05122372537663388,WASTE MANAGEMENT INC,Growth,International Shares,Global Shares,Global Shares,Industrials - 20,New York Stock Exchange Inc.,USD,United States,,Environmental & Facilities Services - 20201050,World Large Blend Equity,International Equities - Unhedged,IEQStock
0.0448613036348842,COLGATE-PALMOLIVE,Growth,International Shares,Global Shares,Global Shares,Consumer Staples - 30,New York Stock Exchange Inc.,USD,United States,,Household Products - 30301010,World Large Blend Equity,International Equities - Unhedged,IEQStock
0.06087533557736261,INTERCONTINENTAL EXCHANGE INC,Growth,International Shares,Global Shares,Global Shares,Financials - 40,New York Stock Exchange Inc.,USD,United States,,Financial Exchanges & Data - 40203040,World Large Blend Equity,International Equities - Unhedged,IEQStock
0.05500933354747328,MCKESSON CORP,Growth,International Shares,Global Shares,Global Shares,Health Care - 35,New York Stock Exchange Inc.,USD,United States,,Health Care Distributors - 35102010,World Large Blend Equity,International Equities - Unhedged,IEQStock
0.047815820965683015,HUMANA INC,Growth,International Shares,Global Shares,Global Shares,Health Care - 35,New York Stock Exchange Inc.,USD,United States,,Managed Health Care - 35102030,World Large Blend Equity,International Equities - Unhedged,IEQStock
0.05527845630941905,SHERWIN WILLIAMS,Growth,International Shares,Global Shares,Global Shares,Materials - 15,New York Stock Exchange Inc.,USD,United States,,Specialty Chemicals - 15101050,World Large Blend Equity,International Equities - Unhedged,IEQStock
0.05514204575744859,MARATHON PETROLEUM CORP,Growth,International Shares,Global Shares,Global Shares,Energy - 10,New York Stock Exchange Inc.,USD,United States,,Oil & Gas Refining & Marketing - 10102030,World Large Blend Equity,International Equities - Unhedged,IEQStock
0.029913143669604205,CHIPOTLE MEXICAN GRILL INC,Growth,International Shares,Global Shares,Global Shares,Consumer Discretionary - 25,New York Stock Exchange Inc.,USD,United States,,Restaurants - 25301040,World Large Blend Equity,International Equities - Unhedged,IEQStock
0.043404697357541606,AIR PRODUCTS AND CHEMICALS INC,Growth,International Shares,Global Shares,Global Shares,Materials - 15,New York Stock Exchange Inc.,USD,United States,,Industrial Gases - 15101040,World Large Blend Equity,International Equities - Unhedged,IEQStock
0.03281324131955608,FEDEX CORP,Growth,International Shares,Global Shares,Global Shares,Industrials - 20,New York Stock Exchange Inc.,USD,United States,,Air Freight & Logistics - 20301010,World Large Blend Equity,International Equities - Unhedged,IEQStock
0.049211414964389556,GENERAL DYNAMICS CORP,Growth,International Shares,Global Shares,Global Shares,Industrials - 20,New York Stock Exchange Inc.,USD,United States,,Aerospace & Defense - 20101010,World Large Blend Equity,International Equities - Unhedged,IEQStock
0.03709684120013092,PIONEER NATURAL RESOURCE,Growth,International Shares,Global Shares,Global Shares,Energy - 10,New York Stock Exchange Inc.,USD,United States,,Oil & Gas Exploration & Production - 10102020,World Large Blend Equity,International Equities - Unhedged,IEQStock
0.04952549711098717,US BANCORP,Growth,International Shares,Global Shares,Global Shares,Financials - 40,New York Stock Exchange Inc.,USD,United States,,Diversified Banks - 40101010,World Large Blend Equity,International Equities - Unhedged,IEQStock
0.052880599759319184,ARISTA NETWORKS INC,Growth,International Shares,Global Shares,Global Shares,Information Technology - 45,New York Stock Exchange Inc.,USD,United States,,Communications Equipment - 45201020,World Large Blend Equity,International Equities - Unhedged,IEQStock
0.0460945798704675,MOODYS CORP,Growth,International Shares,Global Shares,Global Shares,Financials - 40,New York Stock Exchange Inc.,USD,United States,,Financial Exchanges & Data - 40203040,World Large Blend Equity,International Equities - Unhedged,IEQStock
0.03652330566796547,ARTHUR J GALLAGHER,Growth,International Shares,Global Shares,Global Shares,Financials - 40,New York Stock Exchange Inc.,USD,United States,,Insurance Brokers - 40301010,World Large Blend Equity,International Equities - Unhedged,IEQStock
0.051103333959790324,PARKER-HANNIFIN CORP,Growth,International Shares,Global Shares,Global Shares,Industrials - 20,New York Stock Exchange Inc.,USD,United States,,Industrial Machinery & Supplies & Components - 20106020,World Large Blend Equity,International Equities - Unhedged,IEQStock
0.05157110166302906,3M,Growth,International Shares,Global Shares,Global Shares,Industrials - 20,New York Stock Exchange Inc.,USD,United States,,Industrial Conglomerates - 20105010,World Large Blend Equity,International Equities - Unhedged,IEQStock
0.0324176750624336,TARGET CORP,Growth,International Shares,Global Shares,Global Shares,Consumer Staples - 30,New York Stock Exchange Inc.,USD,United States,,Consumer Staples Merchandise Retail - 30101040,World Large Blend Equity,International Equities - Unhedged,IEQStock
0.037917862521718235,MOTOROLA SOLUTIONS INC,Growth,International Shares,Global Shares,Global Shares,Information Technology - 45,New York Stock Exchange Inc.,USD,United States,,Communications Equipment - 45201020,World Large Blend Equity,International Equities - Unhedged,IEQStock
0.05018664680249159,PHILLIPS,Growth,International Shares,Global Shares,Global Shares,Energy - 10,New York Stock Exchange Inc.,USD,United States,,Oil & Gas Refining & Marketing - 10102030,World Large Blend Equity,International Equities - Unhedged,IEQStock
0.06262066773289847,AMPHENOL CORP CLASS A,Growth,International Shares,Global Shares,Global Shares,Information Technology - 45,New York Stock Exchange Inc.,USD,United States,,Electronic Components - 45203015,World Large Blend Equity,International Equities - Unhedged,IEQStock
0.044953038256155174,TRANE TECHNOLOGIES PLC,Growth,International Shares,Global Shares,Global Shares,Industrials - 20,New York Stock Exchange Inc.,USD,United States,,Building Products - 20102010,World Large Blend Equity,International Equities - Unhedged,IEQStock
0.04409907646252351,TRANSDIGM GROUP INC,Growth,International Shares,Global Shares,Global Shares,Industrials - 20,New York Stock Exchange Inc.,USD,United States,,Aerospace & Defense - 20101010,World Large Blend Equity,International Equities - Unhedged,IEQStock
0.04990808063850847,FREEPORT MCMORAN INC,Growth,International Shares,Global Shares,Global Shares,Materials - 15,New York Stock Exchange Inc.,USD,United States,,Copper - 15104025,World Large Blend Equity,International Equities - Unhedged,IEQStock
0.04255191363477021,EMERSON ELECTRIC,Growth,International Shares,Global Shares,Global Shares,Industrials - 20,New York Stock Exchange Inc.,USD,United States,,Electrical Components & Equipment - 20104010,World Large Blend Equity,International Equities - Unhedged,IEQStock
0.041158751922448486,AUTOZONE INC,Growth,International Shares,Global Shares,Global Shares,Consumer Discretionary - 25,New York Stock Exchange Inc.,USD,United States,,Automotive Retail - 25504050,World Large Blend Equity,International Equities - Unhedged,IEQStock
0.04911186446895062,PNC FINANCIAL SERVICES GROUP INC,Growth,International Shares,Global Shares,Global Shares,Financials - 40,New York Stock Exchange Inc.,USD,United States,,Diversified Banks - 40101010,World Large Blend Equity,International Equities - Unhedged,IEQStock
0.053767721164255995,HCA HEALTHCARE INC,Growth,International Shares,Global Shares,Global Shares,Health Care - 35,New York Stock Exchange Inc.,USD,United States,,Health Care Facilities - 35102020,World Large Blend Equity,International Equities - Unhedged,IEQStock
0.032228929911426014,SEMPRA,Growth,International Shares,Global Shares,Global Shares,Utilities - 55,New York Stock Exchange Inc.,USD,United States,,Multi-Utilities - 55103010,World Large Blend Equity,International Equities - Unhedged,IEQStock
0.038250825778461325,AMERICAN INTERNATIONAL GROUP INC,Growth,International Shares,Global Shares,Global Shares,Financials - 40,New York Stock Exchange Inc.,USD,United States,,Multi-line Insurance - 40301030,World Large Blend Equity,International Equities - Unhedged,IEQStock
0.045722860397033875,WELLTOWER INC,Growth,International Shares,Global Shares,Global Shares,Real Estate - 60,New York Stock Exchange Inc.,USD,United States,,Health Care REITs - 60105010,World Large Blend Equity,International Equities - Unhedged,IEQStock
0.04048628654864192,ECOLAB INC,Growth,International Shares,Global Shares,Global Shares,Materials - 15,New York Stock Exchange Inc.,USD,United States,,Specialty Chemicals - 15101050,World Large Blend Equity,International Equities - Unhedged,IEQStock
0.04425382871415716,NORFOLK SOUTHERN CORP,Growth,International Shares,Global Shares,Global Shares,Industrials - 20,New York Stock Exchange Inc.,USD,United States,,Rail Transportation - 20304010,World Large Blend Equity,International Equities - Unhedged,IEQStock
0.03242745921612373,AFLAC INC,Growth,International Shares,Global Shares,Global Shares,Financials - 40,New York Stock Exchange Inc.,USD,United States,,Life & Health Insurance - 40301020,World Large Blend Equity,International Equities - Unhedged,IEQStock
0.03892273754237141,VALERO ENERGY CORP,Growth,International Shares,Global Shares,Global Shares,Energy - 10,New York Stock Exchange Inc.,USD,United States,,Oil & Gas Refining & Marketing - 10102030,World Large Blend Equity,International Equities - Unhedged,IEQStock
0.03357043728367078,WILLIAMS INC,Growth,International Shares,Global Shares,Global Shares,Energy - 10,New York Stock Exchange Inc.,USD,United States,,Oil & Gas Storage & Transportation - 10102040,World Large Blend Equity,International Equities - Unhedged,IEQStock
0.03270816172889005,CARRIER GLOBAL CORP,Growth,International Shares,Global Shares,Global Shares,Industrials - 20,New York Stock Exchange Inc.,USD,United States,,Building Products - 20102010,World Large Blend Equity,International Equities - Unhedged,IEQStock
0.037404964944716075,CROWN CASTLE INC,Growth,International Shares,Global Shares,Global Shares,Real Estate - 60,New York Stock Exchange Inc.,USD,United States,,Telecom Tower REITs - 60108030,World Large Blend Equity,International Equities - Unhedged,IEQStock
0.03824724183042369,HILTON WORLDWIDE HOLDINGS INC,Growth,International Shares,Global Shares,Global Shares,Consumer Discretionary - 25,New York Stock Exchange Inc.,USD,United States,,"Hotels, Resorts & Cruise Lines - 25301020",World Large Blend Equity,International Equities - Unhedged,IEQStock
0.031145941392705025,KIMBERLY CLARK CORP,Growth,International Shares,Global Shares,Global Shares,Consumer Staples - 30,New York Stock Exchange Inc.,USD,United States,,Household Products - 30301010,World Large Blend Equity,International Equities - Unhedged,IEQStock
0.04003859163186105,TRUIST FINANCIAL CORP,Growth,International Shares,Global Shares,Global Shares,Financials - 40,New York Stock Exchange Inc.,USD,United States,,Regional Banks - 40101015,World Large Blend Equity,International Equities - Unhedged,IEQStock
0.0344891651985216,EDWARDS LIFESCIENCES CORP,Growth,International Shares,Global Shares,Global Shares,Health Care - 35,New York Stock Exchange Inc.,USD,United States,,Health Care Equipment - 35101010,World Large Blend Equity,International Equities - Unhedged,IEQStock
0.0472697636692114,CAPITAL ONE FINANCIAL CORP,Growth,International Shares,Global Shares,Global Shares,Financials - 40,New York Stock Exchange Inc.,USD,United States,,Consumer Finance - 40202010,World Large Blend Equity,International Equities - Unhedged,IEQStock
0.04071140521450273,FORD MOTOR CO,Growth,International Shares,Global Shares,Global Shares,Consumer Discretionary - 25,New York Stock Exchange Inc.,USD,United States,,Automobile Manufacturers - 25102010,World Large Blend Equity,International Equities - Unhedged,IEQStock
0.02749646769632792,OCCIDENTAL PETROLEUM CORP,Growth,International Shares,Global Shares,Global Shares,Energy - 10,New York Stock Exchange Inc.,USD,United States,,Integrated Oil & Gas - 10102010,World Large Blend Equity,International Equities - Unhedged,IEQStock
0.03123465265025118,HESS CORP,Growth,International Shares,Global Shares,Global Shares,Energy - 10,New York Stock Exchange Inc.,USD,United States,,Oil & Gas Exploration & Production - 10102020,World Large Blend Equity,International Equities - Unhedged,IEQStock
0.029700377499800864,MSCI INC,Growth,International Shares,Global Shares,Global Shares,Financials - 40,New York Stock Exchange Inc.,USD,United States,,Financial Exchanges & Data - 40203040,World Large Blend Equity,International Equities - Unhedged,IEQStock
0.04121627295574117,TE CONNECTIVITY LTD,Growth,International Shares,Global Shares,Global Shares,Information Technology - 45,New York Stock Exchange Inc.,USD,United States,,Electronic Manufacturing Services - 45203020,World Large Blend Equity,International Equities - Unhedged,IEQStock
0.03368860369863723,PUBLIC STORAGE REIT,Growth,International Shares,Global Shares,Global Shares,Real Estate - 60,New York Stock Exchange Inc.,USD,United States,,Self-Storage REITs - 60108020,World Large Blend Equity,International Equities - Unhedged,IEQStock
0.020910067747821805,CONSTELLATION BRANDS INC CLASS A,Growth,International Shares,Global Shares,Global Shares,Consumer Staples - 30,New York Stock Exchange Inc.,USD,United States,,Distillers & Vintners - 30201020,World Large Blend Equity,International Equities - Unhedged,IEQStock
0.04080165057097193,GENERAL MOTORS,Growth,International Shares,Global Shares,Global Shares,Consumer Discretionary - 25,New York Stock Exchange Inc.,USD,United States,,Automobile Manufacturers - 25102010,World Large Blend Equity,International Equities - Unhedged,IEQStock
0.035379632866812186,TRAVELERS COMPANIES INC,Growth,International Shares,Global Shares,Global Shares,Financials - 40,New York Stock Exchange Inc.,USD,United States,,Property & Casualty Insurance - 40301040,World Large Blend Equity,International Equities - Unhedged,IEQStock
0.01367920700474646,CENTENE CORP,Growth,International Shares,Global Shares,Global Shares,Health Care - 35,New York Stock Exchange Inc.,USD,United States,,Managed Health Care - 35102030,World Large Blend Equity,International Equities - Unhedged,IEQStock
0.026976712078697025,DIGITAL REALTY TRUST REIT INC,Growth,International Shares,Global Shares,Global Shares,Real Estate - 60,New York Stock Exchange Inc.,USD,United States,,Data Center REITs - 60108050,World Large Blend Equity,International Equities - Unhedged,IEQStock
0.03184377123300112,ARCHER DANIELS MIDLAND,Growth,International Shares,Global Shares,Global Shares,Consumer Staples - 30,New York Stock Exchange Inc.,USD,United States,,Agricultural Products & Services - 30202010,World Large Blend Equity,International Equities - Unhedged,IEQStock
0.031736136249076605,DOMINION ENERGY INC,Growth,International Shares,Global Shares,Global Shares,Utilities - 55,New York Stock Exchange Inc.,USD,United States,,Multi-Utilities - 55103010,World Large Blend Equity,International Equities - Unhedged,IEQStock
0.019866931143921206,GENERAL MILLS INC,Growth,International Shares,Global Shares,Global Shares,Consumer Staples - 30,New York Stock Exchange Inc.,USD,United States,,Packaged Foods & Meats - 30202030,World Large Blend Equity,International Equities - Unhedged,IEQStock
0.03119028691186829,METLIFE INC,Growth,International Shares,Global Shares,Global Shares,Financials - 40,New York Stock Exchange Inc.,USD,United States,,Life & Health Insurance - 40301020,World Large Blend Equity,International Equities - Unhedged,IEQStock
0.03592348517891293,SIMON PROPERTY GROUP REIT INC,Growth,International Shares,Global Shares,Global Shares,Real Estate - 60,New York Stock Exchange Inc.,USD,United States,,Retail REITs - 60107010,World Large Blend Equity,International Equities - Unhedged,IEQStock
0.02170898506639598,ONEOK INC,Growth,International Shares,Global Shares,Global Shares,Energy - 10,New York Stock Exchange Inc.,USD,United States,,Oil & Gas Storage & Transportation - 10102040,World Large Blend Equity,International Equities - Unhedged,IEQStock
0.04000154565138455,NUCOR CORP,Growth,International Shares,Global Shares,Global Shares,Materials - 15,New York Stock Exchange Inc.,USD,United States,,Steel - 15104050,World Large Blend Equity,International Equities - Unhedged,IEQStock
0.03804831437814556,D R HORTON INC,Growth,International Shares,Global Shares,Global Shares,Consumer Discretionary - 25,New York Stock Exchange Inc.,USD,United States,,Homebuilding - 25201030,World Large Blend Equity,International Equities - Unhedged,IEQStock
0.027708311064212756,IQVIA HOLDINGS INC,Growth,International Shares,Global Shares,Global Shares,Health Care - 35,New York Stock Exchange Inc.,USD,United States,,Life Sciences Tools & Services - 35203010,World Large Blend Equity,International Equities - Unhedged,IEQStock
0.03453388774518835,REALTY INCOME REIT CORP,Growth,International Shares,Global Shares,Global Shares,Real Estate - 60,New York Stock Exchange Inc.,USD,United States,,Retail REITs - 60107010,World Large Blend Equity,International Equities - Unhedged,IEQStock
0.02813466398367576,YUM BRANDS INC,Growth,International Shares,Global Shares,Global Shares,Consumer Discretionary - 25,New York Stock Exchange Inc.,USD,United States,,Restaurants - 25301040,World Large Blend Equity,International Equities - Unhedged,IEQStock
0.029734384708704722,CORTEVA INC,Growth,International Shares,Global Shares,Global Shares,Materials - 15,New York Stock Exchange Inc.,USD,United States,,Fertilizers & Agricultural Chemicals - 15101030,World Large Blend Equity,International Equities - Unhedged,IEQStock
0.021607064631318153,PG&E CORP,Growth,International Shares,Global Shares,Global Shares,Utilities - 55,New York Stock Exchange Inc.,USD,United States,,Electric Utilities - 55101010,World Large Blend Equity,International Equities - Unhedged,IEQStock
0.03922172259167419,BANK OF NEW YORK MELLON CORP,Growth,International Shares,Global Shares,Global Shares,Financials - 40,New York Stock Exchange Inc.,USD,United States,,Asset Management & Custody Banks - 40203010,World Large Blend Equity,International Equities - Unhedged,IEQStock
0.03864457655646185,JOHNSON CONTROLS INTERNATIONAL PLC,Growth,International Shares,Global Shares,Global Shares,Industrials - 20,New York Stock Exchange Inc.,USD,United States,,Building Products - 20102010,World Large Blend Equity,International Equities - Unhedged,IEQStock
0.03767440136221428,L3HARRIS TECHNOLOGIES INC,Growth,International Shares,Global Shares,Global Shares,Industrials - 20,New York Stock Exchange Inc.,USD,United States,,Aerospace & Defense - 20101010,World Large Blend Equity,International Equities - Unhedged,IEQStock
0.024694408527328238,WW GRAINGER INC,Growth,International Shares,Global Shares,Global Shares,Industrials - 20,New York Stock Exchange Inc.,USD,United States,,Trading Companies & Distributors - 20107010,World Large Blend Equity,International Equities - Unhedged,IEQStock
0.027591673037899438,AMERIPRISE FINANCE INC,Growth,International Shares,Global Shares,Global Shares,Financials - 40,New York Stock Exchange Inc.,USD,United States,,Asset Management & Custody Banks - 40203010,World Large Blend Equity,International Equities - Unhedged,IEQStock
0.030032624513315488,SYSCO CORP,Growth,International Shares,Global Shares,Global Shares,Consumer Staples - 30,New York Stock Exchange Inc.,USD,United States,,Food Distributors - 30101020,World Large Blend Equity,International Equities - Unhedged,IEQStock
0.017514140557787636,DOW INC,Growth,International Shares,Global Shares,Global Shares,Materials - 15,New York Stock Exchange Inc.,USD,United States,,Commodity Chemicals - 15101010,World Large Blend Equity,International Equities - Unhedged,IEQStock
0.019084192728751555,HALLIBURTON,Growth,International Shares,Global Shares,Global Shares,Energy - 10,New York Stock Exchange Inc.,USD,United States,,Oil & Gas Equipment & Services - 10101020,World Large Blend Equity,International Equities - Unhedged,IEQStock
0.03011388374822599,ALLSTATE CORP,Growth,International Shares,Global Shares,Global Shares,Financials - 40,New York Stock Exchange Inc.,USD,United States,,Property & Casualty Insurance - 40301040,World Large Blend Equity,International Equities - Unhedged,IEQStock
0.026329262127379134,AMETEK INC,Growth,International Shares,Global Shares,Global Shares,Industrials - 20,New York Stock Exchange Inc.,USD,United States,,Electrical Components & Equipment - 20104010,World Large Blend Equity,International Equities - Unhedged,IEQStock
0.024912557129498854,KENVUE INC,Growth,International Shares,Global Shares,Global Shares,Consumer Staples - 30,New York Stock Exchange Inc.,USD,United States,,Personal Care Products - 30302010,World Large Blend Equity,International Equities - Unhedged,IEQStock
0.02395473680845709,OTIS WORLDWIDE CORP,Growth,International Shares,Global Shares,Global Shares,Industrials - 20,New York Stock Exchange Inc.,USD,United States,,Industrial Machinery & Supplies & Components - 20106020,World Large Blend Equity,International Equities - Unhedged,IEQStock
0.03333297570607487,CENCORA INC,Growth,International Shares,Global Shares,Global Shares,Health Care - 35,New York Stock Exchange Inc.,USD,United States,,Health Care Distributors - 35102010,World Large Blend Equity,International Equities - Unhedged,IEQStock
0.026692256531695952,AGILENT TECHNOLOGIES INC,Growth,International Shares,Global Shares,Global Shares,Health Care - 35,New York Stock Exchange Inc.,USD,United States,,Life Sciences Tools & Services - 35203010,World Large Blend Equity,International Equities - Unhedged,IEQStock
0.025288756261133593,KINDER MORGAN INC,Growth,International Shares,Global Shares,Global Shares,Energy - 10,New York Stock Exchange Inc.,USD,United States,,Oil & Gas Storage & Transportation - 10102040,World Large Blend Equity,International Equities - Unhedged,IEQStock
0.026549658355990893,REPUBLIC SERVICES INC,Growth,International Shares,Global Shares,Global Shares,Industrials - 20,New York Stock Exchange Inc.,USD,United States,,Environmental & Facilities Services - 20201050,World Large Blend Equity,International Equities - Unhedged,IEQStock
0.023029419622610382,DUPONT DE NEMOURS INC,Growth,International Shares,Global Shares,Global Shares,Materials - 15,New York Stock Exchange Inc.,USD,United States,,Specialty Chemicals - 15101050,World Large Blend Equity,International Equities - Unhedged,IEQStock
0.011836383348097609,GARTNER INC,Growth,International Shares,Global Shares,Global Shares,Information Technology - 45,New York Stock Exchange Inc.,USD,United States,,IT Consulting & Other Services - 45102010,World Large Blend Equity,International Equities - Unhedged,IEQStock
0.029354293805998025,CUMMINS INC,Growth,International Shares,Global Shares,Global Shares,Industrials - 20,New York Stock Exchange Inc.,USD,United States,,Construction Machinery & Heavy Transportation Equipment - 20106010,World Large Blend Equity,International Equities - Unhedged,IEQStock
0.022245202880681585,PUBLIC SERVICE ENTERPRISE GROUP IN,Growth,International Shares,Global Shares,Global Shares,Utilities - 55,New York Stock Exchange Inc.,USD,United States,,Multi-Utilities - 55103010,World Large Blend Equity,International Equities - Unhedged,IEQStock
0.02513140776102457,CONSOLIDATED EDISON INC,Growth,International Shares,Global Shares,Global Shares,Utilities - 55,New York Stock Exchange Inc.,USD,United States,,Multi-Utilities - 55103010,World Large Blend Equity,International Equities - Unhedged,IEQStock
0.025074125787009773,LENNAR A CORP,Growth,International Shares,Global Shares,Global Shares,Consumer Discretionary - 25,New York Stock Exchange Inc.,USD,United States,,Homebuilding - 25201030,World Large Blend Equity,International Equities - Unhedged,IEQStock
0.022197478459853037,FIDELITY NATIONAL INFORMATION SERV,Growth,International Shares,Global Shares,Global Shares,Financials - 40,New York Stock Exchange Inc.,USD,United States,,Transaction & Payment Processing Services - 40201060,World Large Blend Equity,International Equities - Unhedged,IEQStock
0.02391508183032167,PPG INDUSTRIES INC,Growth,International Shares,Global Shares,Global Shares,Materials - 15,New York Stock Exchange Inc.,USD,United States,,Specialty Chemicals - 15101050,World Large Blend Equity,International Equities - Unhedged,IEQStock
0.03486618263279486,UNITED RENTALS INC,Growth,International Shares,Global Shares,Global Shares,Industrials - 20,New York Stock Exchange Inc.,USD,United States,,Trading Companies & Distributors - 20107010,World Large Blend Equity,International Equities - Unhedged,IEQStock
0.025326369779401312,KROGER,Growth,International Shares,Global Shares,Global Shares,Consumer Staples - 30,New York Stock Exchange Inc.,USD,United States,,Food Retail - 30101030,World Large Blend Equity,International Equities - Unhedged,IEQStock
0.030862229006303334,ROCKWELL AUTOMATION INC,Growth,International Shares,Global Shares,Global Shares,Industrials - 20,New York Stock Exchange Inc.,USD,United States,,Electrical Components & Equipment - 20104010,World Large Blend Equity,International Equities - Unhedged,IEQStock
0.026400469717755733,VICI PPTYS INC,Growth,International Shares,Global Shares,Global Shares,Real Estate - 60,New York Stock Exchange Inc.,USD,United States,,Other Specialized REITs - 60108010,World Large Blend Equity,International Equities - Unhedged,IEQStock
0.022031943808956976,DEVON ENERGY CORP,Growth,International Shares,Global Shares,Global Shares,Energy - 10,New York Stock Exchange Inc.,USD,United States,,Oil & Gas Exploration & Production - 10102020,World Large Blend Equity,International Equities - Unhedged,IEQStock
0.023760525705311366,PRUDENTIAL PLC,Growth,International Shares,Global Shares,Global Shares,Financials - 40,New York Stock Exchange Inc.,USD,United States,,Life & Health Insurance - 40301020,World Large Blend Equity,International Equities - Unhedged,IEQStock
0.020356177953129977,GLOBAL PAYMENTS INC,Growth,International Shares,Global Shares,Global Shares,Financials - 40,New York Stock Exchange Inc.,USD,United States,,Transaction & Payment Processing Services - 40201060,World Large Blend Equity,International Equities - Unhedged,IEQStock
0.021673735319964773,HERSHEY FOODS,Growth,International Shares,Global Shares,Global Shares,Consumer Staples - 30,New York Stock Exchange Inc.,USD,United States,,Packaged Foods & Meats - 30202030,World Large Blend Equity,International Equities - Unhedged,IEQStock
0.022610059834751575,VULCAN MATERIALS,Growth,International Shares,Global Shares,Global Shares,Materials - 15,New York Stock Exchange Inc.,USD,United States,,Construction Materials - 15102010,World Large Blend Equity,International Equities - Unhedged,IEQStock
0.027244313549197426,MARTIN MARIETTA MATERIALS INC,Growth,International Shares,Global Shares,Global Shares,Materials - 15,New York Stock Exchange Inc.,USD,United States,,Construction Materials - 15102010,World Large Blend Equity,International Equities - Unhedged,IEQStock
0.020045253126933452,INGERSOLL RAND INC,Growth,International Shares,Global Shares,Global Shares,Industrials - 20,New York Stock Exchange Inc.,USD,United States,,Industrial Machinery & Supplies & Components - 20106020,World Large Blend Equity,International Equities - Unhedged,IEQStock
0.021538466873407533,CARDINAL HEALTH INC,Growth,International Shares,Global Shares,Global Shares,Health Care - 35,New York Stock Exchange Inc.,USD,United States,,Health Care Distributors - 35102010,World Large Blend Equity,International Equities - Unhedged,IEQStock
0.02262399952031999,WEC ENERGY GROUP INC,Growth,International Shares,Global Shares,Global Shares,Utilities - 55,New York Stock Exchange Inc.,USD,United States,,Multi-Utilities - 55103010,World Large Blend Equity,International Equities - Unhedged,IEQStock
0.11379196932977562,TELUS CORP,Growth,International Shares,Global Shares,Global Shares,Communication Services - 50,New York Stock Exchange Inc.,USD,United States,,Integrated Telecommunication Services - 50101020,World Large Blend Equity,International Equities - Unhedged,IEQStock
0.01973751743036805,AMERICAN WATER WORKS INC,Growth,International Shares,Global Shares,Global Shares,Utilities - 55,New York Stock Exchange Inc.,USD,United States,,Water Utilities - 55104010,World Large Blend Equity,International Equities - Unhedged,IEQStock
0.012908120087508093,WEST PHARMACEUTICAL SERVICES INC,Growth,International Shares,Global Shares,Global Shares,Health Care - 35,New York Stock Exchange Inc.,USD,United States,,Life Sciences Tools & Services - 35203010,World Large Blend Equity,International Equities - Unhedged,IEQStock
0.014043201668667554,EDISON INTERNATIONAL,Growth,International Shares,Global Shares,Global Shares,Utilities - 55,New York Stock Exchange Inc.,USD,United States,,Electric Utilities - 55101010,World Large Blend Equity,International Equities - Unhedged,IEQStock
0.023888103075221823,QUANTA SERVICES INC,Growth,International Shares,Global Shares,Global Shares,Industrials - 20,New York Stock Exchange Inc.,USD,United States,,Construction & Engineering - 20103010,World Large Blend Equity,International Equities - Unhedged,IEQStock
0.01778491278297377,AVALONBAY COMMUNITIES REIT INC,Growth,International Shares,Global Shares,Global Shares,Real Estate - 60,New York Stock Exchange Inc.,USD,United States,,Multi-Family Residential REITs  - 60106010,World Large Blend Equity,International Equities - Unhedged,IEQStock
0.017471432459421867,HP INC,Growth,International Shares,Global Shares,Global Shares,Information Technology - 45,New York Stock Exchange Inc.,USD,United States,,"Tech Hardware, Storage & Peripherals - 45202030",World Large Blend Equity,International Equities - Unhedged,IEQStock
0.012990483795884323,LYONDELLBASELL INDUSTRIES NV CLASS,Growth,International Shares,Global Shares,Global Shares,Materials - 15,New York Stock Exchange Inc.,USD,United States,,Commodity Chemicals - 15101010,World Large Blend Equity,International Equities - Unhedged,IEQStock
0.015266783405295735,FAIR ISAAC CORP,Growth,International Shares,Global Shares,Global Shares,Information Technology - 45,New York Stock Exchange Inc.,USD,United States,,Application Software - 45103010,World Large Blend Equity,International Equities - Unhedged,IEQStock
0.024372456925220942,XYLEM INC,Growth,International Shares,Global Shares,Global Shares,Industrials - 20,New York Stock Exchange Inc.,USD,United States,,Industrial Machinery & Supplies & Components - 20106020,World Large Blend Equity,International Equities - Unhedged,IEQStock
0.024665877222798914,CBRE GROUP INC CLASS A,Growth,International Shares,Global Shares,Global Shares,Real Estate - 60,New York Stock Exchange Inc.,USD,United States,,Real Estate Services - 60201040,World Large Blend Equity,International Equities - Unhedged,IEQStock
0.01426240124540157,FORTIVE CORP,Growth,International Shares,Global Shares,Global Shares,Industrials - 20,New York Stock Exchange Inc.,USD,United States,,Industrial Machinery & Supplies & Components - 20106020,World Large Blend Equity,International Equities - Unhedged,IEQStock
0.018204033083693973,METTLER TOLEDO INC,Growth,International Shares,Global Shares,Global Shares,Health Care - 35,New York Stock Exchange Inc.,USD,United States,,Life Sciences Tools & Services - 35203010,World Large Blend Equity,International Equities - Unhedged,IEQStock
0.02191017877217114,EXTRA SPACE STORAGE REIT INC,Growth,International Shares,Global Shares,Global Shares,Real Estate - 60,New York Stock Exchange Inc.,USD,United States,,Self-Storage REITs - 60108020,World Large Blend Equity,International Equities - Unhedged,IEQStock
0.020707142705059727,HARTFORD FINANCIAL SERVICES GROUP,Growth,International Shares,Global Shares,Global Shares,Financials - 40,New York Stock Exchange Inc.,USD,United States,,Property & Casualty Insurance - 40301040,World Large Blend Equity,International Equities - Unhedged,IEQStock
0.022062937746408266,EQUIFAX INC,Growth,International Shares,Global Shares,Global Shares,Industrials - 20,New York Stock Exchange Inc.,USD,United States,,Research & Consulting Services - 20202020,World Large Blend Equity,International Equities - Unhedged,IEQStock
0.0203234175536526,KEYSIGHT TECHNOLOGIES INC,Growth,International Shares,Global Shares,Global Shares,Information Technology - 45,New York Stock Exchange Inc.,USD,United States,,Electronic Equipment & Instruments - 45203010,World Large Blend Equity,International Equities - Unhedged,IEQStock
0.015734859109398328,WEYERHAEUSER REIT,Growth,International Shares,Global Shares,Global Shares,Real Estate - 60,New York Stock Exchange Inc.,USD,United States,,Timber REITs - 60108040,World Large Blend Equity,International Equities - Unhedged,IEQStock
0.017197801548222275,ZIMMER BIOMET HOLDINGS INC,Growth,International Shares,Global Shares,Global Shares,Health Care - 35,New York Stock Exchange Inc.,USD,United States,,Health Care Equipment - 35101010,World Large Blend Equity,International Equities - Unhedged,IEQStock
0.031450865672207756,ROYAL CARIBBEAN GROUP LTD,Growth,International Shares,Global Shares,Global Shares,Consumer Discretionary - 25,New York Stock Exchange Inc.,USD,United States,,"Hotels, Resorts & Cruise Lines - 25301020",World Large Blend Equity,International Equities - Unhedged,IEQStock
0.015233024806406845,CHURCH AND DWIGHT INC,Growth,International Shares,Global Shares,Global Shares,Consumer Staples - 30,New York Stock Exchange Inc.,USD,United States,,Household Products - 30301010,World Large Blend Equity,International Equities - Unhedged,IEQStock
0.017009729340683018,STERIS,Growth,International Shares,Global Shares,Global Shares,Health Care - 35,New York Stock Exchange Inc.,USD,United States,,Health Care Equipment - 35101010,World Large Blend Equity,International Equities - Unhedged,IEQStock
0.020397838455700746,DELTA AIR LINES INC,Growth,International Shares,Global Shares,Global Shares,Industrials - 20,New York Stock Exchange Inc.,USD,United States,,Passenger Airlines - 20302010,World Large Blend Equity,International Equities - Unhedged,IEQStock
0.13348183853342813,Bank Account,Defensive,Cash,Cash,Cash,ASXStock,Cash,Cash,Bank Account,Cash,Cash,Domestic Cash,Cash,Cash
0.09384864506276823,Rio Tinto Limited,Growth,Australian Shares,Australian Shares,Australian Shares,Materials - 15,ASX,AUD,Australia,,Metals & Mining - 151040,Australia Large Blend Equity,Australian Equities,ASXStock
0.008553695512050371,TELEFONICA SA,Growth,International Shares,Global Shares,Global Shares,Communication Services - 50,Bolsa De Madrid,EUR,Spain,,Integrated Telecommunication Services - 50101020,World Large Blend Equity,International Equities - Unhedged,IEQStock
0.01618428977877662,CELLNEX TELECOM SA,Growth,International Shares,Global Shares,Global Shares,Communication Services - 50,Bolsa De Madrid,EUR,Spain,,Integrated Telecommunication Services - 50101020,World Large Blend Equity,International Equities - Unhedged,IEQStock
0.011271354975357695,REPSOL SA,Growth,International Shares,Global Shares,Global Shares,Energy - 10,Bolsa De Madrid,EUR,Spain,,Integrated Oil & Gas - 10102010,World Large Blend Equity,International Equities - Unhedged,IEQStock
0.02893157697859884,CAIXABANK SA,Growth,International Shares,Global Shares,Global Shares,Financials - 40,Bolsa De Madrid,EUR,Spain,,Diversified Banks - 40101010,World Large Blend Equity,International Equities - Unhedged,IEQStock
0.02831606204895697,FERROVIAL SE,Growth,International Shares,Global Shares,Global Shares,Industrials - 20,Bolsa De Madrid,EUR,Spain,,Construction & Engineering - 20103010,World Large Blend Equity,International Equities - Unhedged,IEQStock
0.015211601467954698,AENA SME SA,Growth,International Shares,Global Shares,Global Shares,Industrials - 20,Bolsa De Madrid,EUR,Spain,,Airport Services - 20305010,World Large Blend Equity,International Equities - Unhedged,IEQStock
0.009100626339476371,ACS ACTIVIDADES DE CONSTRUCCION Y,Growth,International Shares,Global Shares,Global Shares,Industrials - 20,Bolsa De Madrid,EUR,Spain,,Construction & Engineering - 20103010,World Large Blend Equity,International Equities - Unhedged,IEQStock
0.0030477875653588467,REDEIA CORPORACION SA,Growth,International Shares,Global Shares,Global Shares,Utilities - 55,Bolsa De Madrid,EUR,Spain,,Electric Utilities - 55101010,World Large Blend Equity,International Equities - Unhedged,IEQStock
0.0038561530236459465,ENDESA SA,Growth,International Shares,Global Shares,Global Shares,Utilities - 55,Bolsa De Madrid,EUR,Spain,,Electric Utilities - 55101010,World Large Blend Equity,International Equities - Unhedged,IEQStock
0.0029032949895725956,NATURGY ENERGY SA,Growth,International Shares,Global Shares,Global Shares,Utilities - 55,Bolsa De Madrid,EUR,Spain,,Gas Utilities - 55102010,World Large Blend Equity,International Equities - Unhedged,IEQStock
0.0010086801483760485,ENAGAS SA,Growth,International Shares,Global Shares,Global Shares,Utilities - 55,Bolsa De Madrid,EUR,Spain,,Gas Utilities - 55102010,World Large Blend Equity,International Equities - Unhedged,IEQStock
0.0006284761935888627,GRIFOLS SA CLASS A,Growth,International Shares,Global Shares,Global Shares,Health Care - 35,Bolsa De Madrid,EUR,Spain,,Biotechnology - 35201010,World Large Blend Equity,International Equities - Unhedged,IEQStock
0.08603302808233168,IBERDROLA SA,Growth,International Shares,Global Shares,Global Shares,Utilities - 55,Bolsa De Madrid,EUR,Spain,,Electric Utilities - 55101010,World Large Blend Equity,International Equities - Unhedged,IEQStock
0.1215267023158005,BANCO BILBAO VIZCAYA ARGENTARIA SA,Growth,International Shares,Global Shares,Global Shares,Financials - 40,Bolsa De Madrid,EUR,Spain,,Diversified Banks - 40101010,World Large Blend Equity,International Equities - Unhedged,IEQStock
0.051782117401954396,INDUSTRIA DE DISENO TEXTIL INDITEX,Growth,International Shares,Global Shares,Global Shares,Consumer Discretionary - 25,Bolsa De Madrid,EUR,Spain,,Apparel Retail - 25504010,World Large Blend Equity,International Equities - Unhedged,IEQStock
0.01824249393080983,AMADEUS IT GROUP SA,Growth,International Shares,Global Shares,Global Shares,Consumer Discretionary - 25,Bolsa De Madrid,EUR,Spain,,"Hotels, Resorts & Cruise Lines - 25301020",World Large Blend Equity,International Equities - Unhedged,IEQStock
0.0011923864748898734,SOLVAY SA,Growth,International Shares,Global Shares,Global Shares,Materials - 15,Brussels Stock Exchange,EUR,Belgium,,Unknown,World Large Blend Equity,International Equities - Unhedged,IEQStock
0.07033144716270152,DEUTSCHE BANK AG,Growth,International Shares,Global Shares,Global Shares,Financials - 40,Deutsche Boerse Markets,EUR,Germany,,Diversified Capital Markets - 40203030,World Large Blend Equity,International Equities - Unhedged,IEQStock
0.008768342058218945,VONOVIA SE,Growth,International Shares,Global Shares,Global Shares,Real Estate - 60,Deutsche Boerse Markets,EUR,Germany,,Real Estate Operating Companies - 60201020,World Large Blend Equity,International Equities - Unhedged,IEQStock
0.02549238593335228,DAIMLER TRUCK HOLDING E AG,Growth,International Shares,Global Shares,Global Shares,Industrials - 20,Deutsche Boerse Markets,EUR,Germany,,Construction Machinery & Heavy Transportation Equipment - 20106010,World Large Blend Equity,International Equities - Unhedged,IEQStock
0.012238747473489346,SIEMENS HEALTHINEERS AG,Growth,International Shares,Global Shares,Global Shares,Health Care - 35,Deutsche Boerse Markets,EUR,Germany,,Health Care Equipment - 35101010,World Large Blend Equity,International Equities - Unhedged,IEQStock
0.010573876767588156,SYMRISE AG,Growth,International Shares,Global Shares,Global Shares,Materials - 15,Deutsche Boerse Markets,EUR,Germany,,Specialty Chemicals - 15101050,World Large Blend Equity,International Equities - Unhedged,IEQStock
0.01978762309726236,HANNOVER RUECK,Growth,International Shares,Global Shares,Global Shares,Financials - 40,Deutsche Boerse Markets,EUR,Germany,,Reinsurance - 40301050,World Large Blend Equity,International Equities - Unhedged,IEQStock
0.008386205142677973,BEIERSDORF AG,Growth,International Shares,Global Shares,Global Shares,Consumer Staples - 30,Deutsche Boerse Markets,EUR,Germany,,Personal Care Products - 30302010,World Large Blend Equity,International Equities - Unhedged,IEQStock
0.2516099239769176,RHEINMETALL AG,Growth,International Shares,Global Shares,Global Shares,Industrials - 20,Deutsche Boerse Markets,EUR,Germany,,Aerospace & Defense - 20101010,World Large Blend Equity,International Equities - Unhedged,IEQStock
0.00547865061626267,HENKEL & KGAA PREF AG,Growth,International Shares,Global Shares,Global Shares,Consumer Staples - 30,Deutsche Boerse Markets,EUR,Germany,,Household Products - 30301010,World Large Blend Equity,International Equities - Unhedged,IEQStock
0.0419727704475513,COMMERZBANK AG,Growth,International Shares,Global Shares,Global Shares,Financials - 40,Deutsche Boerse Markets,EUR,Germany,,Diversified Banks - 40101010,World Large Blend Equity,International Equities - Unhedged,IEQStock
0.009864570937281917,BRENNTAG,Growth,International Shares,Global Shares,Global Shares,Industrials - 20,Deutsche Boerse Markets,EUR,Germany,,Trading Companies & Distributors - 20107010,World Large Blend Equity,International Equities - Unhedged,IEQStock
0.006537485346572939,FRESENIUS SE AND CO KGAA,Growth,International Shares,Global Shares,Global Shares,Health Care - 35,Deutsche Boerse Markets,EUR,Germany,,Health Care Services - 35102015,World Large Blend Equity,International Equities - Unhedged,IEQStock
0.016963113702935205,MTU AERO ENGINES HOLDING AG,Growth,International Shares,Global Shares,Global Shares,Industrials - 20,Deutsche Boerse Markets,EUR,Germany,,Aerospace & Defense - 20101010,World Large Blend Equity,International Equities - Unhedged,IEQStock
0.02621633538661922,HEIDELBERG MATERIALS AG,Growth,International Shares,Global Shares,Global Shares,Materials - 15,Deutsche Boerse Markets,EUR,Germany,,Construction Materials - 15102010,World Large Blend Equity,International Equities - Unhedged,IEQStock
0.007464524472461454,COVESTRO AG,Growth,International Shares,Global Shares,Global Shares,Materials - 15,Deutsche Boerse Markets,EUR,Germany,,Specialty Chemicals - 15101050,World Large Blend Equity,International Equities - Unhedged,IEQStock
0.010225613217223897,SARTORIUS PREF AG,Growth,International Shares,Global Shares,Global Shares,Health Care - 35,Deutsche Boerse Markets,EUR,Germany,,Life Sciences Tools & Services - 35203010,World Large Blend Equity,International Equities - Unhedged,IEQStock
0.0033512660446937967,PORSCHE AUTOMOBIL HOLDING PREF,Growth,International Shares,Global Shares,Global Shares,Consumer Discretionary - 25,Deutsche Boerse Markets,EUR,Germany,,Automobile Manufacturers - 25102010,World Large Blend Equity,International Equities - Unhedged,IEQStock
0.0025777752991142347,CONTINENTAL AG,Growth,International Shares,Global Shares,Global Shares,Consumer Discretionary - 25,Deutsche Boerse Markets,EUR,Germany,,Automotive Parts & Equipment - 25101010,World Large Blend Equity,International Equities - Unhedged,IEQStock
0.003227213451994197,FRESENIUS MEDICAL CARE AG,Growth,International Shares,Global Shares,Global Shares,Health Care - 35,Deutsche Boerse Markets,EUR,Germany,,Health Care Services - 35102015,World Large Blend Equity,International Equities - Unhedged,IEQStock
0.0032106044467070734,HENKEL AG,Growth,International Shares,Global Shares,Global Shares,Consumer Staples - 30,Deutsche Boerse Markets,EUR,Germany,,Household Products - 30301010,World Large Blend Equity,International Equities - Unhedged,IEQStock
0.002030460153761128,DELIVERY HERO,Growth,International Shares,Global Shares,Global Shares,Consumer Discretionary - 25,Deutsche Boerse Markets,EUR,Germany,,Restaurants - 25301040,World Large Blend Equity,International Equities - Unhedged,IEQStock
0.0012074664499391193,PUMA,Growth,International Shares,Global Shares,Global Shares,Consumer Discretionary - 25,Deutsche Boerse Markets,EUR,Germany,,Footwear - 25203020,World Large Blend Equity,International Equities - Unhedged,IEQStock
0.01011520642515122,GEA GROUP AG,Growth,International Shares,Global Shares,Global Shares,Industrials - 20,Deutsche Boerse Markets,EUR,Germany,,Industrial Machinery & Supplies & Components - 20106020,World Large Blend Equity,International Equities - Unhedged,IEQStock
0.002681311070195429,LEG IMMOBILIEN N,Growth,International Shares,Global Shares,Global Shares,Real Estate - 60,Deutsche Boerse Markets,EUR,Germany,,Real Estate Operating Companies - 60201020,World Large Blend Equity,International Equities - Unhedged,IEQStock
0.004635394181093882,BMW PREF AG,Growth,International Shares,Global Shares,Global Shares,Consumer Discretionary - 25,Deutsche Boerse Markets,EUR,Germany,,Automobile Manufacturers - 25102010,World Large Blend Equity,International Equities - Unhedged,IEQStock
0.0024674494373776363,ZALANDO,Growth,International Shares,Global Shares,Global Shares,Consumer Discretionary - 25,Deutsche Boerse Markets,EUR,Germany,,Apparel Retail - 25504010,World Large Blend Equity,International Equities - Unhedged,IEQStock
0.021146574888215457,SIEMENS ENERGY N AG,Growth,International Shares,Global Shares,Global Shares,Industrials - 20,Deutsche Boerse Markets,EUR,Germany,,Heavy Electrical Equipment - 20104020,World Large Blend Equity,International Equities - Unhedged,IEQStock
0.0006530754761872273,HELLOFRESH,Growth,International Shares,Global Shares,Global Shares,Consumer Staples - 30,Deutsche Boerse Markets,EUR,Germany,,Food Retail - 30101030,World Large Blend Equity,International Equities - Unhedged,IEQStock
0.001941599923888556,VOLKSWAGEN AG,Growth,International Shares,Global Shares,Global Shares,Consumer Discretionary - 25,Deutsche Boerse Markets,EUR,Germany,,Automobile Manufacturers - 25102010,World Large Blend Equity,International Equities - Unhedged,IEQStock
0.2773456324817774,SAP,Growth,International Shares,Global Shares,Global Shares,Information Technology - 45,Deutsche Boerse Markets,EUR,Germany,,Application Software - 45103010,World Large Blend Equity,International Equities - Unhedged,IEQStock
0.19740074643679847,SIEMENS N AG,Growth,International Shares,Global Shares,Global Shares,Industrials - 20,Deutsche Boerse Markets,EUR,Germany,,Industrial Conglomerates - 20105010,World Large Blend Equity,International Equities - Unhedged,IEQStock
0.13612909813698937,ALLIANZ,Growth,International Shares,Global Shares,Global Shares,Financials - 40,Deutsche Boerse Markets,EUR,Germany,,Multi-line Insurance - 40301030,World Large Blend Equity,International Equities - Unhedged,IEQStock
0.11310541760018142,DEUTSCHE TELEKOM N AG,Growth,International Shares,Global Shares,Global Shares,Communication Services - 50,Deutsche Boerse Markets,EUR,Germany,,Integrated Telecommunication Services - 50101020,World Large Blend Equity,International Equities - Unhedged,IEQStock
0.10195108743852614,MUENCHENER RUECKVERSICHERUNGS-GESE,Growth,International Shares,Global Shares,Global Shares,Financials - 40,Deutsche Boerse Markets,EUR,Germany,,Reinsurance - 40301050,World Large Blend Equity,International Equities - Unhedged,IEQStock
0.040700220099603404,MERCEDES-BENZ GROUP N AG,Growth,International Shares,Global Shares,Global Shares,Consumer Discretionary - 25,Deutsche Boerse Markets,EUR,Germany,,Automobile Manufacturers - 25102010,World Large Blend Equity,International Equities - Unhedged,IEQStock
0.006726860341414121,BAYER AG,Growth,International Shares,Global Shares,Global Shares,Health Care - 35,Deutsche Boerse Markets,EUR,Germany,,Pharmaceuticals - 35202010,World Large Blend Equity,International Equities - Unhedged,IEQStock
0.019208933049958195,BASF N,Growth,International Shares,Global Shares,Global Shares,Materials - 15,Deutsche Boerse Markets,EUR,Germany,,Diversified Chemicals - 15101020,World Large Blend Equity,International Equities - Unhedged,IEQStock
0.05341670892894335,INFINEON TECHNOLOGIES AG,Growth,International Shares,Global Shares,Global Shares,Information Technology - 45,Deutsche Boerse Markets,EUR,Germany,,Semiconductors - 45301020,World Large Blend Equity,International Equities - Unhedged,IEQStock
0.034579002723224346,DEUTSCHE POST AG,Growth,International Shares,Global Shares,Global Shares,Industrials - 20,Deutsche Boerse Markets,EUR,Germany,,Air Freight & Logistics - 20301010,World Large Blend Equity,International Equities - Unhedged,IEQStock
0.05100141577374016,DEUTSCHE BOERSE AG,Growth,International Shares,Global Shares,Global Shares,Financials - 40,Deutsche Boerse Markets,EUR,Germany,,Financial Exchanges & Data - 40203040,World Large Blend Equity,International Equities - Unhedged,IEQStock
0.01687404630957981,ADIDAS N AG,Growth,International Shares,Global Shares,Global Shares,Consumer Discretionary - 25,Deutsche Boerse Markets,EUR,Germany,,"Apparel, Accessories & Luxury Goods - 25203010",World Large Blend Equity,International Equities - Unhedged,IEQStock
0.02390691819299921,BMW AG,Growth,International Shares,Global Shares,Global Shares,Consumer Discretionary - 25,Deutsche Boerse Markets,EUR,Germany,,Automobile Manufacturers - 25102010,World Large Blend Equity,International Equities - Unhedged,IEQStock
0.027635951746910192,E.ON N,Growth,International Shares,Global Shares,Global Shares,Utilities - 55,Deutsche Boerse Markets,EUR,Germany,,Multi-Utilities - 55103010,World Large Blend Equity,International Equities - Unhedged,IEQStock
0.022245915648780295,RWE AG,Growth,International Shares,Global Shares,Global Shares,Utilities - 55,Deutsche Boerse Markets,EUR,Germany,,Independent Power Producers & Traders - 55105010,World Large Blend Equity,International Equities - Unhedged,IEQStock
0.010830588169501642,VOLKSWAGEN NON-VOTING PREF AG,Growth,International Shares,Global Shares,Global Shares,Consumer Discretionary - 25,Deutsche Boerse Markets,EUR,Germany,,Automobile Manufacturers - 25102010,World Large Blend Equity,International Equities - Unhedged,IEQStock
0.0020506438020665256,DR ING HC F PORSCHE PRF AG,Growth,International Shares,Global Shares,Global Shares,Consumer Discretionary - 25,Deutsche Boerse Markets,EUR,Germany,,Automobile Manufacturers - 25102010,World Large Blend Equity,International Equities - Unhedged,IEQStock
0.005365739137004398,QIAGEN NV,Growth,International Shares,Global Shares,Global Shares,Health Care - 35,Deutsche Boerse Xetra,EUR,Germany,,Unknown,World Large Blend Equity,International Equities - Unhedged,IEQStock
0.08460886300485053,ADYEN NV,Growth,International Shares,Global Shares,Global Shares,Financials - 40,Euronext Amsterdam,EUR,Netherlands,,Transaction & Payment Processing Services - 40201060,World Large Blend Equity,International Equities - Unhedged,IEQStock
0.18528487064787383,ASM INTERNATIONAL NV,Growth,International Shares,Global Shares,Global Shares,Information Technology - 45,Euronext Amsterdam,EUR,Netherlands,,Semiconductor Materials & Equipment - 45301010,World Large Blend Equity,International Equities - Unhedged,IEQStock
0.008335780923636365,DSM FIRMENICH AG,Growth,International Shares,Global Shares,Global Shares,Materials - 15,Euronext Amsterdam,EUR,Netherlands,,Specialty Chemicals - 15101050,World Large Blend Equity,International Equities - Unhedged,IEQStock
0.01687888576975722,UNIVERSAL MUSIC GROUP NV,Growth,International Shares,Global Shares,Global Shares,Communication Services - 50,Euronext Amsterdam,EUR,Netherlands,,Movies & Entertainment - 50202010,World Large Blend Equity,International Equities - Unhedged,IEQStock
0.008170914549183204,KONINKLIJKE PHILIPS NV,Growth,International Shares,Global Shares,Global Shares,Health Care - 35,Euronext Amsterdam,EUR,Netherlands,,Health Care Equipment - 35101010,World Large Blend Equity,International Equities - Unhedged,IEQStock
0.005814302800298799,AKZO NOBEL NV,Growth,International Shares,Global Shares,Global Shares,Materials - 15,Euronext Amsterdam,EUR,Netherlands,,Specialty Chemicals - 15101050,World Large Blend Equity,International Equities - Unhedged,IEQStock
0.010441765535155469,KONINKLIJKE KPN NV,Growth,International Shares,Global Shares,Global Shares,Communication Services - 50,Euronext Amsterdam,EUR,Netherlands,,Integrated Telecommunication Services - 50101020,World Large Blend Equity,International Equities - Unhedged,IEQStock
0.010289098997268705,ARCELORMITTAL SA,Growth,International Shares,Global Shares,Global Shares,Materials - 15,Euronext Amsterdam,EUR,France,,Steel - 15104050,World Large Blend Equity,International Equities - Unhedged,IEQStock
0.012092443605605959,NN GROUP NV,Growth,International Shares,Global Shares,Global Shares,Financials - 40,Euronext Amsterdam,EUR,Netherlands,,Life & Health Insurance - 40301020,World Large Blend Equity,International Equities - Unhedged,IEQStock
0.044562878208647065,BE SEMICONDUCTOR INDUSTRIES NV,Growth,International Shares,Global Shares,Global Shares,Information Technology - 45,Euronext Amsterdam,EUR,Netherlands,,Semiconductor Materials & Equipment - 45301010,World Large Blend Equity,International Equities - Unhedged,IEQStock
0.012260401124141994,EXOR NV,Growth,International Shares,Global Shares,Global Shares,Financials - 40,Euronext Amsterdam,EUR,Netherlands,,Multi-Sector Holdings - 40201030,World Large Blend Equity,International Equities - Unhedged,IEQStock
0.0034263933178141697,HEINEKEN HOLDING NV,Growth,International Shares,Global Shares,Global Shares,Consumer Staples - 30,Euronext Amsterdam,EUR,Netherlands,,Brewers - 30201010,World Large Blend Equity,International Equities - Unhedged,IEQStock
0.009196493657928512,IMCD NV,Growth,International Shares,Global Shares,Global Shares,Industrials - 20,Euronext Amsterdam,EUR,Netherlands,,Trading Companies & Distributors - 20107010,World Large Blend Equity,International Equities - Unhedged,IEQStock
0.006877488744119966,AEGON LTD,Growth,International Shares,Global Shares,Global Shares,Financials - 40,Euronext Amsterdam,EUR,Netherlands,,Life & Health Insurance - 40301020,World Large Blend Equity,International Equities - Unhedged,IEQStock
0.004165547234710424,RANDSTAD HOLDING,Growth,International Shares,Global Shares,Global Shares,Industrials - 20,Euronext Amsterdam,EUR,Netherlands,,Human Resource & Employment Services - 20202010,World Large Blend Equity,International Equities - Unhedged,IEQStock
0.004292939661144043,ABN AMRO BANK NV,Growth,International Shares,Global Shares,Global Shares,Financials - 40,Euronext Amsterdam,EUR,Netherlands,,Diversified Banks - 40101010,World Large Blend Equity,International Equities - Unhedged,IEQStock
1.0016933065145124,ASML HOLDING NV,Growth,International Shares,Global Shares,Global Shares,Information Technology - 45,Euronext Amsterdam,EUR,Netherlands,,Semiconductor Materials & Equipment - 45301010,World Large Blend Equity,International Equities - Unhedged,IEQStock
0.06876551802585475,ING GROEP NV,Growth,International Shares,Global Shares,Global Shares,Financials - 40,Euronext Amsterdam,EUR,Netherlands,,Diversified Banks - 40101010,World Large Blend Equity,International Equities - Unhedged,IEQStock
0.04474482804925025,PROSUS NV,Growth,International Shares,Global Shares,Global Shares,Consumer Discretionary - 25,Euronext Amsterdam,EUR,Netherlands,,Broadline Retail - 25503030,World Large Blend Equity,International Equities - Unhedged,IEQStock
0.04470410631781671,WOLTERS KLUWER NV,Growth,International Shares,Global Shares,Global Shares,Industrials - 20,Euronext Amsterdam,EUR,Netherlands,,Research & Consulting Services - 20202020,World Large Blend Equity,International Equities - Unhedged,IEQStock
0.024975297641305617,KONINKLIJKE AHOLD DELHAIZE NV,Growth,International Shares,Global Shares,Global Shares,Consumer Staples - 30,Euronext Amsterdam,EUR,Netherlands,,Food Retail - 30101030,World Large Blend Equity,International Equities - Unhedged,IEQStock
0.011723074381827606,HEINEKEN NV,Growth,International Shares,Global Shares,Global Shares,Consumer Staples - 30,Euronext Amsterdam,EUR,Netherlands,,Brewers - 30201010,World Large Blend Equity,International Equities - Unhedged,IEQStock
0.02727567552073434,KBC GROEP,Growth,International Shares,Global Shares,Global Shares,Financials - 40,Euronext Brussels,EUR,Belgium,,Diversified Banks - 40101010,World Large Blend Equity,International Equities - Unhedged,IEQStock
0.02172426151408781,UCB SA,Growth,International Shares,Global Shares,Global Shares,Health Care - 35,Euronext Brussels,EUR,Belgium,,Pharmaceuticals - 35202010,World Large Blend Equity,International Equities - Unhedged,IEQStock
0.004119594930426527,GROUPE BRUXELLES LAMBERT NV,Growth,International Shares,Global Shares,Global Shares,Financials - 40,Euronext Brussels,EUR,Belgium,,Multi-Sector Holdings - 40201030,World Large Blend Equity,International Equities - Unhedged,IEQStock
0.006392769165077675,AGEAS SA,Growth,International Shares,Global Shares,Global Shares,Financials - 40,Euronext Brussels,EUR,Belgium,,Multi-line Insurance - 40301030,World Large Blend Equity,International Equities - Unhedged,IEQStock
0.0009125895449511512,UMICORE SA,Growth,International Shares,Global Shares,Global Shares,Materials - 15,Euronext Brussels,EUR,Belgium,,Specialty Chemicals - 15101050,World Large Blend Equity,International Equities - Unhedged,IEQStock
0.03374577742536722,ANHEUSER-BUSCH INBEV SA,Growth,International Shares,Global Shares,Global Shares,Consumer Staples - 30,Euronext Brussels,EUR,Belgium,,Brewers - 30201010,World Large Blend Equity,International Equities - Unhedged,IEQStock
0.08875721830658698,ARGENX,Growth,International Shares,Global Shares,Global Shares,Health Care - 35,Euronext Brussels,EUR,Belgium,,Biotechnology - 35201010,World Large Blend Equity,International Equities - Unhedged,IEQStock
0.013663957920903398,KINGSPAN GROUP PLC,Growth,International Shares,Global Shares,Global Shares,Industrials - 20,Euronext Dublin,EUR,Ireland,,Building Products - 20102010,World Large Blend Equity,International Equities - Unhedged,IEQStock
0.011360593189004993,SMURFIT KAPPA GROUP PLC,Growth,International Shares,Global Shares,Global Shares,Materials - 15,Euronext Dublin,EUR,Ireland,,Paper & Plastic Packaging Products & Materials - 15103020,World Large Blend Equity,International Equities - Unhedged,IEQStock
0.013955338218077182,BANK OF IRELAND GROUP PLC,Growth,International Shares,Global Shares,Global Shares,Financials - 40,Euronext Dublin,EUR,Ireland,,Diversified Banks - 40101010,World Large Blend Equity,International Equities - Unhedged,IEQStock
0.05124344782017652,FLUTTER ENTERTAINMENT PLC,Growth,International Shares,Global Shares,Global Shares,Consumer Discretionary - 25,Euronext Dublin,EUR,Ireland,,Casinos & Gaming - 25301010,World Large Blend Equity,International Equities - Unhedged,IEQStock
0.00801128767775965,EDP ENERGIAS DE PORTUGAL SA,Growth,International Shares,Global Shares,Global Shares,Utilities - 55,Euronext Lisbon,EUR,Portugal,,Electric Utilities - 55101010,World Large Blend Equity,International Equities - Unhedged,IEQStock
0.007234586820661086,JERONIMO MARTINS SA,Growth,International Shares,Global Shares,Global Shares,Consumer Staples - 30,Euronext Lisbon,EUR,Portugal,,Food Retail - 30101030,World Large Blend Equity,International Equities - Unhedged,IEQStock
0.004980468470089993,GALP ENERGIA SGPS SA,Growth,International Shares,Global Shares,Global Shares,Energy - 10,Euronext Lisbon,EUR,Portugal,,Integrated Oil & Gas - 10102010,World Large Blend Equity,International Equities - Unhedged,IEQStock
0.0328615567790153,STMICROELECTRONICS NV,Growth,International Shares,Global Shares,Global Shares,Information Technology - 45,Euronext Milan,EUR,Italy,,Semiconductors - 45301020,World Large Blend Equity,International Equities - Unhedged,IEQStock
0.03405651776425686,ASSICURAZIONI GENERALI,Growth,International Shares,Global Shares,Global Shares,Financials - 40,Euronext Milan,EUR,Italy,,Multi-line Insurance - 40301030,World Large Blend Equity,International Equities - Unhedged,IEQStock
0.01433048218769805,MONCLER,Growth,International Shares,Global Shares,Global Shares,Consumer Discretionary - 25,Euronext Milan,EUR,Italy,,"Apparel, Accessories & Luxury Goods - 25203010",World Large Blend Equity,International Equities - Unhedged,IEQStock
0.01138171762393741,TERNA RETE ELETTRICA NAZIONALE,Growth,International Shares,Global Shares,Global Shares,Utilities - 55,Euronext Milan,EUR,Italy,,Electric Utilities - 55101010,World Large Blend Equity,International Equities - Unhedged,IEQStock
0.03432829122926959,PRYSMIAN,Growth,International Shares,Global Shares,Global Shares,Industrials - 20,Euronext Milan,EUR,Italy,,Electrical Components & Equipment - 20104010,World Large Blend Equity,International Equities - Unhedged,IEQStock
0.007311680225078892,SNAM,Growth,International Shares,Global Shares,Global Shares,Utilities - 55,Euronext Milan,EUR,Italy,,Gas Utilities - 55102010,World Large Blend Equity,International Equities - Unhedged,IEQStock
0.031968135658081306,BANCO BPM,Growth,International Shares,Global Shares,Global Shares,Financials - 40,Euronext Milan,EUR,Italy,,Diversified Banks - 40101010,World Large Blend Equity,International Equities - Unhedged,IEQStock
0.015058405733696548,MEDIOBANCA BANCA DI CREDITO FINANZ,Growth,International Shares,Global Shares,Global Shares,Financials - 40,Euronext Milan,EUR,Italy,,Diversified Banks - 40101010,World Large Blend Equity,International Equities - Unhedged,IEQStock
0.007838930657665041,TENARIS SA,Growth,International Shares,Global Shares,Global Shares,Energy - 10,Euronext Milan,EUR,Italy,,Oil & Gas Equipment & Services - 10101020,World Large Blend Equity,International Equities - Unhedged,IEQStock
0.01018785429566753,FINECOBANK BANCA FINECO,Growth,International Shares,Global Shares,Global Shares,Financials - 40,Euronext Milan,EUR,Italy,,Diversified Banks - 40101010,World Large Blend Equity,International Equities - Unhedged,IEQStock
0.0022980282578213933,NEXI,Growth,International Shares,Global Shares,Global Shares,Financials - 40,Euronext Milan,EUR,Italy,,Transaction & Payment Processing Services - 40201060,World Large Blend Equity,International Equities - Unhedged,IEQStock
0.0010105555566581191,TELECOM ITALIA,Growth,International Shares,Global Shares,Global Shares,Communication Services - 50,Euronext Milan,EUR,Italy,,Integrated Telecommunication Services - 50101020,World Large Blend Equity,International Equities - Unhedged,IEQStock
0.04473009465319467,ENEL,Growth,International Shares,Global Shares,Global Shares,Utilities - 55,Euronext Milan,EUR,Italy,,Electric Utilities - 55101010,World Large Blend Equity,International Equities - Unhedged,IEQStock
0.2268282067346925,UNICREDIT,Growth,International Shares,Global Shares,Global Shares,Financials - 40,Euronext Milan,EUR,Italy,,Diversified Banks - 40101010,World Large Blend Equity,International Equities - Unhedged,IEQStock
0.022314795541488592,STELLANTIS NV,Growth,International Shares,Global Shares,Global Shares,Consumer Discretionary - 25,Euronext Milan,EUR,Italy,,Automobile Manufacturers - 25102010,World Large Blend Equity,International Equities - Unhedged,IEQStock
0.08425171233951283,INTESA SANPAOLO,Growth,International Shares,Global Shares,Global Shares,Financials - 40,Euronext Milan,EUR,Italy,,Diversified Banks - 40101010,World Large Blend Equity,International Equities - Unhedged,IEQStock
0.13970487878600785,FERRARI NV,Growth,International Shares,Global Shares,Global Shares,Consumer Discretionary - 25,Euronext Milan,EUR,Italy,,Automobile Manufacturers - 25102010,World Large Blend Equity,International Equities - Unhedged,IEQStock
0.023795343391077233,ENI,Growth,International Shares,Global Shares,Global Shares,Energy - 10,Euronext Milan,EUR,Italy,,Integrated Oil & Gas - 10102010,World Large Blend Equity,International Equities - Unhedged,IEQStock
0.0013199174795624294,TELECOM ITALIA SAVING,Growth,International Shares,Global Shares,Global Shares,Communication Services - 50,Euronext Milan,EUR,Italy,,Integrated Telecommunication Services - 50101020,World Large Blend Equity,International Equities - Unhedged,IEQStock
0.01941954366967476,DNB BANK,Growth,International Shares,Global Shares,Global Shares,Financials - 40,Euronext Oslo Bors,NOK,Norway,,Diversified Banks - 40101010,World Large Blend Equity,International Equities - Unhedged,IEQStock
0.004860615732991208,AKER BP,Growth,International Shares,Global Shares,Global Shares,Energy - 10,Euronext Oslo Bors,NOK,Norway,,Oil & Gas Exploration & Production - 10102020,World Large Blend Equity,International Equities - Unhedged,IEQStock
0.0069374937102912836,NORSK HYDRO,Growth,International Shares,Global Shares,Global Shares,Materials - 15,Euronext Oslo Bors,NOK,Norway,,Aluminum - 15104010,World Large Blend Equity,International Equities - Unhedged,IEQStock
0.005393476672674098,MOWI,Growth,International Shares,Global Shares,Global Shares,Consumer Staples - 30,Euronext Oslo Bors,NOK,Norway,,Packaged Foods & Meats - 30202030,World Large Blend Equity,International Equities - Unhedged,IEQStock
0.004920083844536823,ORKLA,Growth,International Shares,Global Shares,Global Shares,Consumer Staples - 30,Euronext Oslo Bors,NOK,Norway,,Packaged Foods & Meats - 30202030,World Large Blend Equity,International Equities - Unhedged,IEQStock
0.0032687836619089633,YARA INTERNATIONAL,Growth,International Shares,Global Shares,Global Shares,Materials - 15,Euronext Oslo Bors,NOK,Norway,,Fertilizers & Agricultural Chemicals - 15101030,World Large Blend Equity,International Equities - Unhedged,IEQStock
0.018492210921970762,EQUINOR,Growth,International Shares,Global Shares,Global Shares,Energy - 10,Euronext Oslo Bors,NOK,Norway,,Integrated Oil & Gas - 10102010,World Large Blend Equity,International Equities - Unhedged,IEQStock
0.0004840126129794449,VALEO,Growth,International Shares,Global Shares,Global Shares,Consumer Discretionary - 25,Euronext Paris,EUR,France,,Automotive Parts & Equipment - 25101010,World Large Blend Equity,International Equities - Unhedged,IEQStock
0.011123605495088607,ORANGE SA,Growth,International Shares,Global Shares,Global Shares,Communication Services - 50,Euronext Paris,EUR,France,,Integrated Telecommunication Services - 50101020,World Large Blend Equity,International Equities - Unhedged,IEQStock
0.021269038535580657,MICHELIN,Growth,International Shares,Global Shares,Global Shares,Consumer Discretionary - 25,Euronext Paris,EUR,France,,Tires & Rubber - 25101020,World Large Blend Equity,International Equities - Unhedged,IEQStock
0.022521380002653534,PUBLICIS GROUPE SA,Growth,International Shares,Global Shares,Global Shares,Communication Services - 50,Euronext Paris,EUR,France,,Advertising - 50201010,World Large Blend Equity,International Equities - Unhedged,IEQStock
0.01748731699511226,VEOLIA ENVIRON. SA,Growth,International Shares,Global Shares,Global Shares,Utilities - 55,Euronext Paris,EUR,France,,Multi-Utilities - 55103010,World Large Blend Equity,International Equities - Unhedged,IEQStock
0.019206765875316934,SOCIETE GENERALE SA,Growth,International Shares,Global Shares,Global Shares,Financials - 40,Euronext Paris,EUR,France,,Diversified Banks - 40101010,World Large Blend Equity,International Equities - Unhedged,IEQStock
0.014822641235405479,CREDIT AGRICOLE SA,Growth,International Shares,Global Shares,Global Shares,Financials - 40,Euronext Paris,EUR,France,,Diversified Banks - 40101010,World Large Blend Equity,International Equities - Unhedged,IEQStock
0.018428216538584462,THALES SA,Growth,International Shares,Global Shares,Global Shares,Industrials - 20,Euronext Paris,EUR,France,,Aerospace & Defense - 20101010,World Large Blend Equity,International Equities - Unhedged,IEQStock
0.005503322271712358,EDENRED,Growth,International Shares,Global Shares,Global Shares,Financials - 40,Euronext Paris,EUR,France,,Transaction & Payment Processing Services - 40201060,World Large Blend Equity,International Equities - Unhedged,IEQStock
0.004020410295799159,CARREFOUR SA,Growth,International Shares,Global Shares,Global Shares,Consumer Staples - 30,Euronext Paris,EUR,France,,Consumer Staples Merchandise Retail - 30101040,World Large Blend Equity,International Equities - Unhedged,IEQStock
0.002050371779373002,SODEXO SA,Growth,International Shares,Global Shares,Global Shares,Consumer Discretionary - 25,Euronext Paris,EUR,France,,Restaurants - 25301040,World Large Blend Equity,International Equities - Unhedged,IEQStock
0.0014076310043905783,TELEPERFORMANCE,Growth,International Shares,Global Shares,Global Shares,Industrials - 20,Euronext Paris,EUR,France,,Data Processing & Outsourced Services - 20202030,World Large Blend Equity,International Equities - Unhedged,IEQStock
0.0164875326545477,EURONEXT NV,Growth,International Shares,Global Shares,Global Shares,Financials - 40,Euronext Paris,EUR,France,,Financial Exchanges & Data - 40203040,World Large Blend Equity,International Equities - Unhedged,IEQStock
0.002937795452266418,RENAULT SA,Growth,International Shares,Global Shares,Global Shares,Consumer Discretionary - 25,Euronext Paris,EUR,France,,Automobile Manufacturers - 25102010,World Large Blend Equity,International Equities - Unhedged,IEQStock
0.007027497039604136,EIFFAGE SA,Growth,International Shares,Global Shares,Global Shares,Industrials - 20,Euronext Paris,EUR,France,,Construction & Engineering - 20103010,World Large Blend Equity,International Equities - Unhedged,IEQStock
0.008298058872340102,EUROFINS SCIENTIFIC,Growth,International Shares,Global Shares,Global Shares,Health Care - 35,Euronext Paris,EUR,France,,Life Sciences Tools & Services - 35203010,World Large Blend Equity,International Equities - Unhedged,IEQStock
0.005012998954835537,BOUYGUES SA,Growth,International Shares,Global Shares,Global Shares,Industrials - 20,Euronext Paris,EUR,France,,Construction & Engineering - 20103010,World Large Blend Equity,International Equities - Unhedged,IEQStock
0.00690438334887063,BUREAU VERITAS SA,Growth,International Shares,Global Shares,Global Shares,Industrials - 20,Euronext Paris,EUR,France,,Research & Consulting Services - 20202020,World Large Blend Equity,International Equities - Unhedged,IEQStock
0.0028918871293062563,ARKEMA SA,Growth,International Shares,Global Shares,Global Shares,Materials - 15,Euronext Paris,EUR,France,,Specialty Chemicals - 15101050,World Large Blend Equity,International Equities - Unhedged,IEQStock
0.0005216522796440619,VIVENDI,Growth,International Shares,Global Shares,Global Shares,Communication Services - 50,Euronext Paris,EUR,France,,Broadcasting - 50201020,World Large Blend Equity,International Equities - Unhedged,IEQStock
0.0022119824347217316,GECINA SA,Growth,International Shares,Global Shares,Global Shares,Real Estate - 60,Euronext Paris,EUR,France,,Office REITs - 60104010,World Large Blend Equity,International Equities - Unhedged,IEQStock
0.0048034786931354006,ACCOR SA,Growth,International Shares,Global Shares,Global Shares,Consumer Discretionary - 25,Euronext Paris,EUR,France,,"Hotels, Resorts & Cruise Lines - 25301020",World Large Blend Equity,International Equities - Unhedged,IEQStock
0.004104228756455334,GETLINK,Growth,International Shares,Global Shares,Global Shares,Industrials - 20,Euronext Paris,EUR,France,,Highways & Railtracks - 20305020,World Large Blend Equity,International Equities - Unhedged,IEQStock
0.009550012564301274,SARTORIUS STEDIM BIOTECH SA,Growth,International Shares,Global Shares,Global Shares,Health Care - 35,Euronext Paris,EUR,France,,Life Sciences Tools & Services - 35203010,World Large Blend Equity,International Equities - Unhedged,IEQStock
0.0013888073760786037,ALSTOM SA,Growth,International Shares,Global Shares,Global Shares,Industrials - 20,Euronext Paris,EUR,France,,Construction Machinery & Heavy Transportation Equipment - 20106010,World Large Blend Equity,International Equities - Unhedged,IEQStock
0.00012036887142073604,WORLDLINE SA,Growth,International Shares,Global Shares,Global Shares,Financials - 40,Euronext Paris,EUR,France,,Transaction & Payment Processing Services - 40201060,World Large Blend Equity,International Equities - Unhedged,IEQStock
0.2618966973129965,LVMH,Growth,International Shares,Global Shares,Global Shares,Consumer Discretionary - 25,Euronext Paris,EUR,France,,"Apparel, Accessories & Luxury Goods - 25203010",World Large Blend Equity,International Equities - Unhedged,IEQStock
0.0962635932388005,TOTALENERGIES,Growth,International Shares,Global Shares,Global Shares,Energy - 10,Euronext Paris,EUR,France,,Integrated Oil & Gas - 10102010,World Large Blend Equity,International Equities - Unhedged,IEQStock
0.12262141872303241,LOREAL SA,Growth,International Shares,Global Shares,Global Shares,Consumer Staples - 30,Euronext Paris,EUR,France,,Personal Care Products - 30302010,World Large Blend Equity,International Equities - Unhedged,IEQStock
0.13151972977199802,LAIR LIQUIDE SOCIETE ANONYME POUR,Growth,International Shares,Global Shares,Global Shares,Materials - 15,Euronext Paris,EUR,France,,Industrial Gases - 15101040,World Large Blend Equity,International Equities - Unhedged,IEQStock
0.12758671290889845,AIRBUS GROUP,Growth,International Shares,Global Shares,Global Shares,Industrials - 20,Euronext Paris,EUR,France,,Aerospace & Defense - 20101010,World Large Blend Equity,International Equities - Unhedged,IEQStock
0.07078244702516727,BNP PARIBAS SA,Growth,International Shares,Global Shares,Global Shares,Financials - 40,Euronext Paris,EUR,France,,Diversified Banks - 40101010,World Large Blend Equity,International Equities - Unhedged,IEQStock
0.20488681206684498,HERMES INTERNATIONAL,Growth,International Shares,Global Shares,Global Shares,Consumer Discretionary - 25,Euronext Paris,EUR,France,,"Apparel, Accessories & Luxury Goods - 25203010",World Large Blend Equity,International Equities - Unhedged,IEQStock
0.06591150414603275,BANCO SANTANDER SA,Growth,International Shares,Global Shares,Global Shares,Health Care - 35,Euronext Paris,EUR,France,,Pharmaceuticals - 35202010,World Large Blend Equity,International Equities - Unhedged,IEQStock
0.11280722626835227,SAFRAN SA,Growth,International Shares,Global Shares,Global Shares,Industrials - 20,Euronext Paris,EUR,France,,Aerospace & Defense - 20101010,World Large Blend Equity,International Equities - Unhedged,IEQStock
0.07421938714398021,AXA SA,Growth,International Shares,Global Shares,Global Shares,Financials - 40,Euronext Paris,EUR,France,,Multi-line Insurance - 40301030,World Large Blend Equity,International Equities - Unhedged,IEQStock
0.23695636401985423,SUNCOR ENERGY INC,Growth,International Shares,Global Shares,Global Shares,Industrials - 20,Euronext Paris,EUR,France,,Electrical Components & Equipment - 20104010,World Large Blend Equity,International Equities - Unhedged,IEQStock
0.012131887427079003,PERNOD RICARD SA,Growth,International Shares,Global Shares,Global Shares,Consumer Staples - 30,Euronext Paris,EUR,France,,Distillers & Vintners - 30201020,World Large Blend Equity,International Equities - Unhedged,IEQStock
0.009957556993211584,KERING SA,Growth,International Shares,Global Shares,Global Shares,Consumer Discretionary - 25,Euronext Paris,EUR,France,,"Apparel, Accessories & Luxury Goods - 25203010",World Large Blend Equity,International Equities - Unhedged,IEQStock
0.029196640508265297,CAPGEMINI,Growth,International Shares,Global Shares,Global Shares,Information Technology - 45,Euronext Paris,EUR,France,,IT Consulting & Other Services - 45102010,World Large Blend Equity,International Equities - Unhedged,IEQStock
0.024972009109014544,ENGIE SA,Growth,International Shares,Global Shares,Global Shares,Utilities - 55,Euronext Paris,EUR,France,,Multi-Utilities - 55103010,World Large Blend Equity,International Equities - Unhedged,IEQStock
0.02141006356348193,DASSAULT SYSTEMES,Growth,International Shares,Global Shares,Global Shares,Information Technology - 45,Euronext Paris,EUR,France,,Application Software - 45103010,World Large Blend Equity,International Equities - Unhedged,IEQStock
0.08286681360070824,ESTEE LAUDER INC CLASS A,Growth,International Shares,Global Shares,Global Shares,Health Care - 35,Euronext Paris,EUR,France,,Health Care Supplies - 35101020,World Large Blend Equity,International Equities - Unhedged,IEQStock
0.059485217068725435,DOLLAR GENERAL CORP,Growth,International Shares,Global Shares,Global Shares,Industrials - 20,Euronext Paris,EUR,France,,Construction & Engineering - 20103010,World Large Blend Equity,International Equities - Unhedged,IEQStock
0.06596658980853048,COMPAGNIE DE SAINT GOBAIN SA,Growth,International Shares,Global Shares,Global Shares,Industrials - 20,Euronext Paris,EUR,France,,Building Products - 20102010,World Large Blend Equity,International Equities - Unhedged,IEQStock
0.041283908849032804,LEGRAND SA,Growth,International Shares,Global Shares,Global Shares,Industrials - 20,Euronext Paris,EUR,France,,Electrical Components & Equipment - 20104010,World Large Blend Equity,International Equities - Unhedged,IEQStock
0.018669591154241185,SSE PLC,Growth,International Shares,Global Shares,Global Shares,Utilities - 55,London Stock Exchange,GBP,United Kingdom,,Electric Utilities - 55101010,World Large Blend Equity,International Equities - Unhedged,IEQStock
0.006399851827999803,VODAFONE GROUP PLC,Growth,International Shares,Global Shares,Global Shares,Communication Services - 50,London Stock Exchange,GBP,United Kingdom,,Wireless Telecommunication Services - 50102010,World Large Blend Equity,International Equities - Unhedged,IEQStock
0.015085380087430468,IMPERIAL BRANDS PLC,Growth,International Shares,Global Shares,Global Shares,Consumer Staples - 30,London Stock Exchange,GBP,United Kingdom,,Tobacco - 30203010,World Large Blend Equity,International Equities - Unhedged,IEQStock
0.016567543047160748,HALEON PLC,Growth,International Shares,Global Shares,Global Shares,Consumer Staples - 30,London Stock Exchange,GBP,United Kingdom,,Personal Care Products - 30302010,World Large Blend Equity,International Equities - Unhedged,IEQStock
0.023746562476865987,STANDARD CHARTERED PLC,Growth,International Shares,Global Shares,Global Shares,Financials - 40,London Stock Exchange,GBP,United Kingdom,,Diversified Banks - 40101010,World Large Blend Equity,International Equities - Unhedged,IEQStock
0.011221854193073321,LEGAL AND GENERAL GROUP PLC,Growth,International Shares,Global Shares,Global Shares,Financials - 40,London Stock Exchange,GBP,United Kingdom,,Life & Health Insurance - 40301020,World Large Blend Equity,International Equities - Unhedged,IEQStock
0.011606291678437151,AVIVA PLC,Growth,International Shares,Global Shares,Global Shares,Financials - 40,London Stock Exchange,GBP,United Kingdom,,Multi-line Insurance - 40301030,World Large Blend Equity,International Equities - Unhedged,IEQStock
0.009600962614473695,RENTOKIL INITIAL PLC,Growth,International Shares,Global Shares,Global Shares,Industrials - 20,London Stock Exchange,GBP,United Kingdom,,Environmental & Facilities Services - 20201050,World Large Blend Equity,International Equities - Unhedged,IEQStock
0.025873082496873416,NATWEST GROUP PLC,Growth,International Shares,Global Shares,Global Shares,Financials - 40,London Stock Exchange,GBP,United Kingdom,,Diversified Banks - 40101010,World Large Blend Equity,International Equities - Unhedged,IEQStock
0.02149610669100716,INTERCONTINENTAL HOTELS GROUP PLC,Growth,International Shares,Global Shares,Global Shares,Consumer Discretionary - 25,London Stock Exchange,GBP,United Kingdom,,"Hotels, Resorts & Cruise Lines - 25301020",World Large Blend Equity,International Equities - Unhedged,IEQStock
0.01583577342334998,SAGE GROUP PLC,Growth,International Shares,Global Shares,Global Shares,Information Technology - 45,London Stock Exchange,GBP,United Kingdom,,Application Software - 45103010,World Large Blend Equity,International Equities - Unhedged,IEQStock
0.010468884713473812,INFORMA PLC,Growth,International Shares,Global Shares,Global Shares,Communication Services - 50,London Stock Exchange,GBP,United Kingdom,,Advertising - 50201010,World Large Blend Equity,International Equities - Unhedged,IEQStock
0.007475351988690704,BUNZL,Growth,International Shares,Global Shares,Global Shares,Industrials - 20,London Stock Exchange,GBP,United Kingdom,,Trading Companies & Distributors - 20107010,World Large Blend Equity,International Equities - Unhedged,IEQStock
0.007908775494735098,SEGRO REIT PLC,Growth,International Shares,Global Shares,Global Shares,Real Estate - 60,London Stock Exchange,GBP,United Kingdom,,Industrial REITs - 60102510,World Large Blend Equity,International Equities - Unhedged,IEQStock
0.02339623122724773,NEXT PLC,Growth,International Shares,Global Shares,Global Shares,Consumer Discretionary - 25,London Stock Exchange,GBP,United Kingdom,,Broadline Retail - 25503030,World Large Blend Equity,International Equities - Unhedged,IEQStock
0.005639600600017907,CENTRICA PLC,Growth,International Shares,Global Shares,Global Shares,Utilities - 55,London Stock Exchange,GBP,United Kingdom,,Multi-Utilities - 55103010,World Large Blend Equity,International Equities - Unhedged,IEQStock
0.006014742170082019,SMITH AND NEPHEW PLC,Growth,International Shares,Global Shares,Global Shares,Health Care - 35,London Stock Exchange,GBP,United Kingdom,,Health Care Equipment - 35101010,World Large Blend Equity,International Equities - Unhedged,IEQStock
0.005587010124369882,ASSOCIATED BRITISH FOODS PLC,Growth,International Shares,Global Shares,Global Shares,Consumer Staples - 30,London Stock Exchange,GBP,United Kingdom,,Packaged Foods & Meats - 30202030,World Large Blend Equity,International Equities - Unhedged,IEQStock
0.0024268542989192487,WPP PLC,Growth,International Shares,Global Shares,Global Shares,Communication Services - 50,London Stock Exchange,GBP,United Kingdom,,Advertising - 50201010,World Large Blend Equity,International Equities - Unhedged,IEQStock
0.0071346229997398284,UNITED UTILITIES GROUP PLC,Growth,International Shares,Global Shares,Global Shares,Utilities - 55,London Stock Exchange,GBP,United Kingdom,,Water Utilities - 55104010,World Large Blend Equity,International Equities - Unhedged,IEQStock
0.013818802085544266,HALMA PLC,Growth,International Shares,Global Shares,Global Shares,Information Technology - 45,London Stock Exchange,GBP,United Kingdom,,Electronic Equipment & Instruments - 45203010,World Large Blend Equity,International Equities - Unhedged,IEQStock
0.006485968638535655,SEVERN TRENT PLC,Growth,International Shares,Global Shares,Global Shares,Utilities - 55,London Stock Exchange,GBP,United Kingdom,,Water Utilities - 55104010,World Large Blend Equity,International Equities - Unhedged,IEQStock
0.005441442006896465,PEARSON PLC,Growth,International Shares,Global Shares,Global Shares,Consumer Discretionary - 25,London Stock Exchange,GBP,United Kingdom,,Education Services - 25302010,World Large Blend Equity,International Equities - Unhedged,IEQStock
0.00213520781149278,BURBERRY GROUP PLC,Growth,International Shares,Global Shares,Global Shares,Consumer Discretionary - 25,London Stock Exchange,GBP,United Kingdom,,"Apparel, Accessories & Luxury Goods - 25203010",World Large Blend Equity,International Equities - Unhedged,IEQStock
0.0025882043724760094,MONDI PLC,Growth,International Shares,Global Shares,Global Shares,Materials - 15,London Stock Exchange,GBP,United Kingdom,,Paper Products - 15105020,World Large Blend Equity,International Equities - Unhedged,IEQStock
0.003609121284669142,WHITBREAD PLC,Growth,International Shares,Global Shares,Global Shares,Consumer Discretionary - 25,London Stock Exchange,GBP,United Kingdom,,"Hotels, Resorts & Cruise Lines - 25301020",World Large Blend Equity,International Equities - Unhedged,IEQStock
0.0024229737406873653,CRODA INTERNATIONAL PLC,Growth,International Shares,Global Shares,Global Shares,Materials - 15,London Stock Exchange,GBP,United Kingdom,,Specialty Chemicals - 15101050,World Large Blend Equity,International Equities - Unhedged,IEQStock
0.005712747525586981,INTERTEK GROUP PLC,Growth,International Shares,Global Shares,Global Shares,Industrials - 20,London Stock Exchange,GBP,United Kingdom,,Research & Consulting Services - 20202020,World Large Blend Equity,International Equities - Unhedged,IEQStock
0.0060018260303716375,SPIRAX-SARCO ENGINEERING PLC,Growth,International Shares,Global Shares,Global Shares,Industrials - 20,London Stock Exchange,GBP,United Kingdom,,Industrial Machinery & Supplies & Components - 20106020,World Large Blend Equity,International Equities - Unhedged,IEQStock
0.008295978146700795,AUTO TRADER GROUP PLC,Growth,International Shares,Global Shares,Global Shares,Communication Services - 50,London Stock Exchange,GBP,United Kingdom,,Interactive Media & Services - 50203010,World Large Blend Equity,International Equities - Unhedged,IEQStock
0.004542019348303186,ENTAIN PLC,Growth,International Shares,Global Shares,Global Shares,Consumer Discretionary - 25,London Stock Exchange,GBP,United Kingdom,,Casinos & Gaming - 25301010,World Large Blend Equity,International Equities - Unhedged,IEQStock
0.0071299806451908514,SMITHS GROUP PLC,Growth,International Shares,Global Shares,Global Shares,Industrials - 20,London Stock Exchange,GBP,United Kingdom,,Industrial Conglomerates - 20105010,World Large Blend Equity,International Equities - Unhedged,IEQStock
0.0031645294885313696,BERKELEY GROUP HOLDINGS (THE) PLC,Growth,International Shares,Global Shares,Global Shares,Consumer Discretionary - 25,London Stock Exchange,GBP,United Kingdom,,Homebuilding - 25201030,World Large Blend Equity,International Equities - Unhedged,IEQStock
0.0031705933139355674,DCC PLC,Growth,International Shares,Global Shares,Global Shares,Industrials - 20,London Stock Exchange,GBP,United Kingdom,,Industrial Conglomerates - 20105010,World Large Blend Equity,International Equities - Unhedged,IEQStock
0.0034903828728128413,SAINSBURY(J) PLC,Growth,International Shares,Global Shares,Global Shares,Consumer Staples - 30,London Stock Exchange,GBP,United Kingdom,,Food Retail - 30101030,World Large Blend Equity,International Equities - Unhedged,IEQStock
0.005017757089716666,M&G PLC,Growth,International Shares,Global Shares,Global Shares,Financials - 40,London Stock Exchange,GBP,United Kingdom,,Diversified Financial Services - 40201020,World Large Blend Equity,International Equities - Unhedged,IEQStock
0.013191805674805785,ANTOFAGASTA PLC,Growth,International Shares,Global Shares,Global Shares,Materials - 15,London Stock Exchange,GBP,United Kingdom,,Copper - 15104025,World Large Blend Equity,International Equities - Unhedged,IEQStock
0.002047323871670856,LAND SECURITIES GROUP REIT PLC,Growth,International Shares,Global Shares,Global Shares,Real Estate - 60,London Stock Exchange,GBP,United Kingdom,,Diversified REITs - 60101010,World Large Blend Equity,International Equities - Unhedged,IEQStock
0.0042931867469191715,PHOENIX GROUP HOLDINGS PLC,Growth,International Shares,Global Shares,Global Shares,Financials - 40,London Stock Exchange,GBP,United Kingdom,,Life & Health Insurance - 40301020,World Large Blend Equity,International Equities - Unhedged,IEQStock
0.002279764361012658,BARRATT DEVELOPMENTS,Growth,International Shares,Global Shares,Global Shares,Consumer Discretionary - 25,London Stock Exchange,GBP,United Kingdom,,Homebuilding - 25201030,World Large Blend Equity,International Equities - Unhedged,IEQStock
0.0035963108484090623,KINGFISHER PLC,Growth,International Shares,Global Shares,Global Shares,Consumer Discretionary - 25,London Stock Exchange,GBP,United Kingdom,,Home Improvement Retail - 25504030,World Large Blend Equity,International Equities - Unhedged,IEQStock
0.005086816353721915,MARKS AND SPENCER GROUP PLC,Growth,International Shares,Global Shares,Global Shares,Consumer Staples - 30,London Stock Exchange,GBP,United Kingdom,,Food Retail - 30101030,World Large Blend Equity,International Equities - Unhedged,IEQStock
0.0035771594246696158,TAYLOR WIMPEY PLC,Growth,International Shares,Global Shares,Global Shares,Consumer Discretionary - 25,London Stock Exchange,GBP,United Kingdom,,Unknown,World Large Blend Equity,International Equities - Unhedged,IEQStock
0.0008488025122122724,OCADO GROUP PLC,Growth,International Shares,Global Shares,Global Shares,Consumer Staples - 30,London Stock Exchange,GBP,United Kingdom,,Food Retail - 30101030,World Large Blend Equity,International Equities - Unhedged,IEQStock
0.0022063780893317704,ST JAMESS PLACE PLC,Growth,International Shares,Global Shares,Global Shares,Financials - 40,London Stock Exchange,GBP,United Kingdom,,Asset Management & Custody Banks - 40203010,World Large Blend Equity,International Equities - Unhedged,IEQStock
0.0015751498244939849,PERSIMMON PLC,Growth,International Shares,Global Shares,Global Shares,Consumer Discretionary - 25,London Stock Exchange,GBP,United Kingdom,,Homebuilding - 25201030,World Large Blend Equity,International Equities - Unhedged,IEQStock
0.0021160208400575775,SCHRODERS PLC,Growth,International Shares,Global Shares,Global Shares,Financials - 40,London Stock Exchange,GBP,United Kingdom,,Asset Management & Custody Banks - 40203010,World Large Blend Equity,International Equities - Unhedged,IEQStock
0.0017568201436308827,ABRDN PLC,Growth,International Shares,Global Shares,Global Shares,Financials - 40,London Stock Exchange,GBP,United Kingdom,,Asset Management & Custody Banks - 40203010,World Large Blend Equity,International Equities - Unhedged,IEQStock
0.0010911644352958724,HARGREAVES LANSDOWN PLC,Growth,International Shares,Global Shares,Global Shares,Financials - 40,London Stock Exchange,GBP,United Kingdom,,Asset Management & Custody Banks - 40203010,World Large Blend Equity,International Equities - Unhedged,IEQStock
0.13713259194801986,SHELL PLC,Growth,International Shares,Global Shares,Global Shares,Energy - 10,London Stock Exchange,GBP,United Kingdom,,Integrated Oil & Gas - 10102010,World Large Blend Equity,International Equities - Unhedged,IEQStock
0.2200915619949949,ASTRAZENECA PLC,Growth,International Shares,Global Shares,Global Shares,Health Care - 35,London Stock Exchange,GBP,United Kingdom,,Pharmaceuticals - 35202010,World Large Blend Equity,International Equities - Unhedged,IEQStock
0.11969649119161813,HSBC HOLDINGS PLC,Growth,International Shares,Global Shares,Global Shares,Financials - 40,London Stock Exchange,GBP,United Kingdom,,Diversified Banks - 40101010,World Large Blend Equity,International Equities - Unhedged,IEQStock
0.07816849805301966,UNILEVER PLC,Growth,International Shares,Global Shares,Global Shares,Consumer Staples - 30,London Stock Exchange,GBP,United Kingdom,,Personal Care Products - 30302010,World Large Blend Equity,International Equities - Unhedged,IEQStock
0.04999250268135975,BP PLC,Growth,International Shares,Global Shares,Global Shares,Energy - 10,London Stock Exchange,GBP,United Kingdom,,Integrated Oil & Gas - 10102010,World Large Blend Equity,International Equities - Unhedged,IEQStock
0.03259438403794998,DIAGEO PLC,Growth,International Shares,Global Shares,Global Shares,Consumer Staples - 30,London Stock Exchange,GBP,United Kingdom,,Distillers & Vintners - 30201020,World Large Blend Equity,International Equities - Unhedged,IEQStock
0.04405581541116477,GLAXOSMITHKLINE,Growth,International Shares,Global Shares,Global Shares,Health Care - 35,London Stock Exchange,GBP,United Kingdom,,Pharmaceuticals - 35202010,World Large Blend Equity,International Equities - Unhedged,IEQStock
0.09453349742122982,RELX PLC,Growth,International Shares,Global Shares,Global Shares,Industrials - 20,London Stock Exchange,GBP,United Kingdom,,Research & Consulting Services - 20202020,World Large Blend Equity,International Equities - Unhedged,IEQStock
0.06353019012883118,BRITISH AMERICAN TOBACCO,Growth,International Shares,Global Shares,Global Shares,Consumer Staples - 30,London Stock Exchange,GBP,United Kingdom,,Tobacco - 30203010,World Large Blend Equity,International Equities - Unhedged,IEQStock
0.03139701549348937,GLENCORE PLC,Growth,International Shares,Global Shares,Global Shares,Materials - 15,London Stock Exchange,GBP,United Kingdom,,Diversified Metals & Mining - 15104020,World Large Blend Equity,International Equities - Unhedged,IEQStock
0.025072774026132064,RECKITT BENCKISER GROUP PLC,Growth,International Shares,Global Shares,Global Shares,Consumer Staples - 30,London Stock Exchange,GBP,United Kingdom,,Household Products - 30301010,World Large Blend Equity,International Equities - Unhedged,IEQStock
0.03877216491136089,NATIONAL GRID PLC,Growth,International Shares,Global Shares,Global Shares,Utilities - 55,London Stock Exchange,GBP,United Kingdom,,Multi-Utilities - 55103010,World Large Blend Equity,International Equities - Unhedged,IEQStock
0.057593408581513385,LONDON STOCK EXCHANGE GROUP PLC,Growth,International Shares,Global Shares,Global Shares,Financials - 40,London Stock Exchange,GBP,United Kingdom,,Financial Exchanges & Data - 40203040,World Large Blend Equity,International Equities - Unhedged,IEQStock
0.041296586042983315,COMPASS GROUP PLC,Growth,International Shares,Global Shares,Global Shares,Consumer Discretionary - 25,London Stock Exchange,GBP,United Kingdom,,Restaurants - 25301040,World Large Blend Equity,International Equities - Unhedged,IEQStock
0.13131312160118952,CRH PUBLIC LIMITED PLC,Growth,International Shares,Global Shares,Global Shares,Materials - 15,London Stock Exchange,GBP,United Kingdom,,Construction Materials - 15102010,World Large Blend Equity,International Equities - Unhedged,IEQStock
0.10349530995878974,BAE SYSTEMS PLC,Growth,International Shares,Global Shares,Global Shares,Industrials - 20,London Stock Exchange,GBP,United Kingdom,,Aerospace & Defense - 20101010,World Large Blend Equity,International Equities - Unhedged,IEQStock
0.020375207391382044,ANGLO AMERICAN PLC,Growth,International Shares,Global Shares,Global Shares,Materials - 15,London Stock Exchange,GBP,United Kingdom,,Diversified Metals & Mining - 15104020,World Large Blend Equity,International Equities - Unhedged,IEQStock
0.03435058518982656,LLOYDS BANKING GROUP PLC,Growth,International Shares,Global Shares,Global Shares,Financials - 40,London Stock Exchange,GBP,United Kingdom,,Diversified Banks - 40101010,World Large Blend Equity,International Equities - Unhedged,IEQStock
0.04295876761677473,EXPERIAN PLC,Growth,International Shares,Global Shares,Global Shares,Industrials - 20,London Stock Exchange,GBP,United Kingdom,,Research & Consulting Services - 20202020,World Large Blend Equity,International Equities - Unhedged,IEQStock
0.05167310859036974,ASHTEAD GROUP PLC,Growth,International Shares,Global Shares,Global Shares,Industrials - 20,London Stock Exchange,GBP,United Kingdom,,Trading Companies & Distributors - 20107010,World Large Blend Equity,International Equities - Unhedged,IEQStock
0.040641921019416244,BARCLAYS PLC,Growth,International Shares,Global Shares,Global Shares,Financials - 40,London Stock Exchange,GBP,United Kingdom,,Diversified Banks - 40101010,World Large Blend Equity,International Equities - Unhedged,IEQStock
0.08797171528384154,3I GROUP PLC,Growth,International Shares,Global Shares,Global Shares,Financials - 40,London Stock Exchange,GBP,United Kingdom,,Asset Management & Custody Banks - 40203010,World Large Blend Equity,International Equities - Unhedged,IEQStock
0.08492642344788465,ROLLS-ROYCE HOLDINGS PLC,Growth,International Shares,Global Shares,Global Shares,Industrials - 20,London Stock Exchange,GBP,United Kingdom,,Aerospace & Defense - 20101010,World Large Blend Equity,International Equities - Unhedged,IEQStock
0.02511543446254896,TRACTOR SUPPLY,Growth,International Shares,Global Shares,Global Shares,Consumer Staples - 30,London Stock Exchange,GBP,United Kingdom,,Food Retail - 30101030,World Large Blend Equity,International Equities - Unhedged,IEQStock
0.006637691494526633,WEIR GROUP PLC,Growth,International Shares,Global Shares,Global Shares,Industrials - 20,London Stock Exchange,GBP,United Kingdom,,Industrial Machinery & Supplies & Components - 20106020,World Large Blend Equity,International Equities - Unhedged,IEQStock
0.009316245217611565,INTERMEDIATE CAPITAL GROUP PLC,Growth,International Shares,Global Shares,Global Shares,Financials - 40,London Stock Exchange,GBP,United Kingdom,,Asset Management & Custody Banks - 40203010,World Large Blend Equity,International Equities - Unhedged,IEQStock
0.005857253675505373,SMITH (DS) PLC,Growth,International Shares,Global Shares,Global Shares,Materials - 15,London Stock Exchange,GBP,United Kingdom,,Paper & Plastic Packaging Products & Materials - 15103020,World Large Blend Equity,International Equities - Unhedged,IEQStock
0.006110064365127199,RIGHTMOVE PLC,Growth,International Shares,Global Shares,Global Shares,Communication Services - 50,London Stock Exchange,GBP,United Kingdom,,Interactive Media & Services - 50203010,World Large Blend Equity,International Equities - Unhedged,IEQStock
0.00849309833672388,IMI PLC,Growth,International Shares,Global Shares,Global Shares,Industrials - 20,London Stock Exchange,GBP,United Kingdom,,Industrial Machinery & Supplies & Components - 20106020,World Large Blend Equity,International Equities - Unhedged,IEQStock
0.0015894240081945443,JOHNSON MATTHEY PLC,Growth,International Shares,Global Shares,Global Shares,Materials - 15,London Stock Exchange,GBP,United Kingdom,,Specialty Chemicals - 15101050,World Large Blend Equity,International Equities - Unhedged,IEQStock
0.0014581550155330786,BRITISH LAND REIT PLC,Growth,International Shares,Global Shares,Global Shares,Real Estate - 60,London Stock Exchange,GBP,United Kingdom,,Diversified REITs - 60101010,World Large Blend Equity,International Equities - Unhedged,IEQStock
0.01685090620540859,GENMAB,Growth,International Shares,Global Shares,Global Shares,Health Care - 35,Nasdaq Omx Nordic Copenhagen,DKK,Denmark,,Biotechnology - 35201010,World Large Blend Equity,International Equities - Unhedged,IEQStock
0.023050801225511796,DANSKE BANK,Growth,International Shares,Global Shares,Global Shares,Financials - 40,Nasdaq Omx Nordic Copenhagen,DKK,Denmark,,Diversified Banks - 40101010,World Large Blend Equity,International Equities - Unhedged,IEQStock
0.009662075264146695,COLOPLAST B,Growth,International Shares,Global Shares,Global Shares,Health Care - 35,Nasdaq Omx Nordic Copenhagen,DKK,Denmark,,Health Care Supplies - 35101020,World Large Blend Equity,International Equities - Unhedged,IEQStock
0.007389490508542273,CARLSBERG AS CL B,Growth,International Shares,Global Shares,Global Shares,Consumer Staples - 30,Nasdaq Omx Nordic Copenhagen,DKK,Denmark,,Brewers - 30201010,World Large Blend Equity,International Equities - Unhedged,IEQStock
0.025737660259909277,PANDORA,Growth,International Shares,Global Shares,Global Shares,Consumer Discretionary - 25,Nasdaq Omx Nordic Copenhagen,DKK,Denmark,,"Apparel, Accessories & Luxury Goods - 25203010",World Large Blend Equity,International Equities - Unhedged,IEQStock
0.0023786837807937265,ORSTED,Growth,International Shares,Global Shares,Global Shares,Utilities - 55,Nasdaq Omx Nordic Copenhagen,DKK,Denmark,,Electric Utilities - 55101010,World Large Blend Equity,International Equities - Unhedged,IEQStock
0.004272657583889663,TRYG,Growth,International Shares,Global Shares,Global Shares,Financials - 40,Nasdaq Omx Nordic Copenhagen,DKK,Denmark,,Property & Casualty Insurance - 40301040,World Large Blend Equity,International Equities - Unhedged,IEQStock
0.0057412009860022435,A P MOLLER MAERSK B,Growth,International Shares,Global Shares,Global Shares,Industrials - 20,Nasdaq Omx Nordic Copenhagen,DKK,Denmark,,Marine Transportation - 20303010,World Large Blend Equity,International Equities - Unhedged,IEQStock
0.003042908332209458,A P MOLLER MAERSK,Growth,International Shares,Global Shares,Global Shares,Industrials - 20,Nasdaq Omx Nordic Copenhagen,DKK,Denmark,,Marine Transportation - 20303010,World Large Blend Equity,International Equities - Unhedged,IEQStock
0.5715866015000354,NOVO NORDISK CLASS B,Growth,International Shares,Global Shares,Global Shares,Health Care - 35,Nasdaq Omx Nordic Copenhagen,DKK,Denmark,,Pharmaceuticals - 35202010,World Large Blend Equity,International Equities - Unhedged,IEQStock
0.051032029696312126,DSV,Growth,International Shares,Global Shares,Global Shares,Industrials - 20,Nasdaq Omx Nordic Copenhagen,DKK,Denmark,,Air Freight & Logistics - 20301010,World Large Blend Equity,International Equities - Unhedged,IEQStock
0.020771658358707413,VESTAS WIND SYSTEMS,Growth,International Shares,Global Shares,Global Shares,Industrials - 20,Nasdaq Omx Nordic Copenhagen,DKK,Denmark,,Heavy Electrical Equipment - 20104020,World Large Blend Equity,International Equities - Unhedged,IEQStock
0.0008498142759748254,GN STORE NORD,Growth,International Shares,Global Shares,Global Shares,Consumer Discretionary - 25,Nasdaq OMX Nordic Copenhagen,EUR,Denmark,,Consumer Electronics - 25201010,World Large Blend Equity,International Equities - Unhedged,IEQStock
0.014459664996958443,SAMPO,Growth,International Shares,Global Shares,Global Shares,Financials - 40,Nasdaq OMX Nordic Helsinki,EUR,Finland,,Property & Casualty Insurance - 40301040,World Large Blend Equity,International Equities - Unhedged,IEQStock
0.011132798369644925,UPM-KYMMENE,Growth,International Shares,Global Shares,Global Shares,Materials - 15,Nasdaq OMX Nordic Helsinki,EUR,Finland,,Paper Products - 15105020,World Large Blend Equity,International Equities - Unhedged,IEQStock
0.007849127077900055,NOKIA,Growth,International Shares,Global Shares,Global Shares,Information Technology - 45,Nasdaq OMX Nordic Helsinki,EUR,Finland,,Communications Equipment - 45201020,World Large Blend Equity,International Equities - Unhedged,IEQStock
0.013844741034817845,KONE,Growth,International Shares,Global Shares,Global Shares,Industrials - 20,Nasdaq OMX Nordic Helsinki,EUR,Finland,,Industrial Machinery & Supplies & Components - 20106020,World Large Blend Equity,International Equities - Unhedged,IEQStock
0.0015275681493321742,NESTE,Growth,International Shares,Global Shares,Global Shares,Energy - 10,Nasdaq OMX Nordic Helsinki,EUR,Finland,,Oil & Gas Refining & Marketing - 10102030,World Large Blend Equity,International Equities - Unhedged,IEQStock
0.004129074199555426,STORA ENSO CLASS R,Growth,International Shares,Global Shares,Global Shares,Materials - 15,Nasdaq OMX Nordic Helsinki,EUR,Finland,,Paper Products - 15105020,World Large Blend Equity,International Equities - Unhedged,IEQStock
0.004513090351294298,ELISA,Growth,International Shares,Global Shares,Global Shares,Communication Services - 50,Nasdaq OMX Nordic Helsinki,EUR,Finland,,Integrated Telecommunication Services - 50101020,World Large Blend Equity,International Equities - Unhedged,IEQStock
0.014995016471639403,METSO OYJ NPV,Growth,International Shares,Global Shares,Global Shares,Industrials - 20,Nasdaq OMX Nordic Helsinki,EUR,Finland,,Construction Machinery & Heavy Transportation Equipment - 20106010,World Large Blend Equity,International Equities - Unhedged,IEQStock
0.007520744955891306,WARTSILA,Growth,International Shares,Global Shares,Global Shares,Industrials - 20,Nasdaq OMX Nordic Helsinki,EUR,Finland,,Industrial Machinery & Supplies & Components - 20106020,World Large Blend Equity,International Equities - Unhedged,IEQStock
0.002308297866579608,FORTUM,Growth,International Shares,Global Shares,Global Shares,Utilities - 55,Nasdaq OMX Nordic Helsinki,EUR,Finland,,Electric Utilities - 55101010,World Large Blend Equity,International Equities - Unhedged,IEQStock
0.0011993483878776506,KESKO CLASS B,Growth,International Shares,Global Shares,Global Shares,Consumer Staples - 30,Nasdaq OMX Nordic Helsinki,EUR,Finland,,Food Retail - 30101030,World Large Blend Equity,International Equities - Unhedged,IEQStock
0.03400619881000479,ASSA ABLOY B,Growth,International Shares,Global Shares,Global Shares,Industrials - 20,Nasdaq OMX Nordic Stockholm,SEK,Sweden,,Building Products - 20102010,World Large Blend Equity,International Equities - Unhedged,IEQStock
0.025948916060192426,SANDVIK,Growth,International Shares,Global Shares,Global Shares,Industrials - 20,Nasdaq OMX Nordic Stockholm,SEK,Sweden,,Industrial Machinery & Supplies & Components - 20106020,World Large Blend Equity,International Equities - Unhedged,IEQStock
0.014308637698678463,SKANDINAVISKA ENSKILDA BANKEN,Growth,International Shares,Global Shares,Global Shares,Financials - 40,Nasdaq OMX Nordic Stockholm,SEK,Sweden,,Unknown,World Large Blend Equity,International Equities - Unhedged,IEQStock
0.003694644494868779,HEXAGON CLASS B,Growth,International Shares,Global Shares,Global Shares,Information Technology - 45,Nasdaq OMX Nordic Stockholm,SEK,Sweden,,Electronic Equipment & Instruments - 45203010,World Large Blend Equity,International Equities - Unhedged,IEQStock
0.03648830957752779,ATLAS COPCO CLASS B,Growth,International Shares,Global Shares,Global Shares,Industrials - 20,Nasdaq OMX Nordic Stockholm,SEK,Sweden,,Industrial Machinery & Supplies & Components - 20106020,World Large Blend Equity,International Equities - Unhedged,IEQStock
0.023028622152097035,EVOLUTION,Growth,International Shares,Global Shares,Global Shares,Consumer Discretionary - 25,Nasdaq OMX Nordic Stockholm,SEK,Sweden,,Casinos & Gaming - 25301010,World Large Blend Equity,International Equities - Unhedged,IEQStock
0.015248678368691062,SWEDBANK,Growth,International Shares,Global Shares,Global Shares,Financials - 40,Nasdaq OMX Nordic Stockholm,SEK,Sweden,,Diversified Banks - 40101010,World Large Blend Equity,International Equities - Unhedged,IEQStock
0.00921834700853848,ERICSSON B,Growth,International Shares,Global Shares,Global Shares,Information Technology - 45,Nasdaq OMX Nordic Stockholm,SEK,Sweden,,Communications Equipment - 45201020,World Large Blend Equity,International Equities - Unhedged,IEQStock
0.013280613947042547,SVENSKA HANDELSBANKEN-A SHS,Growth,International Shares,Global Shares,Global Shares,Financials - 40,Nasdaq OMX Nordic Stockholm,SEK,Sweden,,Diversified Banks - 40101010,World Large Blend Equity,International Equities - Unhedged,IEQStock
0.009804310148988915,ESSITY CLASS B,Growth,International Shares,Global Shares,Global Shares,Consumer Staples - 30,Nasdaq OMX Nordic Stockholm,SEK,Sweden,,Household Products - 30301010,World Large Blend Equity,International Equities - Unhedged,IEQStock
0.015456650790403502,EPIROC CLASS A,Growth,International Shares,Global Shares,Global Shares,Industrials - 20,Nasdaq OMX Nordic Stockholm,SEK,Sweden,,Construction Machinery & Heavy Transportation Equipment - 20106010,World Large Blend Equity,International Equities - Unhedged,IEQStock
0.014886754765709137,ALFA LAVAL,Growth,International Shares,Global Shares,Global Shares,Industrials - 20,Nasdaq OMX Nordic Stockholm,SEK,Sweden,,Industrial Machinery & Supplies & Components - 20106020,World Large Blend Equity,International Equities - Unhedged,IEQStock
0.0020364471236286766,NIBE INDUSTRIER CLASS B,Growth,International Shares,Global Shares,Global Shares,Industrials - 20,Nasdaq OMX Nordic Stockholm,SEK,Sweden,,Building Products - 20102010,World Large Blend Equity,International Equities - Unhedged,IEQStock
0.005255129673254587,HENNES & MAURITZ,Growth,International Shares,Global Shares,Global Shares,Consumer Discretionary - 25,Nasdaq OMX Nordic Stockholm,SEK,Sweden,,Apparel Retail - 25504010,World Large Blend Equity,International Equities - Unhedged,IEQStock
0.008932487759280941,SVENSKA CELLULOSA B,Growth,International Shares,Global Shares,Global Shares,Materials - 15,Nasdaq OMX Nordic Stockholm,SEK,Sweden,,Forest Products - 15105010,World Large Blend Equity,International Equities - Unhedged,IEQStock
0.0070823953313182,BOLIDEN,Growth,International Shares,Global Shares,Global Shares,Materials - 15,Nasdaq OMX Nordic Stockholm,SEK,Sweden,,Diversified Metals & Mining - 15104020,World Large Blend Equity,International Equities - Unhedged,IEQStock
0.008609660082744488,SKF B,Growth,International Shares,Global Shares,Global Shares,Industrials - 20,Nasdaq OMX Nordic Stockholm,SEK,Sweden,,Industrial Machinery & Supplies & Components - 20106020,World Large Blend Equity,International Equities - Unhedged,IEQStock
0.007981491617324275,EPIROC CLASS B,Growth,International Shares,Global Shares,Global Shares,Industrials - 20,Nasdaq OMX Nordic Stockholm,SEK,Sweden,,Construction Machinery & Heavy Transportation Equipment - 20106010,World Large Blend Equity,International Equities - Unhedged,IEQStock
0.0025066247354963403,TELIA COMPANY,Growth,International Shares,Global Shares,Global Shares,Communication Services - 50,Nasdaq OMX Nordic Stockholm,SEK,Sweden,,Integrated Telecommunication Services - 50101020,World Large Blend Equity,International Equities - Unhedged,IEQStock
0.005956858410428455,SKANSKA B,Growth,International Shares,Global Shares,Global Shares,Industrials - 20,Nasdaq OMX Nordic Stockholm,SEK,Sweden,,Construction & Engineering - 20103010,World Large Blend Equity,International Equities - Unhedged,IEQStock
0.006261359727216914,INDUSTRIVARDEN SERIES,Growth,International Shares,Global Shares,Global Shares,Financials - 40,Nasdaq OMX Nordic Stockholm,SEK,Sweden,,Multi-Sector Holdings - 40201030,World Large Blend Equity,International Equities - Unhedged,IEQStock
0.00612464886394897,INDUSTRIVARDEN A,Growth,International Shares,Global Shares,Global Shares,Financials - 40,Nasdaq OMX Nordic Stockholm,SEK,Sweden,,Multi-Sector Holdings - 40201030,World Large Blend Equity,International Equities - Unhedged,IEQStock
0.006184292165047158,GETINGE B,Growth,International Shares,Global Shares,Global Shares,Health Care - 35,Nasdaq OMX Nordic Stockholm,SEK,Sweden,,Health Care Equipment - 35101010,World Large Blend Equity,International Equities - Unhedged,IEQStock
0.002384772949779747,TELE2 B,Growth,International Shares,Global Shares,Global Shares,Communication Services - 50,Nasdaq OMX Nordic Stockholm,SEK,Sweden,,Unknown,World Large Blend Equity,International Equities - Unhedged,IEQStock
0.07184907397510723,ATLAS COPCO CLASS A,Growth,International Shares,Global Shares,Global Shares,Industrials - 20,Nasdaq OMX Nordic Stockholm,SEK,Sweden,,Industrial Machinery & Supplies & Components - 20106020,World Large Blend Equity,International Equities - Unhedged,IEQStock
0.06431739798372674,VOLVO CLASS B,Growth,International Shares,Global Shares,Global Shares,Industrials - 20,Nasdaq OMX Nordic Stockholm,SEK,Sweden,,Construction Machinery & Heavy Transportation Equipment - 20106010,World Large Blend Equity,International Equities - Unhedged,IEQStock
0.015912756242623026,RYANAIR HOLDINGS ADR REPRESENTING,Growth,International Shares,Global Shares,Global Shares,Industrials - 20,NASDAQ Stock Market,USA,United States,,Passenger Airlines - 20302010,World Large Blend Equity,International Equities - Unhedged,IEQStock
0.013638217418417328,MELROSE INDUSTRIES PLC,Growth,International Shares,Global Shares,Global Shares,Energy - 10,New York Stock Exchange Inc.,USD,United States,,Oil & Gas Exploration & Production - 10102020,World Large Blend Equity,International Equities - Unhedged,IEQStock
0.016361385640361003,EQT,Growth,International Shares,Global Shares,Global Shares,Energy - 10,New York Stock Exchange Inc.,USD,United States,,Oil & Gas Exploration & Production - 10102020,World Large Blend Equity,International Equities - Unhedged,IEQStock
0.014433705147865749,MERCK & CO INC,Growth,International Shares,Global Shares,Global Shares,Health Care - 35,New York Stock Exchange Inc.,USD,United States,,Pharmaceuticals - 35202010,World Large Blend Equity,International Equities - Unhedged,IEQStock
0.009766857269721636,TE CONNECTIVITY LTD,Growth,International Shares,Global Shares,Global Shares,Information Technology - 45,New York Stock Exchange Inc.,USD,United States,,Electronic Manufacturing Services - 45203020,World Large Blend Equity,International Equities - Unhedged,IEQStock
0.00729227110776061,ARCHER DANIELS MIDLAND,Growth,International Shares,Global Shares,Global Shares,Consumer Staples - 30,New York Stock Exchange Inc.,USD,United States,,Agricultural Products & Services - 30202010,World Large Blend Equity,International Equities - Unhedged,IEQStock
0.02084392642113028,PRUDENTIAL PLC,Growth,International Shares,Global Shares,Global Shares,Financials - 40,New York Stock Exchange Inc.,USD,United States,,Life & Health Insurance - 40301020,World Large Blend Equity,International Equities - Unhedged,IEQStock
0.027211355542112254,SWISS LIFE HOLDING AG,Growth,International Shares,Global Shares,Global Shares,Financials - 40,SIX Swiss Exchange,CHF,Switzerland,,Life & Health Insurance - 40301020,World Large Blend Equity,International Equities - Unhedged,IEQStock
0.017369293819541033,GEBERIT AG,Growth,International Shares,Global Shares,Global Shares,Industrials - 20,SIX Swiss Exchange,CHF,Switzerland,,Building Products - 20102010,World Large Blend Equity,International Equities - Unhedged,IEQStock
0.010754599178145096,KUEHNE UND NAGEL INTERNATIONAL AG,Growth,International Shares,Global Shares,Global Shares,Industrials - 20,SIX Swiss Exchange,CHF,Switzerland,,Marine Transportation - 20303010,World Large Blend Equity,International Equities - Unhedged,IEQStock
0.016291703492794046,STRAUMANN HOLDING AG,Growth,International Shares,Global Shares,Global Shares,Health Care - 35,SIX Swiss Exchange,CHF,Switzerland,,Health Care Equipment - 35101010,World Large Blend Equity,International Equities - Unhedged,IEQStock
0.009537568570581318,SWISSCOM AG,Growth,International Shares,Global Shares,Global Shares,Communication Services - 50,SIX Swiss Exchange,CHF,Switzerland,,Integrated Telecommunication Services - 50101020,World Large Blend Equity,International Equities - Unhedged,IEQStock
0.022302871542860203,LOGITECH INTERNATIONAL SA,Growth,International Shares,Global Shares,Global Shares,Information Technology - 45,SIX Swiss Exchange,CHF,Switzerland,,"Tech Hardware, Storage & Peripherals - 45202030",World Large Blend Equity,International Equities - Unhedged,IEQStock
0.014296909182252591,CHOCOLADEFABRIKEN LINDT & SPRUENGL,Growth,International Shares,Global Shares,Global Shares,Consumer Staples - 30,SIX Swiss Exchange,CHF,Switzerland,,Packaged Foods & Meats - 30202030,World Large Blend Equity,International Equities - Unhedged,IEQStock
0.007700874424602573,SGS SA,Growth,International Shares,Global Shares,Global Shares,Industrials - 20,SIX Swiss Exchange,CHF,Switzerland,,Research & Consulting Services - 20202020,World Large Blend Equity,International Equities - Unhedged,IEQStock
0.012104281928061426,SONOVA HOLDING AG,Growth,International Shares,Global Shares,Global Shares,Health Care - 35,SIX Swiss Exchange,CHF,Switzerland,,Health Care Equipment - 35101010,World Large Blend Equity,International Equities - Unhedged,IEQStock
0.011692870615190502,CHOCOLADEFABRIKEN LINDT & SPRUENGL,Growth,International Shares,Global Shares,Global Shares,Consumer Staples - 30,SIX Swiss Exchange,CHF,Switzerland,,Packaged Foods & Meats - 30202030,World Large Blend Equity,International Equities - Unhedged,IEQStock
0.010808450501123282,JULIUS BAER GRUPPE AG,Growth,International Shares,Global Shares,Global Shares,Financials - 40,SIX Swiss Exchange,CHF,Switzerland,,Asset Management & Custody Banks - 40203010,World Large Blend Equity,International Equities - Unhedged,IEQStock
0.015759796490209515,SANDOZ GROUP AG,Growth,International Shares,Global Shares,Global Shares,Health Care - 35,SIX Swiss Exchange,CHF,Switzerland,,Pharmaceuticals - 35202010,World Large Blend Equity,International Equities - Unhedged,IEQStock
0.023476059038181233,VAT GROUP AG,Growth,International Shares,Global Shares,Global Shares,Industrials - 20,SIX Swiss Exchange,CHF,Switzerland,,Industrial Machinery & Supplies & Components - 20106020,World Large Blend Equity,International Equities - Unhedged,IEQStock
0.009100597469475034,SCHINDLER HOLDING PAR AG,Growth,International Shares,Global Shares,Global Shares,Industrials - 20,SIX Swiss Exchange,CHF,Switzerland,,Industrial Machinery & Supplies & Components - 20106020,World Large Blend Equity,International Equities - Unhedged,IEQStock
0.0018035521525540305,THE SWATCH GROUP AG,Growth,International Shares,Global Shares,Global Shares,Consumer Discretionary - 25,SIX Swiss Exchange,CHF,Switzerland,,"Apparel, Accessories & Luxury Goods - 25203010",World Large Blend Equity,International Equities - Unhedged,IEQStock
0.004332945448024408,SIG GROUP N AG,Growth,International Shares,Global Shares,Global Shares,Materials - 15,SIX Swiss Exchange,CHF,Switzerland,,Paper & Plastic Packaging Products & Materials - 15103020,World Large Blend Equity,International Equities - Unhedged,IEQStock
0.0019938010472051906,ADECCO GROUP AG,Growth,International Shares,Global Shares,Global Shares,Industrials - 20,SIX Swiss Exchange,CHF,Switzerland,,Human Resource & Employment Services - 20202010,World Large Blend Equity,International Equities - Unhedged,IEQStock
0.004780005409609963,ROCHE HOLDING AG,Growth,International Shares,Global Shares,Global Shares,Health Care - 35,SIX Swiss Exchange,CHF,Switzerland,,Pharmaceuticals - 35202010,World Large Blend Equity,International Equities - Unhedged,IEQStock
0.005833775216067577,SWISS PRIME SITE AG,Growth,International Shares,Global Shares,Global Shares,Real Estate - 60,SIX Swiss Exchange,CHF,Switzerland,,Real Estate Operating Companies - 60201020,World Large Blend Equity,International Equities - Unhedged,IEQStock
0.006392565279409164,BALOISE HOLDING AG,Growth,International Shares,Global Shares,Global Shares,Financials - 40,SIX Swiss Exchange,CHF,Switzerland,,Multi-line Insurance - 40301030,World Large Blend Equity,International Equities - Unhedged,IEQStock
0.002102837005873917,BARRY CALLEBAUT AG,Growth,International Shares,Global Shares,Global Shares,Consumer Staples - 30,SIX Swiss Exchange,CHF,Switzerland,,Packaged Foods & Meats - 30202030,World Large Blend Equity,International Equities - Unhedged,IEQStock
0.0017976819148256033,TEMENOS AG,Growth,International Shares,Global Shares,Global Shares,Information Technology - 45,SIX Swiss Exchange,CHF,Switzerland,,Application Software - 45103010,World Large Blend Equity,International Equities - Unhedged,IEQStock
0.004473013247687159,SCHINDLER HOLDING AG,Growth,International Shares,Global Shares,Global Shares,Industrials - 20,SIX Swiss Exchange,CHF,Switzerland,,Industrial Machinery & Supplies & Components - 20106020,World Large Blend Equity,International Equities - Unhedged,IEQStock
0.0006197050782132377,THE SWATCH GROUP AG,Growth,International Shares,Global Shares,Global Shares,Consumer Discretionary - 25,SIX Swiss Exchange,CHF,Switzerland,,"Apparel, Accessories & Luxury Goods - 25203010",World Large Blend Equity,International Equities - Unhedged,IEQStock
0.14869687063370637,NESTLE SA,Growth,International Shares,Global Shares,Global Shares,Consumer Staples - 30,SIX Swiss Exchange,CHF,Switzerland,,Packaged Foods & Meats - 30202030,World Large Blend Equity,International Equities - Unhedged,IEQStock
0.13635260557424644,NOVARTIS AG,Growth,International Shares,Global Shares,Global Shares,Health Care - 35,SIX Swiss Exchange,CHF,Switzerland,,Pharmaceuticals - 35202010,World Large Blend Equity,International Equities - Unhedged,IEQStock
0.11476597330823125,ROCHE HOLDING PAR AG,Growth,International Shares,Global Shares,Global Shares,Health Care - 35,SIX Swiss Exchange,CHF,Switzerland,,Pharmaceuticals - 35202010,World Large Blend Equity,International Equities - Unhedged,IEQStock
0.13884894479403995,UBS GROUP AG,Growth,International Shares,Global Shares,Global Shares,Financials - 40,SIX Swiss Exchange,CHF,Switzerland,,Diversified Capital Markets - 40203030,World Large Blend Equity,International Equities - Unhedged,IEQStock
0.0879656603596723,ZURICH INSURANCE GROUP AG,Growth,International Shares,Global Shares,Global Shares,Financials - 40,SIX Swiss Exchange,CHF,Switzerland,,Multi-line Insurance - 40301030,World Large Blend Equity,International Equities - Unhedged,IEQStock
0.1058006404501399,COMPAGNIE FINANCIERE RICHEMONT SA,Growth,International Shares,Global Shares,Global Shares,Consumer Discretionary - 25,SIX Swiss Exchange,CHF,Switzerland,,"Apparel, Accessories & Luxury Goods - 25203010",World Large Blend Equity,International Equities - Unhedged,IEQStock
0.11983181002002019,ABB LTD,Growth,International Shares,Global Shares,Global Shares,Industrials - 20,SIX Swiss Exchange,CHF,Switzerland,,Electrical Components & Equipment - 20104010,World Large Blend Equity,International Equities - Unhedged,IEQStock
0.026152393654921516,ALCON AG,Growth,International Shares,Global Shares,Global Shares,Health Care - 35,SIX Swiss Exchange,CHF,Switzerland,,Health Care Supplies - 35101020,World Large Blend Equity,International Equities - Unhedged,IEQStock
0.03994159682165174,SIKA AG,Growth,International Shares,Global Shares,Global Shares,Materials - 15,SIX Swiss Exchange,CHF,Switzerland,,Specialty Chemicals - 15101050,World Large Blend Equity,International Equities - Unhedged,IEQStock
0.042410683572556,HOLCIM LTD AG,Growth,International Shares,Global Shares,Global Shares,Materials - 15,SIX Swiss Exchange,CHF,Switzerland,,Construction Materials - 15102010,World Large Blend Equity,International Equities - Unhedged,IEQStock
0.03163356928937549,SWISS RE AG,Growth,International Shares,Global Shares,Global Shares,Financials - 40,SIX Swiss Exchange,CHF,Switzerland,,Reinsurance - 40301050,World Large Blend Equity,International Equities - Unhedged,IEQStock
0.029131217576565078,GIVAUDAN SA,Growth,International Shares,Global Shares,Global Shares,Materials - 15,SIX Swiss Exchange,CHF,Switzerland,,Specialty Chemicals - 15101050,World Large Blend Equity,International Equities - Unhedged,IEQStock
0.04777972630700717,LONZA GROUP AG,Growth,International Shares,Global Shares,Global Shares,Health Care - 35,SIX Swiss Exchange,CHF,Switzerland,,Life Sciences Tools & Services - 35203010,World Large Blend Equity,International Equities - Unhedged,IEQStock
0.03293567538607764,PARTNERS GROUP HOLDING AG,Growth,International Shares,Global Shares,Global Shares,Financials - 40,SIX Swiss Exchange,CHF,Switzerland,,Asset Management & Custody Banks - 40203010,World Large Blend Equity,International Equities - Unhedged,IEQStock
0.06533948781434529,BROOKFIELD CORP CLASS A,Growth,International Shares,Global Shares,Global Shares,Financials - 40,Toronto Stock Exchange,CAD,Canada,,Asset Management & Custody Banks - 40203010,World Large Blend Equity,International Equities - Unhedged,IEQStock
0.021690762019931753,ERSTE GROUP BANK AG,Growth,International Shares,Global Shares,Global Shares,Financials - 40,Vienna Stock Exchange,EUR,Austria,,Diversified Banks - 40101010,World Large Blend Equity,International Equities - Unhedged,IEQStock
0.005854668778096892,VERBUND AG,Growth,International Shares,Global Shares,Global Shares,Utilities - 55,Vienna Stock Exchange,EUR,Austria,,Electric Utilities - 55101010,World Large Blend Equity,International Equities - Unhedged,IEQStock
0.0044010752180018405,OMV AG,Growth,International Shares,Global Shares,Global Shares,Energy - 10,Vienna Stock Exchange,EUR,Austria,,Integrated Oil & Gas - 10102010,World Large Blend Equity,International Equities - Unhedged,IEQStock
3.173437707165673,Vanguard MSCI Index International Shares ETF,Growth,International Shares,Global Shares,Global Shares,ETF Index,Developed ,AUD,Developed ,,International Shares,World Large Blend Equity,International Equities - Unhedged,ETF
0.006241953041810632,BANCO BILBAO VIZCAYA ARGENTARIA SA,Growth,International Shares,Global Shares,Global Shares,Financials - 40,Bolsa De Madrid,EUR,Spain,,Diversified Banks - 40101010,World Large Blend Equity,International Equities - Unhedged,IEQStock
0.21878342413431615,ASML HOLDING NV,Growth,International Shares,Global Shares,Global Shares,Information Technology - 45,Euronext Amsterdam,EUR,Netherlands,,Semiconductor Materials & Equipment - 45301010,World Large Blend Equity,International Equities - Unhedged,IEQStock
0.198007245337912,ADEVINTA,Growth,International Shares,Global Shares,Global Shares,Communication Services - 50,Euronext Oslo Bors,NOK,Norway,,Interactive Media & Services - 50203010,World Large Blend Equity,International Equities - Unhedged,IEQStock
0.28345583465005963,TOTALENERGIES,Growth,International Shares,Global Shares,Global Shares,Energy - 10,Euronext Paris,EUR,France,,Integrated Oil & Gas - 10102010,World Large Blend Equity,International Equities - Unhedged,IEQStock
0.33426026865203085,ASTRAZENECA PLC,Growth,International Shares,Global Shares,Global Shares,Health Care - 35,London Stock Exchange,GBP,United Kingdom,,Pharmaceuticals - 35202010,World Large Blend Equity,International Equities - Unhedged,IEQStock
0.3182366660441722,GLENCORE PLC,Growth,International Shares,Global Shares,Global Shares,Materials - 15,London Stock Exchange,GBP,United Kingdom,,Diversified Metals & Mining - 15104020,World Large Blend Equity,International Equities - Unhedged,IEQStock
0.3276653823108805,NOVO NORDISK CLASS B,Growth,International Shares,Global Shares,Global Shares,Health Care - 35,Nasdaq Omx Nordic Copenhagen,DKK,Denmark,,Pharmaceuticals - 35202010,World Large Blend Equity,International Equities - Unhedged,IEQStock
0.33820212318021015,MICROSOFT CORP,Growth,International Shares,Global Shares,Global Shares,Information Technology - 45,NASDAQ Stock Market,USD,United States,,Systems Software - 45103020,World Large Blend Equity,International Equities - Unhedged,IEQStock
0.4344224695871875,AMAZON COM INC,Growth,International Shares,Global Shares,Global Shares,Consumer Discretionary - 25,NASDAQ Stock Market,USD,United States,,Broadline Retail - 25503030,World Large Blend Equity,International Equities - Unhedged,IEQStock
0.49738480430386217,NVIDIA CORP,Growth,International Shares,Global Shares,Global Shares,Information Technology - 45,NASDAQ Stock Market,USD,United States,,Semiconductors - 45301020,World Large Blend Equity,International Equities - Unhedged,IEQStock
0.8777009705335966,META PLATFORMS INC CLASS A,Growth,International Shares,Global Shares,Global Shares,Communication Services - 50,NASDAQ Stock Market,USD,United States,,Interactive Media & Services - 50203010,World Large Blend Equity,International Equities - Unhedged,IEQStock
0.6487263410334396,ALPHABET INC CLASS C,Growth,International Shares,Global Shares,Global Shares,Communication Services - 50,NASDAQ Stock Market,USD,United States,,Interactive Media & Services - 50203010,World Large Blend Equity,International Equities - Unhedged,IEQStock
0.016703056169761324,BROADCOM INC,Growth,International Shares,Global Shares,Global Shares,Information Technology - 45,NASDAQ Stock Market,USD,United States,,Semiconductors - 45301020,World Large Blend Equity,International Equities - Unhedged,IEQStock
0.28803931797138305,ADVANCED MICRO DEVICES INC,Growth,International Shares,Global Shares,Global Shares,Information Technology - 45,NASDAQ Stock Market,USD,United States,,Semiconductors - 45301020,World Large Blend Equity,International Equities - Unhedged,IEQStock
0.061422993272067745,INTUIT INC,Growth,International Shares,Global Shares,Global Shares,Information Technology - 45,NASDAQ Stock Market,USD,United States,,Application Software - 45103010,World Large Blend Equity,International Equities - Unhedged,IEQStock
0.29919078960634826,LAM RESEARCH CORP,Growth,International Shares,Global Shares,Global Shares,Information Technology - 45,NASDAQ Stock Market,USD,United States,,Semiconductor Materials & Equipment - 45301010,World Large Blend Equity,International Equities - Unhedged,IEQStock
0.15095782468796465,MICRON TECHNOLOGY INC,Growth,International Shares,Global Shares,Global Shares,Information Technology - 45,NASDAQ Stock Market,USD,United States,,Semiconductors - 45301020,World Large Blend Equity,International Equities - Unhedged,IEQStock
0.20191685498928816,SYNOPSYS INC,Growth,International Shares,Global Shares,Global Shares,Information Technology - 45,NASDAQ Stock Market,USD,United States,,Application Software - 45103010,World Large Blend Equity,International Equities - Unhedged,IEQStock
0.2369718276926621,UNITEDHEALTH GROUP INC,Growth,International Shares,Global Shares,Global Shares,Health Care - 35,New York Stock Exchange Inc.,USD,United States,,Managed Health Care - 35102030,World Large Blend Equity,International Equities - Unhedged,IEQStock
0.7633951353814176,ELI LILLY,Growth,International Shares,Global Shares,Global Shares,Health Care - 35,New York Stock Exchange Inc.,USD,United States,,Pharmaceuticals - 35202010,World Large Blend Equity,International Equities - Unhedged,IEQStock
0.3135647234431252,VISA INC CLASS A,Growth,International Shares,Global Shares,Global Shares,Financials - 40,New York Stock Exchange Inc.,USD,United States,,Transaction & Payment Processing Services - 40201060,World Large Blend Equity,International Equities - Unhedged,IEQStock
0.22155038296660307,SERVICENOW INC,Growth,International Shares,Global Shares,Global Shares,Information Technology - 45,New York Stock Exchange Inc.,USD,United States,,Systems Software - 45103020,World Large Blend Equity,International Equities - Unhedged,IEQStock
0.057824855721270454,CIGNA,Growth,International Shares,Global Shares,Global Shares,Health Care - 35,New York Stock Exchange Inc.,USD,United States,,Health Care Services - 35102015,World Large Blend Equity,International Equities - Unhedged,IEQStock
0.22177732205857892,SCHLUMBERGER NV,Growth,International Shares,Global Shares,Global Shares,Energy - 10,New York Stock Exchange Inc.,USD,United States,,Oil & Gas Equipment & Services - 10101020,World Large Blend Equity,International Equities - Unhedged,IEQStock
0.08008525941163011,HUMANA INC,Growth,International Shares,Global Shares,Global Shares,Health Care - 35,New York Stock Exchange Inc.,USD,United States,,Managed Health Care - 35102030,World Large Blend Equity,International Equities - Unhedged,IEQStock
0.062136098025783806,FORD MOTOR CO,Growth,International Shares,Global Shares,Global Shares,Consumer Discretionary - 25,New York Stock Exchange Inc.,USD,United States,,Automobile Manufacturers - 25102010,World Large Blend Equity,International Equities - Unhedged,IEQStock
0.18396014277995054,D R HORTON INC,Growth,International Shares,Global Shares,Global Shares,Consumer Discretionary - 25,New York Stock Exchange Inc.,USD,United States,,Homebuilding - 25201030,World Large Blend Equity,International Equities - Unhedged,IEQStock
0.06090178331074224,CANADIAN NATURAL RESOURCES LTD,Growth,International Shares,Global Shares,Global Shares,Energy - 10,Toronto Stock Exchange,CAD,Canada,,Oil & Gas Exploration & Production - 10102020,World Large Blend Equity,International Equities - Unhedged,IEQStock
