Current Weight,Name,G0,G1,G2,G3,G4,G5,G6,G7,G8,PeerGroup,OptimiserCategory,Type
2.0969987080898833,iShares Core Composite Bond ETF,Defensive,Long Duration,Australian Fixed Interest,Australian Fixed Interest,ETF Index,,,Core Australian Bonds,,Australian Bonds,Australian Fixed Interest,ETF
1.3809137670122353,iShares Government Inflation ETF,Defensive,Long Duration,Global Fixed Interest,Global Fixed Interest,ETF Index,,,Inflation Linked Bonds,,Inflation linked Bonds,Inflation Linked Government Bonds,ETF
3.2576357175209703,VanEck Australian Floating Rate ETF,Defensive,Floating Rate,Australian Fixed Interest,Australian Fixed Interest,ETF Index,,,Floating Rate Bonds,,Diversified Credit,Floating High Yield Credit,ETF
1.4115229854217577,iShares Global Aggregate Bond ESG (AUD Hedged) ETF,Defensive,Long Duration,Global Fixed Interest,Global Fixed Interest,ETF Index,,,Global Aggregate Bonds,,Global Bonds ,International Fixed Interest,ETF
3.265521796908269,iShares Enhanced Cash ETF,Defensive,Floating Rate,Australian Fixed Interest,Australian Fixed Interest,ETF Index,,,Enhanced Cash,,Domestic Cash,Cash,ETF
0.9344509466418864,iShares Core Cash ETF,Defensive,Cash,Cash,Cash,ETF Index,Cash,Cash,Bank Bills,,Domestic Cash,Cash,ETF
2.2310112172542107,Bank Account,Defensive,Cash,Cash,Cash,ASXStock,Cash,Cash,Bank Account,Cash,Domestic Cash,Cash,Cash
0.9141390924451215,Ausbil Australian SmallCap Fund,Growth,Australian Shares,Australian Shares,Australian Shares,Active Manager,,,Small Cap Fundamental,,Australia Mid Small Blend Equity,Australian Equities - Small Cap,MF
0.7925239877043088,Invesco Wholesale Australian Smaller Companies,Growth,Australian Shares,Australian Shares,Australian Shares,Active Manager,,,Small Cap Systematic,,Australia Mid Small Blend Equity,Australian Equities - Small Cap,MF
3.5039596246150375,Man GLG Asia Opportunitie,Growth,International Shares,Global Shares,Global Shares,Active Manager,,,Asia ex. Japan,,Asia Pacific ex Japan Equity,International Equities - Unhedged,MF
1.779062582210656,Fairlight Global Small & Mid Cap Fund (SMID) Class A,Growth,International Shares,Global Shares,Global Shares,Active Manager,,,Global SMID,,World Mid Small Equity,International Equities - Small Cap,MF
2.1202505685490767,BlackRock iShares WholeSale Australian Listed Property Index,Growth,Real Assets,Alternatives,Alternatives (Growth),Passive,,,AREITs,,Australia Real Estate Equity,AREITs,MF
3.7193138311560388,BlackRock iShares Global Listed Property Index,Growth,Real Assets,Alternatives,Alternatives (Growth),Passive,,,GREITs,,Global Real Estate,GREITs,MF
2.8656390491742796,Alceon Australian Property,Growth,Real Assets,Alternatives,Alternatives (Growth),Active Manager,,,Direct & Listed Property & Infrastructure,,Direct Property,Australian Direct Property,MF
2.9474984097973436,ClearBridge RARE Infrastructure Income Fund - Hedged,Growth,Real Assets,Alternatives,Alternatives (Growth),Active Manager,,,Global Listed Infrastructure - Hedged,,Global Infrastructure - Currency Hedged,Global Listed Infrastructure - hedged,MF
1.5409262484615667,VanEck Global Listed Private Equity ETF,Growth,Alternatives,Alternatives,Alternatives (Growth),Active Manager,,,Listed Private Equity,,Alternatives - Growth Liquid,Alternatives - Growth Liquid,ETF
1.845775649722165,Talaria Global Equity (Managed Fund),Growth,Alternatives,Alternatives,Alternatives (Growth),Active Manager,,,Defensive Income,,World Other Equity,Alternatives - Growth Liquid,MF
0.5497599196657135,P/E Global FX Alpha Fund,Growth,Alternatives,Alternatives,Alternatives (Growth),Active Manager,,,Currency Alpha,,Alternatives - Defensive Liquid,Alternatives - Growth Liquid,MF
2.2135748036050753,Ruffer Total Return International - Australia Fund,Growth,Alternatives,Alternatives,Alternatives (Defensive),Active Manager,,,Macro Strategy - Discretionary,,Alternatives - Defensive Liquid,Alternatives - Defensive Liquid,MF
0.5913060093631605,Invesco Wholesale Senior Secured Income Fund,Growth,Alternatives,Alternatives,Alternatives (Defensive),Active Manager,,,Global Private Credit - Asset Backed,,Alternatives - Defensive illiquid,Alternatives - Defensive Illiquid,MF
2.2892683753470915,BMO Pyrford Global Absolute Return,Growth,Alternatives,Alternatives,Alternatives (Defensive),Active Manager,,,Macro Strategy - Discretionary,,Diversified Flexible,Alternatives - Defensive Liquid,MF
3.122869758753037,Western Asset Australian Bond Fund - Class A,Defensive,Long Duration,Australian Fixed Interest,Australian Fixed Interest,Active Manager,,,Australian Bonds,,Australian Bonds,Australian Fixed Interest,MF
1.5030021190340372,Colchester Global Government Bond Fund Class I,Defensive,Long Duration,Global Fixed Interest,Global Fixed Interest,Active Manager,,,Global DM & EM Bonds ,,Global Bonds ,International Fixed Interest,MF
1.4870383350625496,Janus Henderson Diversified Credit Fund,Defensive,Floating Rate,Australian Fixed Interest,Australian Fixed Interest,Active Manager,,,Diversified Credit,,Diversified Credit,Floating High Yield Credit,MF
2.262912848830943,Daintree Core Income Trust,Defensive,Floating Rate,Australian Fixed Interest,Australian Fixed Interest,Active Manager,,,Floating Rate Credit,,Global Bonds ,International Fixed Interest,MF
2.208276434577865,Bentham Global Income Fund,Defensive,Floating Rate,Global Fixed Interest,Global Fixed Interest,Active Manager,,,Global Diversified Credit,,Global Bonds ,International Fixed Interest,MF
2.2373263583683167,Franklin K2 Athena Fund,Growth,Alternatives,Alternatives,Alternatives (Growth),Active Manager,,,Macro Strategy - Systematic,,Alternatives - Defensive Liquid,Alternatives - Defensive Liquid,MF
1.4912387820120503,iShares Physical Gold ETF,Growth,Alternatives,Alternatives,Alternatives (Growth),ETF Index,Gold,USD,Alternatives (Growth),,Alternatives - Growth Liquid,Alternatives - Growth Liquid,ETF
0.035566344706158874,iShares Core Cash ETF,Defensive,Cash,Cash,Cash,ETF Index,Cash,Cash,Bank Bills,,Domestic Cash,Cash,ETF
0.037840680153927275,Bank Account,Defensive,Cash,Cash,Cash,ASXStock,Cash,Cash,Bank Account,Cash,Domestic Cash,Cash,Cash
0.014280937098067279,Life360 Inc.,Growth,Australian Shares,Australian Shares,Australian Shares,Information Technology - 45,ASX,AUD,Australia,,Australia Large Blend Equity,Australian Equities,ASXStock
0.00568285005916868,The A2 Milk Company Limited,Growth,Australian Shares,Australian Shares,Australian Shares,Consumer Staples - 30,ASX,AUD,Australia,,Australia Large Blend Equity,Australian Equities,ASXStock
0.0013090465827758147,Abacus Group,Growth,Australian Shares,Australian Shares,Australian Shares,Real Estate - 60,ASX,AUD,Australia,,Australia Large Blend Equity,Australian Equities,ASXStock
0.01281088963151507,AGL Energy Limited.,Growth,Australian Shares,Australian Shares,Australian Shares,Utilities - 55,ASX,AUD,Australia,,Australia Large Blend Equity,Australian Equities,ASXStock
0.004079196726856958,Auckland International Airport Limited,Growth,Australian Shares,Australian Shares,Australian Shares,Industrials - 20,ASX,AUD,Australia,,Australia Large Blend Equity,Australian Equities,ASXStock
0.03189906504671754,Ampol Limited,Growth,Australian Shares,Australian Shares,Australian Shares,Energy - 10,ASX,AUD,Australia,,Australia Large Blend Equity,Australian Equities,ASXStock
0.19599123207555172,Aristocrat Leisure Limited,Growth,Australian Shares,Australian Shares,Australian Shares,Consumer Discretionary - 25,ASX,AUD,Australia,,Australia Large Blend Equity,Australian Equities,ASXStock
0.03400974817481774,ALS Limited,Growth,Australian Shares,Australian Shares,Australian Shares,Industrials - 20,ASX,AUD,Australia,,Australia Large Blend Equity,Australian Equities,ASXStock
0.05558970378741161,Altium Limited,Growth,Australian Shares,Australian Shares,Australian Shares,Information Technology - 45,ASX,AUD,Australia,,Australia Large Blend Equity,Australian Equities,ASXStock
0.021384957378209713,Atlas Arteria,Growth,Australian Shares,Australian Shares,Australian Shares,Industrials - 20,ASX,AUD,Australia,,Australia Large Blend Equity,Australian Equities,ASXStock
0.03409331518567019,Amcor PLC,Growth,Australian Shares,Australian Shares,Australian Shares,Materials - 15,ASX,AUD,Australia,,Australia Large Blend Equity,Australian Equities,ASXStock
0.00495071195258809,AMP Limited,Growth,Australian Shares,Australian Shares,Australian Shares,Financials - 40,ASX,AUD,Australia,,Australia Large Blend Equity,Australian Equities,ASXStock
0.012745335243376975,Ansell Limited,Growth,Australian Shares,Australian Shares,Australian Shares,Health Care - 35,ASX,AUD,Australia,,Australia Large Blend Equity,Australian Equities,ASXStock
0.2890567505562458,ANZ Group Holdings Limited,Growth,Australian Shares,Australian Shares,Australian Shares,Financials - 40,ASX,AUD,Australia,,Australia Large Blend Equity,Australian Equities,ASXStock
0.028556753618445372,APA Group,Growth,Australian Shares,Australian Shares,Australian Shares,Utilities - 55,ASX,AUD,Australia,,Australia Large Blend Equity,Australian Equities,ASXStock
0.013812458000571898,Eagers Automotive Limited,Growth,Australian Shares,Australian Shares,Australian Shares,Consumer Discretionary - 25,ASX,AUD,Australia,,Australia Large Blend Equity,Australian Equities,ASXStock
0.02008805847042064,ARB Corporation Limited,Growth,Australian Shares,Australian Shares,Australian Shares,Consumer Discretionary - 25,ASX,AUD,Australia,,Australia Large Blend Equity,Australian Equities,ASXStock
0.007444122272921542,Arena REIT.,Growth,Australian Shares,Australian Shares,Australian Shares,Real Estate - 60,ASX,AUD,Australia,,Australia Large Blend Equity,Australian Equities,ASXStock
0.0010093229600353158,Abacus Storage King,Growth,Australian Shares,Australian Shares,Australian Shares,Real Estate - 60,ASX,AUD,Australia,,Australia Large Blend Equity,Australian Equities,ASXStock
0.035093209971704536,ASX Limited,Growth,Australian Shares,Australian Shares,Australian Shares,Financials - 40,ASX,AUD,Australia,,Australia Large Blend Equity,Australian Equities,ASXStock
0.018846458872004784,AUB Group Limited,Growth,Australian Shares,Australian Shares,Australian Shares,Financials - 40,ASX,AUD,Australia,,Australia Large Blend Equity,Australian Equities,ASXStock
0.00539328794701893,Alumina Limited,Growth,Australian Shares,Australian Shares,Australian Shares,Materials - 15,ASX,AUD,Australia,,Australia Large Blend Equity,Australian Equities,ASXStock
0.01834064205203596,Aurizon Holdings Limited,Growth,Australian Shares,Australian Shares,Australian Shares,Industrials - 20,ASX,AUD,Australia,,Australia Large Blend Equity,Australian Equities,ASXStock
0.0061860067069004765,Bapcor Limited,Growth,Australian Shares,Australian Shares,Australian Shares,Consumer Discretionary - 25,ASX,AUD,Australia,,Australia Large Blend Equity,Australian Equities,ASXStock
0.019585859046974696,Bendigo and Adelaide Bank Limited,Growth,Australian Shares,Australian Shares,Australian Shares,Financials - 40,ASX,AUD,Australia,,Australia Large Blend Equity,Australian Equities,ASXStock
0.0024787696471535595,Bega Cheese Limited,Growth,Australian Shares,Australian Shares,Australian Shares,Consumer Staples - 30,ASX,AUD,Australia,,Australia Large Blend Equity,Australian Equities,ASXStock
0.014164332997883082,Bellevue Gold Limited,Growth,Australian Shares,Australian Shares,Australian Shares,Materials - 15,ASX,AUD,Australia,,Australia Large Blend Equity,Australian Equities,ASXStock
1.1367160220562007,BHP Group Limited,Growth,Australian Shares,Australian Shares,Australian Shares,Materials - 15,ASX,AUD,Australia,,Australia Large Blend Equity,Australian Equities,ASXStock
0.010797528885669956,Brickworks Limited,Growth,Australian Shares,Australian Shares,Australian Shares,Materials - 15,ASX,AUD,Australia,,Australia Large Blend Equity,Australian Equities,ASXStock
0.009297804937321736,Boral Limited,Growth,Australian Shares,Australian Shares,Australian Shares,Materials - 15,ASX,AUD,Australia,,Australia Large Blend Equity,Australian Equities,ASXStock
0.008213742192295695,Bank of Queensland Limited,Growth,Australian Shares,Australian Shares,Australian Shares,Financials - 40,ASX,AUD,Australia,,Australia Large Blend Equity,Australian Equities,ASXStock
0.007528741474127084,Beach Energy Limited,Growth,Australian Shares,Australian Shares,Australian Shares,Energy - 10,ASX,AUD,Australia,,Australia Large Blend Equity,Australian Equities,ASXStock
0.021482074553472025,Breville Group Limited,Growth,Australian Shares,Australian Shares,Australian Shares,Consumer Discretionary - 25,ASX,AUD,Australia,,Australia Large Blend Equity,Australian Equities,ASXStock
0.002481500546307769,Brainchip Holdings Ltd,Growth,Australian Shares,Australian Shares,Australian Shares,Information Technology - 45,ASX,AUD,Australia,,Australia Large Blend Equity,Australian Equities,ASXStock
0.05481057660316774,BlueScope Steel Limited,Growth,Australian Shares,Australian Shares,Australian Shares,Materials - 15,ASX,AUD,Australia,,Australia Large Blend Equity,Australian Equities,ASXStock
0.005449642882041844,BWP Trust,Growth,Australian Shares,Australian Shares,Australian Shares,Real Estate - 60,ASX,AUD,Australia,,Australia Large Blend Equity,Australian Equities,ASXStock
0.10651844815195641,Brambles Limited,Growth,Australian Shares,Australian Shares,Australian Shares,Industrials - 20,ASX,AUD,Australia,,Australia Large Blend Equity,Australian Equities,ASXStock
0.12019144847928187,CAR Group Limited,Growth,Australian Shares,Australian Shares,Australian Shares,Communication Services - 50,ASX,AUD,Australia,,Australia Large Blend Equity,Australian Equities,ASXStock
0.8938559282562527,Commonwealth Bank of Australia,Growth,Australian Shares,Australian Shares,Australian Shares,Financials - 40,ASX,AUD,Australia,,Australia Large Blend Equity,Australian Equities,ASXStock
0.003374477625410495,Credit Corp Group Limited,Growth,Australian Shares,Australian Shares,Australian Shares,Financials - 40,ASX,AUD,Australia,,Australia Large Blend Equity,Australian Equities,ASXStock
0.0063621904707156845,Challenger Limited,Growth,Australian Shares,Australian Shares,Australian Shares,Financials - 40,ASX,AUD,Australia,,Australia Large Blend Equity,Australian Equities,ASXStock
0.03247017628524261,Charter Hall Group,Growth,Australian Shares,Australian Shares,Australian Shares,Real Estate - 60,ASX,AUD,Australia,,Australia Large Blend Equity,Australian Equities,ASXStock
0.04037865358706738,Chalice Mining Limited,Growth,Australian Shares,Australian Shares,Australian Shares,Materials - 15,ASX,AUD,Australia,,Australia Large Blend Equity,Australian Equities,ASXStock
0.045891740985903345,Champion Iron Limited,Growth,Australian Shares,Australian Shares,Australian Shares,Materials - 15,ASX,AUD,Australia,,Australia Large Blend Equity,Australian Equities,ASXStock
0.006453613544367157,Centuria Industrial REIT,Growth,Australian Shares,Australian Shares,Australian Shares,Real Estate - 60,ASX,AUD,Australia,,Australia Large Blend Equity,Australian Equities,ASXStock
0.0040650359851143085,Collins Foods Limited,Growth,Australian Shares,Australian Shares,Australian Shares,Consumer Discretionary - 25,ASX,AUD,Australia,,Australia Large Blend Equity,Australian Equities,ASXStock
0.007618322063667473,Charter Hall Long Wale REIT,Growth,Australian Shares,Australian Shares,Australian Shares,Real Estate - 60,ASX,AUD,Australia,,Australia Large Blend Equity,Australian Equities,ASXStock
0.0572441544650661,Capricorn Metals Ltd,Growth,Australian Shares,Australian Shares,Australian Shares,Materials - 15,ASX,AUD,Australia,,Australia Large Blend Equity,Australian Equities,ASXStock
0.001129185115393813,Cromwell Property Group,Growth,Australian Shares,Australian Shares,Australian Shares,Real Estate - 60,ASX,AUD,Australia,,Australia Large Blend Equity,Australian Equities,ASXStock
0.005532988033401719,Centuria Capital Group,Growth,Australian Shares,Australian Shares,Australian Shares,Real Estate - 60,ASX,AUD,Australia,,Australia Large Blend Equity,Australian Equities,ASXStock
0.015747067345039077,Chorus Limited,Growth,Australian Shares,Australian Shares,Australian Shares,Communication Services - 50,ASX,AUD,Australia,,Australia Large Blend Equity,Australian Equities,ASXStock
0.08120126068324057,Cochlear Limited,Growth,Australian Shares,Australian Shares,Australian Shares,Health Care - 35,ASX,AUD,Australia,,Australia Large Blend Equity,Australian Equities,ASXStock
0.09831874342451583,Coles Group Limited,Growth,Australian Shares,Australian Shares,Australian Shares,Consumer Staples - 30,ASX,AUD,Australia,,Australia Large Blend Equity,Australian Equities,ASXStock
0.062254406047630266,Computershare Limited,Growth,Australian Shares,Australian Shares,Australian Shares,Industrials - 20,ASX,AUD,Australia,,Australia Large Blend Equity,Australian Equities,ASXStock
0.002700387105527506,Charter Hall Social Infrastructure REIT,Growth,Australian Shares,Australian Shares,Australian Shares,Real Estate - 60,ASX,AUD,Australia,,Australia Large Blend Equity,Australian Equities,ASXStock
0.004524886441842881,Charter Hall Retail REIT,Growth,Australian Shares,Australian Shares,Australian Shares,Real Estate - 60,ASX,AUD,Australia,,Australia Large Blend Equity,Australian Equities,ASXStock
0.0021555209455738546,Coronado Global Resources Inc.,Growth,Australian Shares,Australian Shares,Australian Shares,Materials - 15,ASX,AUD,Australia,,Australia Large Blend Equity,Australian Equities,ASXStock
0.5108041957177225,CSL Limited,Growth,Australian Shares,Australian Shares,Australian Shares,Health Care - 35,ASX,AUD,Australia,,Australia Large Blend Equity,Australian Equities,ASXStock
0.029428431647399413,CSR Limited,Growth,Australian Shares,Australian Shares,Australian Shares,Materials - 15,ASX,AUD,Australia,,Australia Large Blend Equity,Australian Equities,ASXStock
0.003944537090035396,Corporate Travel Management Limited,Growth,Australian Shares,Australian Shares,Australian Shares,Consumer Discretionary - 25,ASX,AUD,Australia,,Australia Large Blend Equity,Australian Equities,ASXStock
0.02878996073431897,Cleanaway Waste Management Limited,Growth,Australian Shares,Australian Shares,Australian Shares,Industrials - 20,ASX,AUD,Australia,,Australia Large Blend Equity,Australian Equities,ASXStock
0.005034166798326121,Core Lithium Ltd,Growth,Australian Shares,Australian Shares,Australian Shares,Materials - 15,ASX,AUD,Australia,,Australia Large Blend Equity,Australian Equities,ASXStock
0.05066923238771297,De Grey Mining Limited,Growth,Australian Shares,Australian Shares,Australian Shares,Materials - 15,ASX,AUD,Australia,,Australia Large Blend Equity,Australian Equities,ASXStock
0.003420318412388371,Domain Holdings Australia Limited,Growth,Australian Shares,Australian Shares,Australian Shares,Communication Services - 50,ASX,AUD,Australia,,Australia Large Blend Equity,Australian Equities,ASXStock
0.008625226454092664,Domino's Pizza Enterprises Limited,Growth,Australian Shares,Australian Shares,Australian Shares,Consumer Discretionary - 25,ASX,AUD,Australia,,Australia Large Blend Equity,Australian Equities,ASXStock
0.0070270462852327735,Downer EDI Limited,Growth,Australian Shares,Australian Shares,Australian Shares,Industrials - 20,ASX,AUD,Australia,,Australia Large Blend Equity,Australian Equities,ASXStock
0.004815800637340783,Deterra Royalties Limited,Growth,Australian Shares,Australian Shares,Australian Shares,Materials - 15,ASX,AUD,Australia,,Australia Large Blend Equity,Australian Equities,ASXStock
0.016824203419159772,Dexus,Growth,Australian Shares,Australian Shares,Australian Shares,Real Estate - 60,ASX,AUD,Australia,,Australia Large Blend Equity,Australian Equities,ASXStock
0.015749657698496122,Endeavour Group Limited,Growth,Australian Shares,Australian Shares,Australian Shares,Consumer Staples - 30,ASX,AUD,Australia,,Australia Large Blend Equity,Australian Equities,ASXStock
0.003339449306604166,Elders Limited,Growth,Australian Shares,Australian Shares,Australian Shares,Consumer Staples - 30,ASX,AUD,Australia,,Australia Large Blend Equity,Australian Equities,ASXStock
0.02168358329490292,Evolution Mining Limited,Growth,Australian Shares,Australian Shares,Australian Shares,Materials - 15,ASX,AUD,Australia,,Australia Large Blend Equity,Australian Equities,ASXStock
0.002640554364181472,EVT Limited,Growth,Australian Shares,Australian Shares,Australian Shares,Communication Services - 50,ASX,AUD,Australia,,Australia Large Blend Equity,Australian Equities,ASXStock
0.0019036487751246031,Fletcher Building Limited,Growth,Australian Shares,Australian Shares,Australian Shares,Industrials - 20,ASX,AUD,Australia,,Australia Large Blend Equity,Australian Equities,ASXStock
0.005225530890343364,Flight Centre Travel Group Limited,Growth,Australian Shares,Australian Shares,Australian Shares,Consumer Discretionary - 25,ASX,AUD,Australia,,Australia Large Blend Equity,Australian Equities,ASXStock
1.0773172025223705,Fortescue Ltd,Growth,Australian Shares,Australian Shares,Australian Shares,Materials - 15,ASX,AUD,Australia,,Australia Large Blend Equity,Australian Equities,ASXStock
0.021281724484713816,Fisher & Paykel Healthcare Corporation Limited,Growth,Australian Shares,Australian Shares,Australian Shares,Health Care - 35,ASX,AUD,Australia,,Australia Large Blend Equity,Australian Equities,ASXStock
0.3678290299369326,Goodman Group,Growth,Australian Shares,Australian Shares,Australian Shares,Real Estate - 60,ASX,AUD,Australia,,Australia Large Blend Equity,Australian Equities,ASXStock
0.010560400033282295,GrainCorp Limited,Growth,Australian Shares,Australian Shares,Australian Shares,Consumer Staples - 30,ASX,AUD,Australia,,Australia Large Blend Equity,Australian Equities,ASXStock
0.012274390152585022,Gold Road Resources Limited,Growth,Australian Shares,Australian Shares,Australian Shares,Materials - 15,ASX,AUD,Australia,,Australia Large Blend Equity,Australian Equities,ASXStock
0.0015646611062606443,Growthpoint Properties Australia,Growth,Australian Shares,Australian Shares,Australian Shares,Real Estate - 60,ASX,AUD,Australia,,Australia Large Blend Equity,Australian Equities,ASXStock
0.02462624176205952,GPT Group,Growth,Australian Shares,Australian Shares,Australian Shares,Real Estate - 60,ASX,AUD,Australia,,Australia Large Blend Equity,Australian Equities,ASXStock
0.004573233470744668,G.U.D. Holdings Limited,Growth,Australian Shares,Australian Shares,Australian Shares,Consumer Discretionary - 25,ASX,AUD,Australia,,Australia Large Blend Equity,Australian Equities,ASXStock
0.005618325575375739,Homeco Daily Needs REIT,Growth,Australian Shares,Australian Shares,Australian Shares,Real Estate - 60,ASX,AUD,Australia,,Australia Large Blend Equity,Australian Equities,ASXStock
0.0034315118477260377,Healius Limited,Growth,Australian Shares,Australian Shares,Australian Shares,Health Care - 35,ASX,AUD,Australia,,Australia Large Blend Equity,Australian Equities,ASXStock
0.003540844689129085,HMC Capital Limited,Growth,Australian Shares,Australian Shares,Australian Shares,Real Estate - 60,ASX,AUD,Australia,,Australia Large Blend Equity,Australian Equities,ASXStock
0.03619640716853956,HUB24 Limited,Growth,Australian Shares,Australian Shares,Australian Shares,Financials - 40,ASX,AUD,Australia,,Australia Large Blend Equity,Australian Equities,ASXStock
0.015086436368452616,Harvey Norman Holdings Limited,Growth,Australian Shares,Australian Shares,Australian Shares,Consumer Discretionary - 25,ASX,AUD,Australia,,Australia Large Blend Equity,Australian Equities,ASXStock
0.04229093403565487,Insurance Australia Group Limited,Growth,Australian Shares,Australian Shares,Australian Shares,Financials - 40,ASX,AUD,Australia,,Australia Large Blend Equity,Australian Equities,ASXStock
0.02437631553766779,Idp Education Limited,Growth,Australian Shares,Australian Shares,Australian Shares,Consumer Discretionary - 25,ASX,AUD,Australia,,Australia Large Blend Equity,Australian Equities,ASXStock
0.003155415236459432,Insignia Financial Ltd,Growth,Australian Shares,Australian Shares,Australian Shares,Financials - 40,ASX,AUD,Australia,,Australia Large Blend Equity,Australian Equities,ASXStock
0.04203645168465906,IGO Limited,Growth,Australian Shares,Australian Shares,Australian Shares,Materials - 15,ASX,AUD,Australia,,Australia Large Blend Equity,Australian Equities,ASXStock
0.018362767297630343,Iluka Resources Limited,Growth,Australian Shares,Australian Shares,Australian Shares,Materials - 15,ASX,AUD,Australia,,Australia Large Blend Equity,Australian Equities,ASXStock
0.0026236142989119024,Imugene Limited,Growth,Australian Shares,Australian Shares,Australian Shares,Health Care - 35,ASX,AUD,Australia,,Australia Large Blend Equity,Australian Equities,ASXStock
0.007077629163656894,Ingenia Communities Group,Growth,Australian Shares,Australian Shares,Australian Shares,Real Estate - 60,ASX,AUD,Australia,,Australia Large Blend Equity,Australian Equities,ASXStock
0.003124842060672555,Inghams Group Limited,Growth,Australian Shares,Australian Shares,Australian Shares,Consumer Staples - 30,ASX,AUD,Australia,,Australia Large Blend Equity,Australian Equities,ASXStock
0.005307329372517988,IPH Limited,Growth,Australian Shares,Australian Shares,Australian Shares,Industrials - 20,ASX,AUD,Australia,,Australia Large Blend Equity,Australian Equities,ASXStock
0.015922428419911167,Incitec Pivot Limited,Growth,Australian Shares,Australian Shares,Australian Shares,Materials - 15,ASX,AUD,Australia,,Australia Large Blend Equity,Australian Equities,ASXStock
0.003472346414907963,IRESS Limited,Growth,Australian Shares,Australian Shares,Australian Shares,Information Technology - 45,ASX,AUD,Australia,,Australia Large Blend Equity,Australian Equities,ASXStock
0.06271646269806502,JB Hi-Fi Limited,Growth,Australian Shares,Australian Shares,Australian Shares,Consumer Discretionary - 25,ASX,AUD,Australia,,Australia Large Blend Equity,Australian Equities,ASXStock
0.17747203136199918,James Hardie Industries PLC,Growth,Australian Shares,Australian Shares,Australian Shares,Materials - 15,ASX,AUD,Australia,,Australia Large Blend Equity,Australian Equities,ASXStock
0.008812237120892834,Johns Lyng Group Limited,Growth,Australian Shares,Australian Shares,Australian Shares,Industrials - 20,ASX,AUD,Australia,,Australia Large Blend Equity,Australian Equities,ASXStock
0.00651641748501704,Karoon Energy Ltd,Growth,Australian Shares,Australian Shares,Australian Shares,Energy - 10,ASX,AUD,Australia,,Australia Large Blend Equity,Australian Equities,ASXStock
0.0034736372528656823,Kelsian Group Limited,Growth,Australian Shares,Australian Shares,Australian Shares,Industrials - 20,ASX,AUD,Australia,,Australia Large Blend Equity,Australian Equities,ASXStock
0.006125856542644099,Lifestyle Communities Limited,Growth,Australian Shares,Australian Shares,Australian Shares,Real Estate - 60,ASX,AUD,Australia,,Australia Large Blend Equity,Australian Equities,ASXStock
0.0003689369923667472,Lake Resources N.L.,Growth,Australian Shares,Australian Shares,Australian Shares,Materials - 15,ASX,AUD,Australia,,Australia Large Blend Equity,Australian Equities,ASXStock
0.009261642688897538,Lendlease Group,Growth,Australian Shares,Australian Shares,Australian Shares,Real Estate - 60,ASX,AUD,Australia,,Australia Large Blend Equity,Australian Equities,ASXStock
0.0006692199185193486,Link Administration Holdings Limited,Growth,Australian Shares,Australian Shares,Australian Shares,Industrials - 20,ASX,AUD,Australia,,Australia Large Blend Equity,Australian Equities,ASXStock
0.028743729658593505,Lovisa Holdings Limited,Growth,Australian Shares,Australian Shares,Australian Shares,Consumer Discretionary - 25,ASX,AUD,Australia,,Australia Large Blend Equity,Australian Equities,ASXStock
0.33758797182307604,Liontown Resources Limited,Growth,Australian Shares,Australian Shares,Australian Shares,Materials - 15,ASX,AUD,Australia,,Australia Large Blend Equity,Australian Equities,ASXStock
0.08206935010857544,Lynas Rare Earths Limited,Growth,Australian Shares,Australian Shares,Australian Shares,Materials - 15,ASX,AUD,Australia,,Australia Large Blend Equity,Australian Equities,ASXStock
0.0022572736812534956,Magellan Financial Group Limited,Growth,Australian Shares,Australian Shares,Australian Shares,Financials - 40,ASX,AUD,Australia,,Australia Large Blend Equity,Australian Equities,ASXStock
0.02904354573441107,Mirvac Group,Growth,Australian Shares,Australian Shares,Australian Shares,Real Estate - 60,ASX,AUD,Australia,,Australia Large Blend Equity,Australian Equities,ASXStock
0.10935447545354451,Mineral Resources Limited,Growth,Australian Shares,Australian Shares,Australian Shares,Materials - 15,ASX,AUD,Australia,,Australia Large Blend Equity,Australian Equities,ASXStock
0.0037005279937226236,Monadelphous Group Limited,Growth,Australian Shares,Australian Shares,Australian Shares,Industrials - 20,ASX,AUD,Australia,,Australia Large Blend Equity,Australian Equities,ASXStock
0.009166158662735945,Megaport Limited,Growth,Australian Shares,Australian Shares,Australian Shares,Information Technology - 45,ASX,AUD,Australia,,Australia Large Blend Equity,Australian Equities,ASXStock
0.0432339606115276,Medibank Private Limited,Growth,Australian Shares,Australian Shares,Australian Shares,Financials - 40,ASX,AUD,Australia,,Australia Large Blend Equity,Australian Equities,ASXStock
0.3939478345231721,Macquarie Group Limited,Growth,Australian Shares,Australian Shares,Australian Shares,Financials - 40,ASX,AUD,Australia,,Australia Large Blend Equity,Australian Equities,ASXStock
0.017342038749415308,Metcash Limited,Growth,Australian Shares,Australian Shares,Australian Shares,Consumer Staples - 30,ASX,AUD,Australia,,Australia Large Blend Equity,Australian Equities,ASXStock
0.402699296332224,National Australia Bank Limited,Growth,Australian Shares,Australian Shares,Australian Shares,Financials - 40,ASX,AUD,Australia,,Australia Large Blend Equity,Australian Equities,ASXStock
0.003707140249039443,Nanosonics Limited,Growth,Australian Shares,Australian Shares,Australian Shares,Health Care - 35,ASX,AUD,Australia,,Australia Large Blend Equity,Australian Equities,ASXStock
0.00937639290053609,Nine Entertainment Co. Holdings Limited,Growth,Australian Shares,Australian Shares,Australian Shares,Communication Services - 50,ASX,AUD,Australia,,Australia Large Blend Equity,Australian Equities,ASXStock
0.07036451766396559,Newmont Corporation,Growth,Australian Shares,Australian Shares,Australian Shares,Materials - 15,ASX,AUD,Australia,,Australia Large Blend Equity,Australian Equities,ASXStock
0.021206767335780367,New Hope Corporation Limited,Growth,Australian Shares,Australian Shares,Australian Shares,Energy - 10,ASX,AUD,Australia,,Australia Large Blend Equity,Australian Equities,ASXStock
0.01303598291377124,NIB Holdings Limited,Growth,Australian Shares,Australian Shares,Australian Shares,Financials - 40,ASX,AUD,Australia,,Australia Large Blend Equity,Australian Equities,ASXStock
0.019405526905230622,Nickel Industries Limited,Growth,Australian Shares,Australian Shares,Australian Shares,Materials - 15,ASX,AUD,Australia,,Australia Large Blend Equity,Australian Equities,ASXStock
0.012173566101529277,National Storage REIT,Growth,Australian Shares,Australian Shares,Australian Shares,Real Estate - 60,ASX,AUD,Australia,,Australia Large Blend Equity,Australian Equities,ASXStock
0.05310203091106664,Northern Star Resources Ltd,Growth,Australian Shares,Australian Shares,Australian Shares,Materials - 15,ASX,AUD,Australia,,Australia Large Blend Equity,Australian Equities,ASXStock
0.0031995509856461,Nufarm Limited,Growth,Australian Shares,Australian Shares,Australian Shares,Materials - 15,ASX,AUD,Australia,,Australia Large Blend Equity,Australian Equities,ASXStock
0.010565135832741171,NRW Holdings Limited,Growth,Australian Shares,Australian Shares,Australian Shares,Industrials - 20,ASX,AUD,Australia,,Australia Large Blend Equity,Australian Equities,ASXStock
0.01027369764951715,Netwealth Group Limited,Growth,Australian Shares,Australian Shares,Australian Shares,Financials - 40,ASX,AUD,Australia,,Australia Large Blend Equity,Australian Equities,ASXStock
0.006897074233400649,News Corporation..,Growth,Australian Shares,Australian Shares,Australian Shares,Communication Services - 50,ASX,AUD,Australia,,Australia Large Blend Equity,Australian Equities,ASXStock
0.0560154238459425,Nextdc Limited,Growth,Australian Shares,Australian Shares,Australian Shares,Information Technology - 45,ASX,AUD,Australia,,Australia Large Blend Equity,Australian Equities,ASXStock
0.008280737460641455,Orora Limited,Growth,Australian Shares,Australian Shares,Australian Shares,Materials - 15,ASX,AUD,Australia,,Australia Large Blend Equity,Australian Equities,ASXStock
0.0782470026073342,Origin Energy Limited,Growth,Australian Shares,Australian Shares,Australian Shares,Utilities - 55,ASX,AUD,Australia,,Australia Large Blend Equity,Australian Equities,ASXStock
0.01890380896536328,Orica Limited,Growth,Australian Shares,Australian Shares,Australian Shares,Materials - 15,ASX,AUD,Australia,,Australia Large Blend Equity,Australian Equities,ASXStock
0.035822293615970176,Paladin Energy Ltd,Growth,Australian Shares,Australian Shares,Australian Shares,Energy - 10,ASX,AUD,Australia,,Australia Large Blend Equity,Australian Equities,ASXStock
0.1457318319338784,Pilbara Minerals Limited,Growth,Australian Shares,Australian Shares,Australian Shares,Materials - 15,ASX,AUD,Australia,,Australia Large Blend Equity,Australian Equities,ASXStock
0.14739596669524357,Pro Medicus Limited,Growth,Australian Shares,Australian Shares,Australian Shares,Health Care - 35,ASX,AUD,Australia,,Australia Large Blend Equity,Australian Equities,ASXStock
0.015406646736013305,Premier Investments Limited,Growth,Australian Shares,Australian Shares,Australian Shares,Consumer Discretionary - 25,ASX,AUD,Australia,,Australia Large Blend Equity,Australian Equities,ASXStock
0.01881366736074805,Pinnacle Investment Management Group Limited,Growth,Australian Shares,Australian Shares,Australian Shares,Financials - 40,ASX,AUD,Australia,,Australia Large Blend Equity,Australian Equities,ASXStock
0.01138437721508733,Polynovo Limited,Growth,Australian Shares,Australian Shares,Australian Shares,Health Care - 35,ASX,AUD,Australia,,Australia Large Blend Equity,Australian Equities,ASXStock
0.005012526348702958,Perpetual Limited,Growth,Australian Shares,Australian Shares,Australian Shares,Financials - 40,ASX,AUD,Australia,,Australia Large Blend Equity,Australian Equities,ASXStock
0.034655236552687645,Perseus Mining Limited,Growth,Australian Shares,Australian Shares,Australian Shares,Materials - 15,ASX,AUD,Australia,,Australia Large Blend Equity,Australian Equities,ASXStock
0.002875207772100015,Pexa Group Limited,Growth,Australian Shares,Australian Shares,Australian Shares,Real Estate - 60,ASX,AUD,Australia,,Australia Large Blend Equity,Australian Equities,ASXStock
0.032257025534365595,Qantas Airways Limited,Growth,Australian Shares,Australian Shares,Australian Shares,Industrials - 20,ASX,AUD,Australia,,Australia Large Blend Equity,Australian Equities,ASXStock
0.1036623169135834,QBE Insurance Group Limited,Growth,Australian Shares,Australian Shares,Australian Shares,Financials - 40,ASX,AUD,Australia,,Australia Large Blend Equity,Australian Equities,ASXStock
0.02349579651157129,Qube Holdings Limited,Growth,Australian Shares,Australian Shares,Australian Shares,Industrials - 20,ASX,AUD,Australia,,Australia Large Blend Equity,Australian Equities,ASXStock
0.061765113456638786,REA Group Ltd,Growth,Australian Shares,Australian Shares,Australian Shares,Communication Services - 50,ASX,AUD,Australia,,Australia Large Blend Equity,Australian Equities,ASXStock
0.030802895194154124,Reece Limited,Growth,Australian Shares,Australian Shares,Australian Shares,Industrials - 20,ASX,AUD,Australia,,Australia Large Blend Equity,Australian Equities,ASXStock
0.007048843639900086,Region Group,Growth,Australian Shares,Australian Shares,Australian Shares,Real Estate - 60,ASX,AUD,Australia,,Australia Large Blend Equity,Australian Equities,ASXStock
0.016999457546788735,Ramsay Health Care Limited,Growth,Australian Shares,Australian Shares,Australian Shares,Health Care - 35,ASX,AUD,Australia,,Australia Large Blend Equity,Australian Equities,ASXStock
0.2636681153917483,Rio Tinto Limited,Growth,Australian Shares,Australian Shares,Australian Shares,Materials - 15,ASX,AUD,Australia,,Australia Large Blend Equity,Australian Equities,ASXStock
0.04459452141535625,ResMed Inc.,Growth,Australian Shares,Australian Shares,Australian Shares,Health Care - 35,ASX,AUD,Australia,,Australia Large Blend Equity,Australian Equities,ASXStock
0.0012578749181908434,Regis Resources Limited,Growth,Australian Shares,Australian Shares,Australian Shares,Materials - 15,ASX,AUD,Australia,,Australia Large Blend Equity,Australian Equities,ASXStock
0.012224135956290901,Reliance Worldwide Corporation Limited,Growth,Australian Shares,Australian Shares,Australian Shares,Industrials - 20,ASX,AUD,Australia,,Australia Large Blend Equity,Australian Equities,ASXStock
0.054526890571809095,South32 Limited,Growth,Australian Shares,Australian Shares,Australian Shares,Materials - 15,ASX,AUD,Australia,,Australia Large Blend Equity,Australian Equities,ASXStock
0.04141200889253596,Scentre Group,Growth,Australian Shares,Australian Shares,Australian Shares,Real Estate - 60,ASX,AUD,Australia,,Australia Large Blend Equity,Australian Equities,ASXStock
0.031085495648057432,Steadfast Group Limited,Growth,Australian Shares,Australian Shares,Australian Shares,Financials - 40,ASX,AUD,Australia,,Australia Large Blend Equity,Australian Equities,ASXStock
0.032391569123909475,Seek Limited,Growth,Australian Shares,Australian Shares,Australian Shares,Communication Services - 50,ASX,AUD,Australia,,Australia Large Blend Equity,Australian Equities,ASXStock
0.014404105471466939,Sandfire Resources Limited,Growth,Australian Shares,Australian Shares,Australian Shares,Materials - 15,ASX,AUD,Australia,,Australia Large Blend Equity,Australian Equities,ASXStock
0.008540440975705053,Sims Limited,Growth,Australian Shares,Australian Shares,Australian Shares,Materials - 15,ASX,AUD,Australia,,Australia Large Blend Equity,Australian Equities,ASXStock
0.05292615253950331,Stockland,Growth,Australian Shares,Australian Shares,Australian Shares,Real Estate - 60,ASX,AUD,Australia,,Australia Large Blend Equity,Australian Equities,ASXStock
0.00021865516270455686,The Star Entertainment Group Limited,Growth,Australian Shares,Australian Shares,Australian Shares,Consumer Discretionary - 25,ASX,AUD,Australia,,Australia Large Blend Equity,Australian Equities,ASXStock
0.054207333694193845,Sonic Healthcare Limited,Growth,Australian Shares,Australian Shares,Australian Shares,Health Care - 35,ASX,AUD,Australia,,Australia Large Blend Equity,Australian Equities,ASXStock
0.005313370351135622,Silver Lake Resources Limited,Growth,Australian Shares,Australian Shares,Australian Shares,Materials - 15,ASX,AUD,Australia,,Australia Large Blend Equity,Australian Equities,ASXStock
0.031213805407914665,Washington H Soul Pattinson & Company Limited,Growth,Australian Shares,Australian Shares,Australian Shares,Financials - 40,ASX,AUD,Australia,,Australia Large Blend Equity,Australian Equities,ASXStock
0.0022026673798481848,Spark New Zealand Limited,Growth,Australian Shares,Australian Shares,Australian Shares,Communication Services - 50,ASX,AUD,Australia,,Australia Large Blend Equity,Australian Equities,ASXStock
0.003216340900508631,Block Inc.,Growth,Australian Shares,Australian Shares,Australian Shares,Financials - 40,ASX,AUD,Australia,,Australia Large Blend Equity,Australian Equities,ASXStock
0.11270950555616396,Santos Limited,Growth,Australian Shares,Australian Shares,Australian Shares,Energy - 10,ASX,AUD,Australia,,Australia Large Blend Equity,Australian Equities,ASXStock
0.020992911194845632,Super Retail Group Limited,Growth,Australian Shares,Australian Shares,Australian Shares,Consumer Discretionary - 25,ASX,AUD,Australia,,Australia Large Blend Equity,Australian Equities,ASXStock
0.0761354250324185,Suncorp Group Limited,Growth,Australian Shares,Australian Shares,Australian Shares,Financials - 40,ASX,AUD,Australia,,Australia Large Blend Equity,Australian Equities,ASXStock
0.03934730951365631,Seven Group Holdings Limited,Growth,Australian Shares,Australian Shares,Australian Shares,Industrials - 20,ASX,AUD,Australia,,Australia Large Blend Equity,Australian Equities,ASXStock
0.0038933783211736045,Sayona Mining Limited,Growth,Australian Shares,Australian Shares,Australian Shares,Materials - 15,ASX,AUD,Australia,,Australia Large Blend Equity,Australian Equities,ASXStock
0.00020969695263419074,Syrah Resources Limited,Growth,Australian Shares,Australian Shares,Australian Shares,Materials - 15,ASX,AUD,Australia,,Australia Large Blend Equity,Australian Equities,ASXStock
0.0008240711564869899,TABCORP Holdings Limited,Growth,Australian Shares,Australian Shares,Australian Shares,Consumer Discretionary - 25,ASX,AUD,Australia,,Australia Large Blend Equity,Australian Equities,ASXStock
0.1351772794201426,Transurban Group,Growth,Australian Shares,Australian Shares,Australian Shares,Industrials - 20,ASX,AUD,Australia,,Australia Large Blend Equity,Australian Equities,ASXStock
0.029821078882791514,The Lottery Corporation Limited,Growth,Australian Shares,Australian Shares,Australian Shares,Consumer Discretionary - 25,ASX,AUD,Australia,,Australia Large Blend Equity,Australian Equities,ASXStock
0.20579053027802133,Telstra Group Limited,Growth,Australian Shares,Australian Shares,Australian Shares,Communication Services - 50,ASX,AUD,Australia,,Australia Large Blend Equity,Australian Equities,ASXStock
0.20611282566673758,Telix Pharmaceuticals Limited,Growth,Australian Shares,Australian Shares,Australian Shares,Health Care - 35,ASX,AUD,Australia,,Australia Large Blend Equity,Australian Equities,ASXStock
0.04829456053893811,Technology One Limited,Growth,Australian Shares,Australian Shares,Australian Shares,Information Technology - 45,ASX,AUD,Australia,,Australia Large Blend Equity,Australian Equities,ASXStock
0.0036325460575823533,TPG Telecom Limited,Growth,Australian Shares,Australian Shares,Australian Shares,Communication Services - 50,ASX,AUD,Australia,,Australia Large Blend Equity,Australian Equities,ASXStock
0.020506845435591597,Treasury Wine Estates Limited,Growth,Australian Shares,Australian Shares,Australian Shares,Consumer Staples - 30,ASX,AUD,Australia,,Australia Large Blend Equity,Australian Equities,ASXStock
0.019586805816949257,Vicinity Centres,Growth,Australian Shares,Australian Shares,Australian Shares,Real Estate - 60,ASX,AUD,Australia,,Australia Large Blend Equity,Australian Equities,ASXStock
0.010952571738581197,Viva Energy Group Limited,Growth,Australian Shares,Australian Shares,Australian Shares,Energy - 10,ASX,AUD,Australia,,Australia Large Blend Equity,Australian Equities,ASXStock
0.008565845236101495,Ventia Services Group Limited,Growth,Australian Shares,Australian Shares,Australian Shares,Industrials - 20,ASX,AUD,Australia,,Australia Large Blend Equity,Australian Equities,ASXStock
0.013010921308617121,Virgin Money Uk PLC,Growth,Australian Shares,Australian Shares,Australian Shares,Financials - 40,ASX,AUD,Australia,,Australia Large Blend Equity,Australian Equities,ASXStock
0.012569798184266097,West African Resources Limited,Growth,Australian Shares,Australian Shares,Australian Shares,Materials - 15,ASX,AUD,Australia,,Australia Large Blend Equity,Australian Equities,ASXStock
0.2720895359574508,Westpac Banking Corporation,Growth,Australian Shares,Australian Shares,Australian Shares,Financials - 40,ASX,AUD,Australia,,Australia Large Blend Equity,Australian Equities,ASXStock
0.22366269368554131,Woodside Energy Group Ltd,Growth,Australian Shares,Australian Shares,Australian Shares,Energy - 10,ASX,AUD,Australia,,Australia Large Blend Equity,Australian Equities,ASXStock
0.00660603952920503,Webjet Limited,Growth,Australian Shares,Australian Shares,Australian Shares,Consumer Discretionary - 25,ASX,AUD,Australia,,Australia Large Blend Equity,Australian Equities,ASXStock
0.3821268452199813,Wesfarmers Limited,Growth,Australian Shares,Australian Shares,Australian Shares,Consumer Discretionary - 25,ASX,AUD,Australia,,Australia Large Blend Equity,Australian Equities,ASXStock
0.035756736880854824,Whitehaven Coal Limited,Growth,Australian Shares,Australian Shares,Australian Shares,Energy - 10,ASX,AUD,Australia,,Australia Large Blend Equity,Australian Equities,ASXStock
0.028593028384569587,Worley Limited,Growth,Australian Shares,Australian Shares,Australian Shares,Industrials - 20,ASX,AUD,Australia,,Australia Large Blend Equity,Australian Equities,ASXStock
0.16767931445799336,Woolworths Group Limited,Growth,Australian Shares,Australian Shares,Australian Shares,Consumer Staples - 30,ASX,AUD,Australia,,Australia Large Blend Equity,Australian Equities,ASXStock
0.006364695991409638,Waypoint REIT,Growth,Australian Shares,Australian Shares,Australian Shares,Real Estate - 60,ASX,AUD,Australia,,Australia Large Blend Equity,Australian Equities,ASXStock
0.2797939642686209,WiseTech Global Limited,Growth,Australian Shares,Australian Shares,Australian Shares,Information Technology - 45,ASX,AUD,Australia,,Australia Large Blend Equity,Australian Equities,ASXStock
0.1430388709135796,Xero Limited,Growth,Australian Shares,Australian Shares,Australian Shares,Information Technology - 45,ASX,AUD,Australia,,Australia Large Blend Equity,Australian Equities,ASXStock
0.017818947477607774,Bank Account,Defensive,Cash,Cash,Cash,ASXStock,Cash,Cash,Bank Account,Cash,Domestic Cash,Cash,Cash
0.0008919509466556576,CBOE GLOBAL MARKETS INC,Growth,International Shares,Global Shares,Global Shares,Financials - 40,Cboe BZX formerly known as BATS,USD,United States,,World Large Blend Equity,International Equities - Unhedged,IEQStock
0.002306218701809328,DEUTSCHE TELEKOM N AG,Growth,International Shares,Global Shares,Global Shares,Communication Services - 50,Deutsche Boerse Markets,EUR,Germany,,World Large Blend Equity,International Equities - Unhedged,IEQStock
0.0027831777422419736,ESTEE LAUDER INC CLASS A,Growth,International Shares,Global Shares,Global Shares,Health Care - 35,Euronext Paris,EUR,France,,World Large Blend Equity,International Equities - Unhedged,IEQStock
0.0017806818403497695,DOLLAR GENERAL CORP,Growth,International Shares,Global Shares,Global Shares,Industrials - 20,Euronext Paris,EUR,France,,World Large Blend Equity,International Equities - Unhedged,IEQStock
0.0004901019906807701,ANGLO AMERICAN PLC,Growth,International Shares,Global Shares,Global Shares,Materials - 15,London Stock Exchange,GBP,United Kingdom,,World Large Blend Equity,International Equities - Unhedged,IEQStock
0.0015210955190669451,TRACTOR SUPPLY,Growth,International Shares,Global Shares,Global Shares,Consumer Staples - 30,London Stock Exchange,GBP,United Kingdom,,World Large Blend Equity,International Equities - Unhedged,IEQStock
0.0012934851654578692,T ROWE PRICE GROUP INC,Growth,International Shares,Global Shares,Global Shares,Financials - 40,NASDAQ Stock Market,USD,United States,,World Large Blend Equity,International Equities - Unhedged,IEQStock
0.0016129861560186126,ULTA BEAUTY INC,Growth,International Shares,Global Shares,Global Shares,Consumer Discretionary - 25,NASDAQ Stock Market,USD,United States,,World Large Blend Equity,International Equities - Unhedged,IEQStock
0.0008509398189568236,VERISIGN INC,Growth,International Shares,Global Shares,Global Shares,Information Technology - 45,NASDAQ Stock Market,USD,United States,,World Large Blend Equity,International Equities - Unhedged,IEQStock
0.00042865268347902697,ILLUMINA INC,Growth,International Shares,Global Shares,Global Shares,Health Care - 35,NASDAQ Stock Market,USD,United States,,World Large Blend Equity,International Equities - Unhedged,IEQStock
0.001986931626832502,FIFTH THIRD BANCORP,Growth,International Shares,Global Shares,Global Shares,Financials - 40,NASDAQ Stock Market,USD,United States,,World Large Blend Equity,International Equities - Unhedged,IEQStock
0.0019940321121074945,PTC INC,Growth,International Shares,Global Shares,Global Shares,Information Technology - 45,NASDAQ Stock Market,USD,United States,,World Large Blend Equity,International Equities - Unhedged,IEQStock
0.0024249233717917786,NASDAQ INC,Growth,International Shares,Global Shares,Global Shares,Financials - 40,NASDAQ Stock Market,USD,United States,,World Large Blend Equity,International Equities - Unhedged,IEQStock
0.0030998561430289444,STEEL DYNAMICS INC,Growth,International Shares,Global Shares,Global Shares,Materials - 15,NASDAQ Stock Market,USD,United States,,World Large Blend Equity,International Equities - Unhedged,IEQStock
0.0014040306301510144,HOLOGIC INC,Growth,International Shares,Global Shares,Global Shares,Health Care - 35,NASDAQ Stock Market,USD,United States,,World Large Blend Equity,International Equities - Unhedged,IEQStock
0.0011808566249554393,AKAMAI TECHNOLOGIES INC,Growth,International Shares,Global Shares,Global Shares,Information Technology - 45,NASDAQ Stock Market,USD,United States,,World Large Blend Equity,International Equities - Unhedged,IEQStock
0.0014512137473916176,COOPER INC,Growth,International Shares,Global Shares,Global Shares,Health Care - 35,NASDAQ Stock Market,USD,United States,,World Large Blend Equity,International Equities - Unhedged,IEQStock
0.0012376462387745475,EXPEDIA GROUP INC,Growth,International Shares,Global Shares,Global Shares,Consumer Discretionary - 25,NASDAQ Stock Market,USD,United States,,World Large Blend Equity,International Equities - Unhedged,IEQStock
0.0013789289535047124,NETAPP INC,Growth,International Shares,Global Shares,Global Shares,Information Technology - 45,NASDAQ Stock Market,USD,United States,,World Large Blend Equity,International Equities - Unhedged,IEQStock
0.0012979992209578755,CINCINNATI FINANCIAL CORP,Growth,International Shares,Global Shares,Global Shares,Financials - 40,NASDAQ Stock Market,USD,United States,,World Large Blend Equity,International Equities - Unhedged,IEQStock
0.0001234868426773995,WALGREEN BOOTS ALLIANCE INC,Growth,International Shares,Global Shares,Global Shares,Consumer Staples - 30,NASDAQ Stock Market,USD,United States,,World Large Blend Equity,International Equities - Unhedged,IEQStock
0.0013311615681268832,PRINCIPAL FINANCIAL GROUP INC,Growth,International Shares,Global Shares,Global Shares,Financials - 40,NASDAQ Stock Market,USD,United States,,World Large Blend Equity,International Equities - Unhedged,IEQStock
0.003268715040011183,FIRST SOLAR INC,Growth,International Shares,Global Shares,Global Shares,Information Technology - 45,NASDAQ Stock Market,USD,United States,,World Large Blend Equity,International Equities - Unhedged,IEQStock
0.006907084050201932,AXON ENTERPRISE INC,Growth,International Shares,Global Shares,Global Shares,Industrials - 20,NASDAQ Stock Market,USD,United States,,World Large Blend Equity,International Equities - Unhedged,IEQStock
0.0011665700760283956,HUNTINGTON BANCSHARES INC,Growth,International Shares,Global Shares,Global Shares,Financials - 40,NASDAQ Stock Market,USD,United States,,World Large Blend Equity,International Equities - Unhedged,IEQStock
0.0008580826439785486,NORTHERN TRUST CORP,Growth,International Shares,Global Shares,Global Shares,Financials - 40,NASDAQ Stock Market,USD,United States,,World Large Blend Equity,International Equities - Unhedged,IEQStock
0.0013852908295559773,JB HUNT TRANSPORT SERVICES INC,Growth,International Shares,Global Shares,Global Shares,Industrials - 20,NASDAQ Stock Market,USD,United States,,World Large Blend Equity,International Equities - Unhedged,IEQStock
0.0009324627339046449,SKYWORKS SOLUTIONS INC,Growth,International Shares,Global Shares,Global Shares,Information Technology - 45,NASDAQ Stock Market,USD,United States,,World Large Blend Equity,International Equities - Unhedged,IEQStock
0.0008732107664882378,ALIGN TECHNOLOGY INC,Growth,International Shares,Global Shares,Global Shares,Health Care - 35,NASDAQ Stock Market,USD,United States,,World Large Blend Equity,International Equities - Unhedged,IEQStock
0.001260553233993152,WESTERN DIGITAL CORP,Growth,International Shares,Global Shares,Global Shares,Information Technology - 45,NASDAQ Stock Market,USD,United States,,World Large Blend Equity,International Equities - Unhedged,IEQStock
0.0018559236367757146,SEAGATE TECHNOLOGY HOLDINGS PLC,Growth,International Shares,Global Shares,Global Shares,Information Technology - 45,NASDAQ Stock Market,USD,United States,,World Large Blend Equity,International Equities - Unhedged,IEQStock
0.0024151174595835744,TERADYNE INC,Growth,International Shares,Global Shares,Global Shares,Information Technology - 45,NASDAQ Stock Market,USD,United States,,World Large Blend Equity,International Equities - Unhedged,IEQStock
0.0017359640330772141,POOL CORP,Growth,International Shares,Global Shares,Global Shares,Consumer Discretionary - 25,NASDAQ Stock Market,USD,United States,,World Large Blend Equity,International Equities - Unhedged,IEQStock
0.0007600055423250505,ALLIANT ENERGY CORP,Growth,International Shares,Global Shares,Global Shares,Utilities - 55,NASDAQ Stock Market,USD,United States,,World Large Blend Equity,International Equities - Unhedged,IEQStock
0.000666944540545384,UNITED AIRLINES HOLDINGS INC,Growth,International Shares,Global Shares,Global Shares,Industrials - 20,NASDAQ Stock Market,USD,United States,,World Large Blend Equity,International Equities - Unhedged,IEQStock
0.0008297060766241992,LKQ CORP,Growth,International Shares,Global Shares,Global Shares,Consumer Discretionary - 25,NASDAQ Stock Market,USD,United States,,World Large Blend Equity,International Equities - Unhedged,IEQStock
0.0011115843441807472,NORDSON CORP,Growth,International Shares,Global Shares,Global Shares,Industrials - 20,NASDAQ Stock Market,USD,United States,,World Large Blend Equity,International Equities - Unhedged,IEQStock
0.0007806204955978586,HOST HOTELS & RESORTS REIT INC,Growth,International Shares,Global Shares,Global Shares,Real Estate - 60,NASDAQ Stock Market,USD,United States,,World Large Blend Equity,International Equities - Unhedged,IEQStock
0.0004811438262828947,APA CORP,Growth,International Shares,Global Shares,Global Shares,Energy - 10,NASDAQ Stock Market,USD,United States,,World Large Blend Equity,International Equities - Unhedged,IEQStock
0.0005697676440063494,EVERGY INC,Growth,International Shares,Global Shares,Global Shares,Utilities - 55,NASDAQ Stock Market,USD,United States,,World Large Blend Equity,International Equities - Unhedged,IEQStock
0.002082912465364161,INSULET CORP,Growth,International Shares,Global Shares,Global Shares,Health Care - 35,NASDAQ Stock Market,USD,United States,,World Large Blend Equity,International Equities - Unhedged,IEQStock
0.0007497558584916048,VIATRIS INC,Growth,International Shares,Global Shares,Global Shares,Health Care - 35,NASDAQ Stock Market,USD,United States,,World Large Blend Equity,International Equities - Unhedged,IEQStock
0.012527237691114062,ENPHASE ENERGY INC,Growth,International Shares,Global Shares,Global Shares,Information Technology - 45,NASDAQ Stock Market,USD,United States,,World Large Blend Equity,International Equities - Unhedged,IEQStock
0.0012838498032075878,ZEBRA TECHNOLOGIES CORP CLASS A,Growth,International Shares,Global Shares,Global Shares,Information Technology - 45,NASDAQ Stock Market,USD,United States,,World Large Blend Equity,International Equities - Unhedged,IEQStock
0.0014270475809620368,GEN DIGITAL INC,Growth,International Shares,Global Shares,Global Shares,Information Technology - 45,NASDAQ Stock Market,USD,United States,,World Large Blend Equity,International Equities - Unhedged,IEQStock
0.0009838292370384061,TRIMBLE INC,Growth,International Shares,Global Shares,Global Shares,Information Technology - 45,NASDAQ Stock Market,USD,United States,,World Large Blend Equity,International Equities - Unhedged,IEQStock
0.0007695672732082755,JACK HENRY AND ASSOCIATES INC,Growth,International Shares,Global Shares,Global Shares,Financials - 40,NASDAQ Stock Market,USD,United States,,World Large Blend Equity,International Equities - Unhedged,IEQStock
0.000623790574743701,INCYTE CORP,Growth,International Shares,Global Shares,Global Shares,Health Care - 35,NASDAQ Stock Market,USD,United States,,World Large Blend Equity,International Equities - Unhedged,IEQStock
0.0006515437368863537,REGENCY CENTERS REIT CORP,Growth,International Shares,Global Shares,Global Shares,Real Estate - 60,NASDAQ Stock Market,USD,United States,,World Large Blend Equity,International Equities - Unhedged,IEQStock
0.0006557732802989912,CH ROBINSON WORLDWIDE INC,Growth,International Shares,Global Shares,Global Shares,Industrials - 20,NASDAQ Stock Market,USD,United States,,World Large Blend Equity,International Equities - Unhedged,IEQStock
0.0003946162323393532,CAESARS ENTERTAINMENT INC,Growth,International Shares,Global Shares,Global Shares,Consumer Discretionary - 25,NASDAQ Stock Market,USD,United States,,World Large Blend Equity,International Equities - Unhedged,IEQStock
0.0010909019001844405,BIO TECHNE CORP,Growth,International Shares,Global Shares,Global Shares,Health Care - 35,NASDAQ Stock Market,USD,United States,,World Large Blend Equity,International Equities - Unhedged,IEQStock
0.0007724586840859363,F5 INC,Growth,International Shares,Global Shares,Global Shares,Information Technology - 45,NASDAQ Stock Market,USD,United States,,World Large Blend Equity,International Equities - Unhedged,IEQStock
0.0003463563898821565,WYNN RESORTS LTD,Growth,International Shares,Global Shares,Global Shares,Consumer Discretionary - 25,NASDAQ Stock Market,USD,United States,,World Large Blend Equity,International Equities - Unhedged,IEQStock
0.0006279871569541165,QORVO INC,Growth,International Shares,Global Shares,Global Shares,Information Technology - 45,NASDAQ Stock Market,USD,United States,,World Large Blend Equity,International Equities - Unhedged,IEQStock
0.00045083459613026326,MATCH GROUP INC,Growth,International Shares,Global Shares,Global Shares,Communication Services - 50,NASDAQ Stock Market,USD,United States,,World Large Blend Equity,International Equities - Unhedged,IEQStock
0.0004068417002660069,HENRY SCHEIN INC,Growth,International Shares,Global Shares,Global Shares,Health Care - 35,NASDAQ Stock Market,USD,United States,,World Large Blend Equity,International Equities - Unhedged,IEQStock
0.0007329623797725331,MARKETAXESS HOLDINGS INC,Growth,International Shares,Global Shares,Global Shares,Financials - 40,NASDAQ Stock Market,USD,United States,,World Large Blend Equity,International Equities - Unhedged,IEQStock
0.0008565872468452994,NEWS CORP CLASS A,Growth,International Shares,Global Shares,Global Shares,Communication Services - 50,NASDAQ Stock Market,USD,United States,,World Large Blend Equity,International Equities - Unhedged,IEQStock
0.0003858058196542002,ETSY INC,Growth,International Shares,Global Shares,Global Shares,Consumer Discretionary - 25,NASDAQ Stock Market,USD,United States,,World Large Blend Equity,International Equities - Unhedged,IEQStock
0.00037697549319586597,FOX CORP CLASS A,Growth,International Shares,Global Shares,Global Shares,Communication Services - 50,NASDAQ Stock Market,USD,United States,,World Large Blend Equity,International Equities - Unhedged,IEQStock
0.00023626981791611347,PARAMOUNT GLOBAL CLASS B,Growth,International Shares,Global Shares,Global Shares,Communication Services - 50,NASDAQ Stock Market,USD,United States,,World Large Blend Equity,International Equities - Unhedged,IEQStock
0.00022216074367431487,DENTSPLY SIRONA INC,Growth,International Shares,Global Shares,Global Shares,Health Care - 35,NASDAQ Stock Market,USD,United States,,World Large Blend Equity,International Equities - Unhedged,IEQStock
0.000288190731210008,HASBRO INC,Growth,International Shares,Global Shares,Global Shares,Consumer Discretionary - 25,NASDAQ Stock Market,USD,United States,,World Large Blend Equity,International Equities - Unhedged,IEQStock
0.00045591522586746795,ZIONS BANCORPORATION,Growth,International Shares,Global Shares,Global Shares,Financials - 40,NASDAQ Stock Market,USD,United States,,World Large Blend Equity,International Equities - Unhedged,IEQStock
0.00017729800390723025,FOX CORP CLASS B,Growth,International Shares,Global Shares,Global Shares,Communication Services - 50,NASDAQ Stock Market,USD,United States,,World Large Blend Equity,International Equities - Unhedged,IEQStock
0.4953190493876231,MICROSOFT CORP,Growth,International Shares,Global Shares,Global Shares,Information Technology - 45,NASDAQ Stock Market,USD,United States,,World Large Blend Equity,International Equities - Unhedged,IEQStock
0.6908332536473195,APPLE INC,Growth,International Shares,Global Shares,Global Shares,Information Technology - 45,NASDAQ Stock Market,USD,United States,,World Large Blend Equity,International Equities - Unhedged,IEQStock
0.1496588602194481,AMAZON COM INC,Growth,International Shares,Global Shares,Global Shares,Consumer Discretionary - 25,NASDAQ Stock Market,USD,United States,,World Large Blend Equity,International Equities - Unhedged,IEQStock
2.2849605150332426,NVIDIA CORP,Growth,International Shares,Global Shares,Global Shares,Information Technology - 45,NASDAQ Stock Market,USD,United States,,World Large Blend Equity,International Equities - Unhedged,IEQStock
0.11976112968261522,ALPHABET INC CLASS A,Growth,International Shares,Global Shares,Global Shares,Communication Services - 50,NASDAQ Stock Market,USD,United States,,World Large Blend Equity,International Equities - Unhedged,IEQStock
0.1537027149113972,META PLATFORMS INC CLASS A,Growth,International Shares,Global Shares,Global Shares,Communication Services - 50,NASDAQ Stock Market,USD,United States,,World Large Blend Equity,International Equities - Unhedged,IEQStock
0.10411419702387052,ALPHABET INC CLASS C,Growth,International Shares,Global Shares,Global Shares,Communication Services - 50,NASDAQ Stock Market,USD,United States,,World Large Blend Equity,International Equities - Unhedged,IEQStock
0.3334776746025716,TESLA INC,Growth,International Shares,Global Shares,Global Shares,Consumer Discretionary - 25,NASDAQ Stock Market,USD,United States,,World Large Blend Equity,International Equities - Unhedged,IEQStock
0.12661188341132096,BROADCOM INC,Growth,International Shares,Global Shares,Global Shares,Information Technology - 45,NASDAQ Stock Market,USD,United States,,World Large Blend Equity,International Equities - Unhedged,IEQStock
0.024879033150307425,ADOBE INC,Growth,International Shares,Global Shares,Global Shares,Information Technology - 45,NASDAQ Stock Market,USD,United States,,World Large Blend Equity,International Equities - Unhedged,IEQStock
0.05865207184815316,COSTCO WHOLESALE CORP,Growth,International Shares,Global Shares,Global Shares,Consumer Staples - 30,NASDAQ Stock Market,USD,United States,,World Large Blend Equity,International Equities - Unhedged,IEQStock
0.01555371547556114,PEPSICO INC,Growth,International Shares,Global Shares,Global Shares,Consumer Staples - 30,NASDAQ Stock Market,USD,United States,,World Large Blend Equity,International Equities - Unhedged,IEQStock
0.011499930149483722,CISCO SYSTEMS INC,Growth,International Shares,Global Shares,Global Shares,Information Technology - 45,NASDAQ Stock Market,USD,United States,,World Large Blend Equity,International Equities - Unhedged,IEQStock
0.026705604970612855,NETFLIX INC,Growth,International Shares,Global Shares,Global Shares,Communication Services - 50,NASDAQ Stock Market,USD,United States,,World Large Blend Equity,International Equities - Unhedged,IEQStock
0.025552815408760032,LINDE PLC,Growth,International Shares,Global Shares,Global Shares,Materials - 15,NASDAQ Stock Market,USD,United States,,World Large Blend Equity,International Equities - Unhedged,IEQStock
0.0821427359528018,ADVANCED MICRO DEVICES INC,Growth,International Shares,Global Shares,Global Shares,Information Technology - 45,NASDAQ Stock Market,USD,United States,,World Large Blend Equity,International Equities - Unhedged,IEQStock
0.010066760074510949,COMCAST CORP CLASS A,Growth,International Shares,Global Shares,Global Shares,Communication Services - 50,NASDAQ Stock Market,USD,United States,,World Large Blend Equity,International Equities - Unhedged,IEQStock
0.0041718900820681415,INTEL CORPORATION CORP,Growth,International Shares,Global Shares,Global Shares,Information Technology - 45,NASDAQ Stock Market,USD,United States,,World Large Blend Equity,International Equities - Unhedged,IEQStock
0.012028815174506583,AMGEN INC,Growth,International Shares,Global Shares,Global Shares,Health Care - 35,NASDAQ Stock Market,USD,United States,,World Large Blend Equity,International Equities - Unhedged,IEQStock
0.023229005331465057,INTUIT INC,Growth,International Shares,Global Shares,Global Shares,Information Technology - 45,NASDAQ Stock Market,USD,United States,,World Large Blend Equity,International Equities - Unhedged,IEQStock
0.0198985468020928,QUALCOMM INC,Growth,International Shares,Global Shares,Global Shares,Information Technology - 45,NASDAQ Stock Market,USD,United States,,World Large Blend Equity,International Equities - Unhedged,IEQStock
0.014573657248867571,TEXAS INSTRUMENT INC,Growth,International Shares,Global Shares,Global Shares,Information Technology - 45,NASDAQ Stock Market,USD,United States,,World Large Blend Equity,International Equities - Unhedged,IEQStock
0.009164520156440563,HONEYWELL INTERNATIONAL INC,Growth,International Shares,Global Shares,Global Shares,Industrials - 20,NASDAQ Stock Market,USD,United States,,World Large Blend Equity,International Equities - Unhedged,IEQStock
0.03166047764332927,APPLIED MATERIAL INC,Growth,International Shares,Global Shares,Global Shares,Information Technology - 45,NASDAQ Stock Market,USD,United States,,World Large Blend Equity,International Equities - Unhedged,IEQStock
0.007307267454332845,STARBUCKS CORP,Growth,International Shares,Global Shares,Global Shares,Consumer Discretionary - 25,NASDAQ Stock Market,USD,United States,,World Large Blend Equity,International Equities - Unhedged,IEQStock
0.014528812037705507,BOOKING HOLDINGS INC,Growth,International Shares,Global Shares,Global Shares,Consumer Discretionary - 25,NASDAQ Stock Market,USD,United States,,World Large Blend Equity,International Equities - Unhedged,IEQStock
0.00658609162496107,GILEAD SCIENCES INC,Growth,International Shares,Global Shares,Global Shares,Health Care - 35,NASDAQ Stock Market,USD,United States,,World Large Blend Equity,International Equities - Unhedged,IEQStock
0.01632852639012979,INTUITIVE SURGICAL INC,Growth,International Shares,Global Shares,Global Shares,Health Care - 35,NASDAQ Stock Market,USD,United States,,World Large Blend Equity,International Equities - Unhedged,IEQStock
0.013834858625605502,VERTEX PHARMACEUTICALS INC,Growth,International Shares,Global Shares,Global Shares,Health Care - 35,NASDAQ Stock Market,USD,United States,,World Large Blend Equity,International Equities - Unhedged,IEQStock
0.007629378085430426,MONDELEZ INTERNATIONAL INC CLASS A,Growth,International Shares,Global Shares,Global Shares,Consumer Staples - 30,NASDAQ Stock Market,USD,United States,,World Large Blend Equity,International Equities - Unhedged,IEQStock
0.009444361389656705,AUTOMATIC DATA PROCESSING INC,Growth,International Shares,Global Shares,Global Shares,Industrials - 20,NASDAQ Stock Market,USD,United States,,World Large Blend Equity,International Equities - Unhedged,IEQStock
0.009608138984636909,REGENERON PHARMACEUTICALS INC,Growth,International Shares,Global Shares,Global Shares,Health Care - 35,NASDAQ Stock Market,USD,United States,,World Large Blend Equity,International Equities - Unhedged,IEQStock
0.02434992785073175,LAM RESEARCH CORP,Growth,International Shares,Global Shares,Global Shares,Information Technology - 45,NASDAQ Stock Market,USD,United States,,World Large Blend Equity,International Equities - Unhedged,IEQStock
0.010665471787805376,ANALOG DEVICES INC,Growth,International Shares,Global Shares,Global Shares,Information Technology - 45,NASDAQ Stock Market,USD,United States,,World Large Blend Equity,International Equities - Unhedged,IEQStock
0.012885641169029476,MICRON TECHNOLOGY INC,Growth,International Shares,Global Shares,Global Shares,Information Technology - 45,NASDAQ Stock Market,USD,United States,,World Large Blend Equity,International Equities - Unhedged,IEQStock
0.004215969215014434,CME GROUP INC CLASS A,Growth,International Shares,Global Shares,Global Shares,Financials - 40,NASDAQ Stock Market,USD,United States,,World Large Blend Equity,International Equities - Unhedged,IEQStock
0.013314912043192458,T MOBILE US INC,Growth,International Shares,Global Shares,Global Shares,Communication Services - 50,NASDAQ Stock Market,USD,United States,,World Large Blend Equity,International Equities - Unhedged,IEQStock
0.020664515106788798,SYNOPSYS INC,Growth,International Shares,Global Shares,Global Shares,Information Technology - 45,NASDAQ Stock Market,USD,United States,,World Large Blend Equity,International Equities - Unhedged,IEQStock
0.022524375359486485,PALO ALTO NETWORKS INC,Growth,International Shares,Global Shares,Global Shares,Information Technology - 45,NASDAQ Stock Market,USD,United States,,World Large Blend Equity,International Equities - Unhedged,IEQStock
0.008730039290247151,EQUINIX REIT INC,Growth,International Shares,Global Shares,Global Shares,Real Estate - 60,NASDAQ Stock Market,USD,United States,,World Large Blend Equity,International Equities - Unhedged,IEQStock
0.020391706892246567,CADENCE DESIGN SYSTEMS INC,Growth,International Shares,Global Shares,Global Shares,Information Technology - 45,NASDAQ Stock Market,USD,United States,,World Large Blend Equity,International Equities - Unhedged,IEQStock
0.025232815238828966,KLA CORP,Growth,International Shares,Global Shares,Global Shares,Information Technology - 45,NASDAQ Stock Market,USD,United States,,World Large Blend Equity,International Equities - Unhedged,IEQStock
0.0049260647451472355,CSX CORP,Growth,International Shares,Global Shares,Global Shares,Industrials - 20,NASDAQ Stock Market,USD,United States,,World Large Blend Equity,International Equities - Unhedged,IEQStock
0.0028598858919948894,PAYPAL HOLDINGS INC,Growth,International Shares,Global Shares,Global Shares,Financials - 40,NASDAQ Stock Market,USD,United States,,World Large Blend Equity,International Equities - Unhedged,IEQStock
0.008363831953657357,OREILLY AUTOMOTIVE INC,Growth,International Shares,Global Shares,Global Shares,Consumer Discretionary - 25,NASDAQ Stock Market,USD,United States,,World Large Blend Equity,International Equities - Unhedged,IEQStock
0.0049836440054769155,ROPER TECHNOLOGIES INC,Growth,International Shares,Global Shares,Global Shares,Information Technology - 45,NASDAQ Stock Market,USD,United States,,World Large Blend Equity,International Equities - Unhedged,IEQStock
0.0043201612195054575,AIRBNB INC CLASS A,Growth,International Shares,Global Shares,Global Shares,Consumer Discretionary - 25,NASDAQ Stock Market,USD,United States,,World Large Blend Equity,International Equities - Unhedged,IEQStock
0.005981855664907927,MARRIOTT INTERNATIONAL INC CLASS A,Growth,International Shares,Global Shares,Global Shares,Consumer Discretionary - 25,NASDAQ Stock Market,USD,United States,,World Large Blend Equity,International Equities - Unhedged,IEQStock
0.007992016646267228,NXP SEMICONDUCTORS NV,Growth,International Shares,Global Shares,Global Shares,Information Technology - 45,NASDAQ Stock Market,USD,United States,,World Large Blend Equity,International Equities - Unhedged,IEQStock
0.006118058409272403,LULULEMON ATHLETICA INC,Growth,International Shares,Global Shares,Global Shares,Consumer Discretionary - 25,NASDAQ Stock Market,USD,United States,,World Large Blend Equity,International Equities - Unhedged,IEQStock
0.011365086012811665,CINTAS CORP,Growth,International Shares,Global Shares,Global Shares,Industrials - 20,NASDAQ Stock Market,USD,United States,,World Large Blend Equity,International Equities - Unhedged,IEQStock
0.0043797802669206425,PACCAR INC,Growth,International Shares,Global Shares,Global Shares,Industrials - 20,NASDAQ Stock Market,USD,United States,,World Large Blend Equity,International Equities - Unhedged,IEQStock
0.005117430255919237,AUTODESK INC,Growth,International Shares,Global Shares,Global Shares,Information Technology - 45,NASDAQ Stock Market,USD,United States,,World Large Blend Equity,International Equities - Unhedged,IEQStock
0.002050887131398287,CHARTER COMMUNICATIONS INC CLASS A,Growth,International Shares,Global Shares,Global Shares,Communication Services - 50,NASDAQ Stock Market,USD,United States,,World Large Blend Equity,International Equities - Unhedged,IEQStock
0.0032955567564681666,ROSS STORES INC,Growth,International Shares,Global Shares,Global Shares,Consumer Discretionary - 25,NASDAQ Stock Market,USD,United States,,World Large Blend Equity,International Equities - Unhedged,IEQStock
0.004200469228781758,MONSTER BEVERAGE CORP,Growth,International Shares,Global Shares,Global Shares,Consumer Staples - 30,NASDAQ Stock Market,USD,United States,,World Large Blend Equity,International Equities - Unhedged,IEQStock
0.004367682298334161,MICROCHIP TECHNOLOGY INC,Growth,International Shares,Global Shares,Global Shares,Information Technology - 45,NASDAQ Stock Market,USD,United States,,World Large Blend Equity,International Equities - Unhedged,IEQStock
0.002592672473592646,AMERICAN ELECTRIC POWER INC,Growth,International Shares,Global Shares,Global Shares,Utilities - 55,NASDAQ Stock Market,USD,United States,,World Large Blend Equity,International Equities - Unhedged,IEQStock
0.0019216707024682193,COPART INC,Growth,International Shares,Global Shares,Global Shares,Industrials - 20,NASDAQ Stock Market,USD,United States,,World Large Blend Equity,International Equities - Unhedged,IEQStock
0.0019623177796748996,EXELON CORP,Growth,International Shares,Global Shares,Global Shares,Utilities - 55,NASDAQ Stock Market,USD,United States,,World Large Blend Equity,International Equities - Unhedged,IEQStock
0.012274978648271992,CONSTELLATION ENERGY CORP,Growth,International Shares,Global Shares,Global Shares,Utilities - 55,NASDAQ Stock Market,USD,United States,,World Large Blend Equity,International Equities - Unhedged,IEQStock
0.005037571993983422,DEXCOM INC,Growth,International Shares,Global Shares,Global Shares,Health Care - 35,NASDAQ Stock Market,USD,United States,,World Large Blend Equity,International Equities - Unhedged,IEQStock
0.0038150422340471864,PAYCHEX INC,Growth,International Shares,Global Shares,Global Shares,Industrials - 20,NASDAQ Stock Market,USD,United States,,World Large Blend Equity,International Equities - Unhedged,IEQStock
0.0009283430994973622,BIOGEN INC,Growth,International Shares,Global Shares,Global Shares,Health Care - 35,NASDAQ Stock Market,USD,United States,,World Large Blend Equity,International Equities - Unhedged,IEQStock
0.005234645642199084,OLD DOMINION FREIGHT LINE INC,Growth,International Shares,Global Shares,Global Shares,Industrials - 20,NASDAQ Stock Market,USD,United States,,World Large Blend Equity,International Equities - Unhedged,IEQStock
0.004292489092649185,IDEXX LABORATORIES INC,Growth,International Shares,Global Shares,Global Shares,Health Care - 35,NASDAQ Stock Market,USD,United States,,World Large Blend Equity,International Equities - Unhedged,IEQStock
0.0025204115249858115,BAKER HUGHES CLASS A,Growth,International Shares,Global Shares,Global Shares,Energy - 10,NASDAQ Stock Market,USD,United States,,World Large Blend Equity,International Equities - Unhedged,IEQStock
0.003595596797085043,VERISK ANALYTICS INC,Growth,International Shares,Global Shares,Global Shares,Industrials - 20,NASDAQ Stock Market,USD,United States,,World Large Blend Equity,International Equities - Unhedged,IEQStock
0.004870381891696922,FASTENAL,Growth,International Shares,Global Shares,Global Shares,Industrials - 20,NASDAQ Stock Market,USD,United States,,World Large Blend Equity,International Equities - Unhedged,IEQStock
0.0018865015462381106,COGNIZANT TECHNOLOGY SOLUTIONS COR,Growth,International Shares,Global Shares,Global Shares,Information Technology - 45,NASDAQ Stock Market,USD,United States,,World Large Blend Equity,International Equities - Unhedged,IEQStock
0.0021770699713484524,XCEL ENERGY INC,Growth,International Shares,Global Shares,Global Shares,Utilities - 55,NASDAQ Stock Market,USD,United States,,World Large Blend Equity,International Equities - Unhedged,IEQStock
0.009961786233574072,FORTINET INC,Growth,International Shares,Global Shares,Global Shares,Information Technology - 45,NASDAQ Stock Market,USD,United States,,World Large Blend Equity,International Equities - Unhedged,IEQStock
0.002728188721122563,ELECTRONIC ARTS INC,Growth,International Shares,Global Shares,Global Shares,Communication Services - 50,NASDAQ Stock Market,USD,United States,,World Large Blend Equity,International Equities - Unhedged,IEQStock
0.004606098801629947,ARCH CAPITAL GROUP LTD,Growth,International Shares,Global Shares,Global Shares,Financials - 40,NASDAQ Stock Market,USD,United States,,World Large Blend Equity,International Equities - Unhedged,IEQStock
0.003079390863704592,COSTAR GROUP INC,Growth,International Shares,Global Shares,Global Shares,Real Estate - 60,NASDAQ Stock Market,USD,United States,,World Large Blend Equity,International Equities - Unhedged,IEQStock
0.0013025942743867527,KEURIG DR PEPPER INC,Growth,International Shares,Global Shares,Global Shares,Consumer Staples - 30,NASDAQ Stock Market,USD,United States,,World Large Blend Equity,International Equities - Unhedged,IEQStock
0.006093143336561471,ON SEMICONDUCTOR CORP,Growth,International Shares,Global Shares,Global Shares,Information Technology - 45,NASDAQ Stock Market,USD,United States,,World Large Blend Equity,International Equities - Unhedged,IEQStock
0.0026137786267897275,DIAMONDBACK ENERGY INC,Growth,International Shares,Global Shares,Global Shares,Energy - 10,NASDAQ Stock Market,USD,United States,,World Large Blend Equity,International Equities - Unhedged,IEQStock
0.00290000393192072,CDW CORP,Growth,International Shares,Global Shares,Global Shares,Information Technology - 45,NASDAQ Stock Market,USD,United States,,World Large Blend Equity,International Equities - Unhedged,IEQStock
0.0037787395110679203,GE HEALTHCARE TECHNOLOGIES INC,Growth,International Shares,Global Shares,Global Shares,Health Care - 35,NASDAQ Stock Market,USD,United States,,World Large Blend Equity,International Equities - Unhedged,IEQStock
0.0011094676030017803,KRAFT HEINZ,Growth,International Shares,Global Shares,Global Shares,Consumer Staples - 30,NASDAQ Stock Market,USD,United States,,World Large Blend Equity,International Equities - Unhedged,IEQStock
0.0008375740493959658,WARNER BROS. DISCOVERY INC SERIES,Growth,International Shares,Global Shares,Global Shares,Communication Services - 50,NASDAQ Stock Market,USD,United States,,World Large Blend Equity,International Equities - Unhedged,IEQStock
0.002129859634006189,WILLIS TOWERS WATSON PLC,Growth,International Shares,Global Shares,Global Shares,Financials - 40,NASDAQ Stock Market,USD,United States,,World Large Blend Equity,International Equities - Unhedged,IEQStock
0.0031989926902665994,ANSYS INC,Growth,International Shares,Global Shares,Global Shares,Information Technology - 45,NASDAQ Stock Market,USD,United States,,World Large Blend Equity,International Equities - Unhedged,IEQStock
0.006350680008812702,MODERNA INC,Growth,International Shares,Global Shares,Global Shares,Health Care - 35,NASDAQ Stock Market,USD,United States,,World Large Blend Equity,International Equities - Unhedged,IEQStock
0.0008936890334993816,DOLLAR TREE INC,Growth,International Shares,Global Shares,Global Shares,Consumer Staples - 30,NASDAQ Stock Market,USD,United States,,World Large Blend Equity,International Equities - Unhedged,IEQStock
0.0017700066315806083,SBA COMMUNICATIONS REIT CORP CLASS,Growth,International Shares,Global Shares,Global Shares,Real Estate - 60,NASDAQ Stock Market,USD,United States,,World Large Blend Equity,International Equities - Unhedged,IEQStock
0.008156229604048763,MONOLITHIC POWER SYSTEMS INC,Growth,International Shares,Global Shares,Global Shares,Information Technology - 45,NASDAQ Stock Market,USD,United States,,World Large Blend Equity,International Equities - Unhedged,IEQStock
0.00219292193281709,EBAY INC,Growth,International Shares,Global Shares,Global Shares,Consumer Discretionary - 25,NASDAQ Stock Market,USD,United States,,World Large Blend Equity,International Equities - Unhedged,IEQStock
0.0016814614197305123,TAKE TWO INTERACTIVE SOFTWARE INC,Growth,International Shares,Global Shares,Global Shares,Communication Services - 50,NASDAQ Stock Market,USD,United States,,World Large Blend Equity,International Equities - Unhedged,IEQStock
0.0009880085408331537,APTIV PLC,Growth,International Shares,Global Shares,Global Shares,Consumer Discretionary - 25,New York Stock Exchange Inc.,USD,United States,,World Large Blend Equity,International Equities - Unhedged,IEQStock
0.0031425770255314204,DISCOVER FINANCIAL SERVICES,Growth,International Shares,Global Shares,Global Shares,Financials - 40,New York Stock Exchange Inc.,USD,United States,,World Large Blend Equity,International Equities - Unhedged,IEQStock
0.0015748796233962714,STATE STREET CORP,Growth,International Shares,Global Shares,Global Shares,Financials - 40,New York Stock Exchange Inc.,USD,United States,,World Large Blend Equity,International Equities - Unhedged,IEQStock
0.001686115018984447,CORNING INC,Growth,International Shares,Global Shares,Global Shares,Information Technology - 45,New York Stock Exchange Inc.,USD,United States,,World Large Blend Equity,International Equities - Unhedged,IEQStock
0.002344917581591704,BROADRIDGE FINANCIAL SOLUTIONS INC,Growth,International Shares,Global Shares,Global Shares,Industrials - 20,New York Stock Exchange Inc.,USD,United States,,World Large Blend Equity,International Equities - Unhedged,IEQStock
0.0010706693073410712,COTERRA ENERGY INC,Growth,International Shares,Global Shares,Global Shares,Energy - 10,New York Stock Exchange Inc.,USD,United States,,World Large Blend Equity,International Equities - Unhedged,IEQStock
0.001924796167858091,ENTERGY CORP,Growth,International Shares,Global Shares,Global Shares,Utilities - 55,New York Stock Exchange Inc.,USD,United States,,World Large Blend Equity,International Equities - Unhedged,IEQStock
0.0011911367025849813,AMEREN CORP,Growth,International Shares,Global Shares,Global Shares,Utilities - 55,New York Stock Exchange Inc.,USD,United States,,World Large Blend Equity,International Equities - Unhedged,IEQStock
0.0024652597564162352,MOLINA HEALTHCARE INC,Growth,International Shares,Global Shares,Global Shares,Health Care - 35,New York Stock Exchange Inc.,USD,United States,,World Large Blend Equity,International Equities - Unhedged,IEQStock
0.0015791785492907597,HEWLETT PACKARD ENTERPRISE,Growth,International Shares,Global Shares,Global Shares,Information Technology - 45,New York Stock Exchange Inc.,USD,United States,,World Large Blend Equity,International Equities - Unhedged,IEQStock
0.0014558373492673548,M&T BANK CORP,Growth,International Shares,Global Shares,Global Shares,Financials - 40,New York Stock Exchange Inc.,USD,United States,,World Large Blend Equity,International Equities - Unhedged,IEQStock
0.0009030591880611178,EVERSOURCE ENERGY,Growth,International Shares,Global Shares,Global Shares,Utilities - 55,New York Stock Exchange Inc.,USD,United States,,World Large Blend Equity,International Equities - Unhedged,IEQStock
0.002864094398034219,WESTINGHOUSE AIR BRAKE TECHNOLOGIE,Growth,International Shares,Global Shares,Global Shares,Industrials - 20,New York Stock Exchange Inc.,USD,United States,,World Large Blend Equity,International Equities - Unhedged,IEQStock
0.004019970629554286,NVR INC,Growth,International Shares,Global Shares,Global Shares,Consumer Discretionary - 25,New York Stock Exchange Inc.,USD,United States,,World Large Blend Equity,International Equities - Unhedged,IEQStock
0.004134373450038407,TARGA RESOURCES CORP,Growth,International Shares,Global Shares,Global Shares,Energy - 10,New York Stock Exchange Inc.,USD,United States,,World Large Blend Equity,International Equities - Unhedged,IEQStock
0.001025129640581861,PPL CORP,Growth,International Shares,Global Shares,Global Shares,Utilities - 55,New York Stock Exchange Inc.,USD,United States,,World Large Blend Equity,International Equities - Unhedged,IEQStock
0.0010654753166747023,GENUINE PARTS,Growth,International Shares,Global Shares,Global Shares,Consumer Discretionary - 25,New York Stock Exchange Inc.,USD,United States,,World Large Blend Equity,International Equities - Unhedged,IEQStock
0.006882609941112762,HOWMET AEROSPACE INC,Growth,International Shares,Global Shares,Global Shares,Industrials - 20,New York Stock Exchange Inc.,USD,United States,,World Large Blend Equity,International Equities - Unhedged,IEQStock
0.0017767059965213727,RAYMOND JAMES INC,Growth,International Shares,Global Shares,Global Shares,Financials - 40,New York Stock Exchange Inc.,USD,United States,,World Large Blend Equity,International Equities - Unhedged,IEQStock
0.0009936167350758675,FIRSTENERGY CORP,Growth,International Shares,Global Shares,Global Shares,Utilities - 55,New York Stock Exchange Inc.,USD,United States,,World Large Blend Equity,International Equities - Unhedged,IEQStock
0.0009508648257865332,EQUITY RESIDENTIAL REIT,Growth,International Shares,Global Shares,Global Shares,Real Estate - 60,New York Stock Exchange Inc.,USD,United States,,World Large Blend Equity,International Equities - Unhedged,IEQStock
0.0016113273962232594,LABORATORY CORPORATION OF AMERICA,Growth,International Shares,Global Shares,Global Shares,Health Care - 35,New York Stock Exchange Inc.,USD,United States,,World Large Blend Equity,International Equities - Unhedged,IEQStock
0.0006605100052604282,INTERNATIONAL FLAVORS & FRAGRANCES,Growth,International Shares,Global Shares,Global Shares,Materials - 15,New York Stock Exchange Inc.,USD,United States,,World Large Blend Equity,International Equities - Unhedged,IEQStock
0.0023801505789708675,DOVER CORP,Growth,International Shares,Global Shares,Global Shares,Industrials - 20,New York Stock Exchange Inc.,USD,United States,,World Large Blend Equity,International Equities - Unhedged,IEQStock
0.005334409014386683,PULTEGROUP INC,Growth,International Shares,Global Shares,Global Shares,Consumer Discretionary - 25,New York Stock Exchange Inc.,USD,United States,,World Large Blend Equity,International Equities - Unhedged,IEQStock
0.0013952280463726304,INVITATION HOMES INC,Growth,International Shares,Global Shares,Global Shares,Real Estate - 60,New York Stock Exchange Inc.,USD,United States,,World Large Blend Equity,International Equities - Unhedged,IEQStock
0.001429305774747943,DARDEN RESTAURANTS INC,Growth,International Shares,Global Shares,Global Shares,Consumer Discretionary - 25,New York Stock Exchange Inc.,USD,United States,,World Large Blend Equity,International Equities - Unhedged,IEQStock
0.0019612872295594924,TELEDYNE TECHNOLOGIES INC,Growth,International Shares,Global Shares,Global Shares,Information Technology - 45,New York Stock Exchange Inc.,USD,United States,,World Large Blend Equity,International Equities - Unhedged,IEQStock
0.0009969938224445524,VENTAS REIT INC,Growth,International Shares,Global Shares,Global Shares,Real Estate - 60,New York Stock Exchange Inc.,USD,United States,,World Large Blend Equity,International Equities - Unhedged,IEQStock
0.0027940602068506023,GARMIN LTD,Growth,International Shares,Global Shares,Global Shares,Consumer Discretionary - 25,New York Stock Exchange Inc.,USD,United States,,World Large Blend Equity,International Equities - Unhedged,IEQStock
0.0004837837843192575,BAXTER INTERNATIONAL INC,Growth,International Shares,Global Shares,Global Shares,Health Care - 35,New York Stock Exchange Inc.,USD,United States,,World Large Blend Equity,International Equities - Unhedged,IEQStock
0.0023254984171131674,TYLER TECHNOLOGIES INC,Growth,International Shares,Global Shares,Global Shares,Information Technology - 45,New York Stock Exchange Inc.,USD,United States,,World Large Blend Equity,International Equities - Unhedged,IEQStock
0.0034051555213517647,IRON MOUNTAIN INC,Growth,International Shares,Global Shares,Global Shares,Real Estate - 60,New York Stock Exchange Inc.,USD,United States,,World Large Blend Equity,International Equities - Unhedged,IEQStock
0.0015834888698410593,FLEETCOR TECHNOLOGIES INC,Growth,International Shares,Global Shares,Global Shares,Financials - 40,New York Stock Exchange Inc.,USD,United States,,World Large Blend Equity,International Equities - Unhedged,IEQStock
0.0009330255701869486,CENTERPOINT ENERGY INC,Growth,International Shares,Global Shares,Global Shares,Utilities - 55,New York Stock Exchange Inc.,USD,United States,,World Large Blend Equity,International Equities - Unhedged,IEQStock
0.0016188716753351379,FACTSET RESEARCH SYSTEMS INC,Growth,International Shares,Global Shares,Global Shares,Financials - 40,New York Stock Exchange Inc.,USD,United States,,World Large Blend Equity,International Equities - Unhedged,IEQStock
0.000996285865349273,JACOBS SOLUTIONS INC,Growth,International Shares,Global Shares,Global Shares,Industrials - 20,New York Stock Exchange Inc.,USD,United States,,World Large Blend Equity,International Equities - Unhedged,IEQStock
0.0027092524465037585,BROWN & BROWN INC,Growth,International Shares,Global Shares,Global Shares,Financials - 40,New York Stock Exchange Inc.,USD,United States,,World Large Blend Equity,International Equities - Unhedged,IEQStock
0.0011652076145473203,EVEREST GROUP LTD,Growth,International Shares,Global Shares,Global Shares,Financials - 40,New York Stock Exchange Inc.,USD,United States,,World Large Blend Equity,International Equities - Unhedged,IEQStock
0.0007339759397592255,CLOROX,Growth,International Shares,Global Shares,Global Shares,Consumer Staples - 30,New York Stock Exchange Inc.,USD,United States,,World Large Blend Equity,International Equities - Unhedged,IEQStock
0.0015588464078983963,EXPEDITORS INTERNATIONAL OF WASHIN,Growth,International Shares,Global Shares,Global Shares,Industrials - 20,New York Stock Exchange Inc.,USD,United States,,World Large Blend Equity,International Equities - Unhedged,IEQStock
0.0010680646208646167,ATMOS ENERGY CORP,Growth,International Shares,Global Shares,Global Shares,Utilities - 55,New York Stock Exchange Inc.,USD,United States,,World Large Blend Equity,International Equities - Unhedged,IEQStock
0.0004009551226893074,MCCORMICK & CO NON-VOTING INC,Growth,International Shares,Global Shares,Global Shares,Consumer Staples - 30,New York Stock Exchange Inc.,USD,United States,,World Large Blend Equity,International Equities - Unhedged,IEQStock
0.0010004222418936333,CMS ENERGY CORP,Growth,International Shares,Global Shares,Global Shares,Utilities - 55,New York Stock Exchange Inc.,USD,United States,,World Large Blend Equity,International Equities - Unhedged,IEQStock
0.0008885236511464028,LAS VEGAS SANDS CORP,Growth,International Shares,Global Shares,Global Shares,Consumer Discretionary - 25,New York Stock Exchange Inc.,USD,United States,,World Large Blend Equity,International Equities - Unhedged,IEQStock
0.000919497072163024,BALL CORP,Growth,International Shares,Global Shares,Global Shares,Materials - 15,New York Stock Exchange Inc.,USD,United States,,World Large Blend Equity,International Equities - Unhedged,IEQStock
0.001121882023889294,BUNGE GLOBAL SA,Growth,International Shares,Global Shares,Global Shares,Consumer Staples - 30,New York Stock Exchange Inc.,USD,United States,,World Large Blend Equity,International Equities - Unhedged,IEQStock
0.0008633906309835014,ALEXANDRIA REAL ESTATE EQUITIES RE,Growth,International Shares,Global Shares,Global Shares,Real Estate - 60,New York Stock Exchange Inc.,USD,United States,,World Large Blend Equity,International Equities - Unhedged,IEQStock
0.0015276874750360858,WATERS CORP,Growth,International Shares,Global Shares,Global Shares,Health Care - 35,New York Stock Exchange Inc.,USD,United States,,World Large Blend Equity,International Equities - Unhedged,IEQStock
0.001156477251158888,VERALTO CORP,Growth,International Shares,Global Shares,Global Shares,Industrials - 20,New York Stock Exchange Inc.,USD,United States,,World Large Blend Equity,International Equities - Unhedged,IEQStock
0.0012477616034976006,TEXTRON INC,Growth,International Shares,Global Shares,Global Shares,Industrials - 20,New York Stock Exchange Inc.,USD,United States,,World Large Blend Equity,International Equities - Unhedged,IEQStock
0.0009840201488996699,OMNICOM GROUP INC,Growth,International Shares,Global Shares,Global Shares,Communication Services - 50,New York Stock Exchange Inc.,USD,United States,,World Large Blend Equity,International Equities - Unhedged,IEQStock
0.0013485658885762492,CF INDUSTRIES HOLDINGS INC,Growth,International Shares,Global Shares,Global Shares,Materials - 15,New York Stock Exchange Inc.,USD,United States,,World Large Blend Equity,International Equities - Unhedged,IEQStock
0.0030673657786807703,HUBBELL INC,Growth,International Shares,Global Shares,Global Shares,Industrials - 20,New York Stock Exchange Inc.,USD,United States,,World Large Blend Equity,International Equities - Unhedged,IEQStock
0.001326775850281706,QUEST DIAGNOSTICS INC,Growth,International Shares,Global Shares,Global Shares,Health Care - 35,New York Stock Exchange Inc.,USD,United States,,World Large Blend Equity,International Equities - Unhedged,IEQStock
0.0012130432468881421,IDEX CORP,Growth,International Shares,Global Shares,Global Shares,Industrials - 20,New York Stock Exchange Inc.,USD,United States,,World Large Blend Equity,International Equities - Unhedged,IEQStock
0.0015912458039568382,REGIONS FINANCIAL CORP,Growth,International Shares,Global Shares,Global Shares,Financials - 40,New York Stock Exchange Inc.,USD,United States,,World Large Blend Equity,International Equities - Unhedged,IEQStock
0.0008770636236416951,ALBEMARLE CORP,Growth,International Shares,Global Shares,Global Shares,Materials - 15,New York Stock Exchange Inc.,USD,United States,,World Large Blend Equity,International Equities - Unhedged,IEQStock
0.0016445253072584027,AVERY DENNISON CORP,Growth,International Shares,Global Shares,Global Shares,Materials - 15,New York Stock Exchange Inc.,USD,United States,,World Large Blend Equity,International Equities - Unhedged,IEQStock
0.0011603590027717495,EPAM SYSTEMS INC,Growth,International Shares,Global Shares,Global Shares,Information Technology - 45,New York Stock Exchange Inc.,USD,United States,,World Large Blend Equity,International Equities - Unhedged,IEQStock
0.0016213427733645209,SNAP ON INC,Growth,International Shares,Global Shares,Global Shares,Industrials - 20,New York Stock Exchange Inc.,USD,United States,,World Large Blend Equity,International Equities - Unhedged,IEQStock
0.0024790492495349596,LEIDOS HOLDINGS INC,Growth,International Shares,Global Shares,Global Shares,Industrials - 20,New York Stock Exchange Inc.,USD,United States,,World Large Blend Equity,International Equities - Unhedged,IEQStock
0.0019573748025426703,PACKAGING CORP OF AMERICA,Growth,International Shares,Global Shares,Global Shares,Materials - 15,New York Stock Exchange Inc.,USD,United States,,World Large Blend Equity,International Equities - Unhedged,IEQStock
0.0004694640305119484,SOUTHWEST AIRLINES,Growth,International Shares,Global Shares,Global Shares,Industrials - 20,New York Stock Exchange Inc.,USD,United States,,World Large Blend Equity,International Equities - Unhedged,IEQStock
0.0011285148183498815,MID AMERICA APARTMENT COMMUNITIES,Growth,International Shares,Global Shares,Global Shares,Real Estate - 60,New York Stock Exchange Inc.,USD,United States,,World Large Blend Equity,International Equities - Unhedged,IEQStock
0.002001550641007925,WR BERKLEY CORP,Growth,International Shares,Global Shares,Global Shares,Financials - 40,New York Stock Exchange Inc.,USD,United States,,World Large Blend Equity,International Equities - Unhedged,IEQStock
0.0007536238722405531,LAMB WESTON HOLDINGS INC,Growth,International Shares,Global Shares,Global Shares,Consumer Staples - 30,New York Stock Exchange Inc.,USD,United States,,World Large Blend Equity,International Equities - Unhedged,IEQStock
0.0008260336690613846,ESSEX PROPERTY TRUST REIT INC,Growth,International Shares,Global Shares,Global Shares,Real Estate - 60,New York Stock Exchange Inc.,USD,United States,,World Large Blend Equity,International Equities - Unhedged,IEQStock
0.001009448779675252,KELLANOVA,Growth,International Shares,Global Shares,Global Shares,Consumer Staples - 30,New York Stock Exchange Inc.,USD,United States,,World Large Blend Equity,International Equities - Unhedged,IEQStock
0.0007829124576718026,TYSON FOODS INC CLASS A,Growth,International Shares,Global Shares,Global Shares,Consumer Staples - 30,New York Stock Exchange Inc.,USD,United States,,World Large Blend Equity,International Equities - Unhedged,IEQStock
0.0007103695186844425,AMCOR PLC,Growth,International Shares,Global Shares,Global Shares,Materials - 15,New York Stock Exchange Inc.,USD,United States,,World Large Blend Equity,International Equities - Unhedged,IEQStock
0.0005538527837926052,STANLEY BLACK & DECKER INC,Growth,International Shares,Global Shares,Global Shares,Industrials - 20,New York Stock Exchange Inc.,USD,United States,,World Large Blend Equity,International Equities - Unhedged,IEQStock
0.0007250859616096302,CONAGRA BRANDS INC,Growth,International Shares,Global Shares,Global Shares,Consumer Staples - 30,New York Stock Exchange Inc.,USD,United States,,World Large Blend Equity,International Equities - Unhedged,IEQStock
0.001190472816678112,DOMINOS PIZZA INC,Growth,International Shares,Global Shares,Global Shares,Consumer Discretionary - 25,New York Stock Exchange Inc.,USD,United States,,World Large Blend Equity,International Equities - Unhedged,IEQStock
0.0012184157721607913,BEST BUY CO INC,Growth,International Shares,Global Shares,Global Shares,Consumer Discretionary - 25,New York Stock Exchange Inc.,USD,United States,,World Large Blend Equity,International Equities - Unhedged,IEQStock
0.00031842467900617874,CARNIVAL CORP,Growth,International Shares,Global Shares,Global Shares,Consumer Discretionary - 25,New York Stock Exchange Inc.,USD,United States,,World Large Blend Equity,International Equities - Unhedged,IEQStock
0.00195009028653084,MASCO CORP,Growth,International Shares,Global Shares,Global Shares,Industrials - 20,New York Stock Exchange Inc.,USD,United States,,World Large Blend Equity,International Equities - Unhedged,IEQStock
0.0016771415247196682,SYNCHRONY FINANCIAL,Growth,International Shares,Global Shares,Global Shares,Financials - 40,New York Stock Exchange Inc.,USD,United States,,World Large Blend Equity,International Equities - Unhedged,IEQStock
0.001272890964815058,LIVE NATION ENTERTAINMENT INC,Growth,International Shares,Global Shares,Global Shares,Communication Services - 50,New York Stock Exchange Inc.,USD,United States,,World Large Blend Equity,International Equities - Unhedged,IEQStock
0.0010109377488758632,CITIZENS FINANCIAL GROUP INC,Growth,International Shares,Global Shares,Global Shares,Financials - 40,New York Stock Exchange Inc.,USD,United States,,World Large Blend Equity,International Equities - Unhedged,IEQStock
0.0009283187215274887,LOEWS CORP,Growth,International Shares,Global Shares,Global Shares,Financials - 40,New York Stock Exchange Inc.,CAD,Canada,,World Large Blend Equity,International Equities - Unhedged,IEQStock
0.0007762718185601766,INTERNATIONAL PAPER,Growth,International Shares,Global Shares,Global Shares,Materials - 15,New York Stock Exchange Inc.,USD,United States,,World Large Blend Equity,International Equities - Unhedged,IEQStock
0.0006497722642383745,JM SMUCKER,Growth,International Shares,Global Shares,Global Shares,Consumer Staples - 30,New York Stock Exchange Inc.,USD,United States,,World Large Blend Equity,International Equities - Unhedged,IEQStock
0.0009990801673853682,CELANESE CORP,Growth,International Shares,Global Shares,Global Shares,Materials - 15,New York Stock Exchange Inc.,USD,United States,,World Large Blend Equity,International Equities - Unhedged,IEQStock
0.0008703148735782879,KIMCO REALTY REIT CORP,Growth,International Shares,Global Shares,Global Shares,Real Estate - 60,New York Stock Exchange Inc.,USD,United States,,World Large Blend Equity,International Equities - Unhedged,IEQStock
0.0007626764176663153,INTERPUBLIC GROUP OF COMPANIES INC,Growth,International Shares,Global Shares,Global Shares,Communication Services - 50,New York Stock Exchange Inc.,USD,United States,,World Large Blend Equity,International Equities - Unhedged,IEQStock
0.000519065892535696,MOLSON COORS BREWING CLASS B,Growth,International Shares,Global Shares,Global Shares,Consumer Staples - 30,New York Stock Exchange Inc.,USD,United States,,World Large Blend Equity,International Equities - Unhedged,IEQStock
0.000610301712178813,AES CORP,Growth,International Shares,Global Shares,Global Shares,Utilities - 55,New York Stock Exchange Inc.,USD,United States,,World Large Blend Equity,International Equities - Unhedged,IEQStock
0.0005351705679933942,BROWN FORMAN CORP CLASS B,Growth,International Shares,Global Shares,Global Shares,Consumer Staples - 30,New York Stock Exchange Inc.,USD,United States,,World Large Blend Equity,International Equities - Unhedged,IEQStock
0.0008133445544028955,MGM RESORTS INTERNATIONAL,Growth,International Shares,Global Shares,Global Shares,Consumer Discretionary - 25,New York Stock Exchange Inc.,USD,United States,,World Large Blend Equity,International Equities - Unhedged,IEQStock
0.001051972421009602,ROLLINS INC,Growth,International Shares,Global Shares,Global Shares,Industrials - 20,New York Stock Exchange Inc.,USD,United States,,World Large Blend Equity,International Equities - Unhedged,IEQStock
0.0004928726317092047,MOSAIC,Growth,International Shares,Global Shares,Global Shares,Materials - 15,New York Stock Exchange Inc.,USD,United States,,World Large Blend Equity,International Equities - Unhedged,IEQStock
0.0008079487650485505,REVVITY INC,Growth,International Shares,Global Shares,Global Shares,Health Care - 35,New York Stock Exchange Inc.,USD,United States,,World Large Blend Equity,International Equities - Unhedged,IEQStock
0.0006246070574873616,KEYCORP,Growth,International Shares,Global Shares,Global Shares,Financials - 40,New York Stock Exchange Inc.,USD,United States,,World Large Blend Equity,International Equities - Unhedged,IEQStock
0.0012217025233945593,NRG ENERGY INC,Growth,International Shares,Global Shares,Global Shares,Utilities - 55,New York Stock Exchange Inc.,USD,United States,,World Large Blend Equity,International Equities - Unhedged,IEQStock
0.0007422720738130155,NISOURCE INC,Growth,International Shares,Global Shares,Global Shares,Utilities - 55,New York Stock Exchange Inc.,USD,United States,,World Large Blend Equity,International Equities - Unhedged,IEQStock
0.0011009090174923736,CERIDIAN HCM HOLDING INC,Growth,International Shares,Global Shares,Global Shares,Industrials - 20,New York Stock Exchange Inc.,USD,United States,,World Large Blend Equity,International Equities - Unhedged,IEQStock
0.000617497952531983,CARMAX INC,Growth,International Shares,Global Shares,Global Shares,Consumer Discretionary - 25,New York Stock Exchange Inc.,USD,United States,,World Large Blend Equity,International Equities - Unhedged,IEQStock
0.0014040790680756436,PENTAIR,Growth,International Shares,Global Shares,Global Shares,Industrials - 20,New York Stock Exchange Inc.,USD,United States,,World Large Blend Equity,International Equities - Unhedged,IEQStock
0.000758319532861365,GLOBE LIFE INC,Growth,International Shares,Global Shares,Global Shares,Financials - 40,New York Stock Exchange Inc.,USD,United States,,World Large Blend Equity,International Equities - Unhedged,IEQStock
0.0005698850721661441,UDR REIT INC,Growth,International Shares,Global Shares,Global Shares,Real Estate - 60,New York Stock Exchange Inc.,USD,United States,,World Large Blend Equity,International Equities - Unhedged,IEQStock
0.00041628466126622505,TELEFLEX INC,Growth,International Shares,Global Shares,Global Shares,Health Care - 35,New York Stock Exchange Inc.,USD,United States,,World Large Blend Equity,International Equities - Unhedged,IEQStock
0.0007529411654537892,WESTROCK,Growth,International Shares,Global Shares,Global Shares,Materials - 15,New York Stock Exchange Inc.,USD,United States,,World Large Blend Equity,International Equities - Unhedged,IEQStock
0.00025538051745503605,HORMEL FOODS CORP,Growth,International Shares,Global Shares,Global Shares,Consumer Staples - 30,New York Stock Exchange Inc.,USD,United States,,World Large Blend Equity,International Equities - Unhedged,IEQStock
0.0008444138173959097,CHARLES RIVER LABORATORIES INTERNA,Growth,International Shares,Global Shares,Global Shares,Health Care - 35,New York Stock Exchange Inc.,USD,United States,,World Large Blend Equity,International Equities - Unhedged,IEQStock
0.0005201267589206846,HUNTINGTON INGALLS INDUSTRIES INC,Growth,International Shares,Global Shares,Global Shares,Industrials - 20,New York Stock Exchange Inc.,USD,United States,,World Large Blend Equity,International Equities - Unhedged,IEQStock
0.0007037920997018252,CAMDEN PROPERTY TRUST REIT,Growth,International Shares,Global Shares,Global Shares,Real Estate - 60,New York Stock Exchange Inc.,USD,United States,,World Large Blend Equity,International Equities - Unhedged,IEQStock
0.0007692665062339246,EASTMAN CHEMICAL,Growth,International Shares,Global Shares,Global Shares,Materials - 15,New York Stock Exchange Inc.,USD,United States,,World Large Blend Equity,International Equities - Unhedged,IEQStock
0.0004279484229975177,HEALTHPEAK PROPERTIES INC,Growth,International Shares,Global Shares,Global Shares,Real Estate - 60,New York Stock Exchange Inc.,USD,United States,,World Large Blend Equity,International Equities - Unhedged,IEQStock
0.0009374829825553296,ALLEGION PLC,Growth,International Shares,Global Shares,Global Shares,Industrials - 20,New York Stock Exchange Inc.,USD,United States,,World Large Blend Equity,International Equities - Unhedged,IEQStock
0.0006274989846312612,A O SMITH CORP,Growth,International Shares,Global Shares,Global Shares,Industrials - 20,New York Stock Exchange Inc.,USD,United States,,World Large Blend Equity,International Equities - Unhedged,IEQStock
0.0005157471780312621,JUNIPER NETWORKS INC,Growth,International Shares,Global Shares,Global Shares,Information Technology - 45,New York Stock Exchange Inc.,USD,United States,,World Large Blend Equity,International Equities - Unhedged,IEQStock
0.0007647003631073597,ASSURANT INC,Growth,International Shares,Global Shares,Global Shares,Financials - 40,New York Stock Exchange Inc.,USD,United States,,World Large Blend Equity,International Equities - Unhedged,IEQStock
0.0006090472452038567,PAYCOM SOFTWARE INC,Growth,International Shares,Global Shares,Global Shares,Industrials - 20,New York Stock Exchange Inc.,USD,United States,,World Large Blend Equity,International Equities - Unhedged,IEQStock
0.0003677099156869899,PINNACLE WEST CORP,Growth,International Shares,Global Shares,Global Shares,Utilities - 55,New York Stock Exchange Inc.,USD,United States,,World Large Blend Equity,International Equities - Unhedged,IEQStock
0.0006253669241630748,UNIVERSAL HEALTH SERVICES INC CLAS,Growth,International Shares,Global Shares,Global Shares,Health Care - 35,New York Stock Exchange Inc.,USD,United States,,World Large Blend Equity,International Equities - Unhedged,IEQStock
0.00038305944218958274,BOSTON PROPERTIES REIT INC,Growth,International Shares,Global Shares,Global Shares,Real Estate - 60,New York Stock Exchange Inc.,USD,United States,,World Large Blend Equity,International Equities - Unhedged,IEQStock
0.00042483062596038125,ROBERT HALF,Growth,International Shares,Global Shares,Global Shares,Industrials - 20,New York Stock Exchange Inc.,USD,United States,,World Large Blend Equity,International Equities - Unhedged,IEQStock
0.0005310068549754674,CAMPBELL SOUP,Growth,International Shares,Global Shares,Global Shares,Consumer Staples - 30,New York Stock Exchange Inc.,USD,United States,,World Large Blend Equity,International Equities - Unhedged,IEQStock
0.00034538066073377694,BORGWARNER INC,Growth,International Shares,Global Shares,Global Shares,Consumer Discretionary - 25,New York Stock Exchange Inc.,USD,United States,,World Large Blend Equity,International Equities - Unhedged,IEQStock
0.0005916689013007535,BATH AND BODY WORKS INC,Growth,International Shares,Global Shares,Global Shares,Consumer Discretionary - 25,New York Stock Exchange Inc.,USD,United States,,World Large Blend Equity,International Equities - Unhedged,IEQStock
0.00033501811355145385,FEDERAL REALTY INVESTMENT TRUST RE,Growth,International Shares,Global Shares,Global Shares,Real Estate - 60,New York Stock Exchange Inc.,USD,United States,,World Large Blend Equity,International Equities - Unhedged,IEQStock
0.0002498424938442315,FRANKLIN RESOURCES INC,Growth,International Shares,Global Shares,Global Shares,Financials - 40,New York Stock Exchange Inc.,USD,United States,,World Large Blend Equity,International Equities - Unhedged,IEQStock
0.00036220489456814073,FMC CORP,Growth,International Shares,Global Shares,Global Shares,Materials - 15,New York Stock Exchange Inc.,USD,United States,,World Large Blend Equity,International Equities - Unhedged,IEQStock
0.0011884036981903144,GENERAC HOLDINGS INC,Growth,International Shares,Global Shares,Global Shares,Industrials - 20,New York Stock Exchange Inc.,USD,United States,,World Large Blend Equity,International Equities - Unhedged,IEQStock
0.0005016068001569544,TAPESTRY INC,Growth,International Shares,Global Shares,Global Shares,Consumer Discretionary - 25,New York Stock Exchange Inc.,USD,United States,,World Large Blend Equity,International Equities - Unhedged,IEQStock
0.0005503199231288245,BIO RAD LABORATORIES INC CLASS A,Growth,International Shares,Global Shares,Global Shares,Health Care - 35,New York Stock Exchange Inc.,USD,United States,,World Large Blend Equity,International Equities - Unhedged,IEQStock
0.0006705365660232682,CATALENT INC,Growth,International Shares,Global Shares,Global Shares,Health Care - 35,New York Stock Exchange Inc.,USD,United States,,World Large Blend Equity,International Equities - Unhedged,IEQStock
0.00034556310011653,WHIRLPOOL CORP,Growth,International Shares,Global Shares,Global Shares,Consumer Discretionary - 25,New York Stock Exchange Inc.,USD,United States,,World Large Blend Equity,International Equities - Unhedged,IEQStock
0.0003695681979644487,INVESCO LTD,Growth,International Shares,Global Shares,Global Shares,Financials - 40,New York Stock Exchange Inc.,USD,United States,,World Large Blend Equity,International Equities - Unhedged,IEQStock
0.00021327705922028666,NORWEGIAN CRUISE LINE HOLDINGS LTD,Growth,International Shares,Global Shares,Global Shares,Consumer Discretionary - 25,New York Stock Exchange Inc.,USD,United States,,World Large Blend Equity,International Equities - Unhedged,IEQStock
0.0003309139317733415,COMERICA INC,Growth,International Shares,Global Shares,Global Shares,Financials - 40,New York Stock Exchange Inc.,USD,United States,,World Large Blend Equity,International Equities - Unhedged,IEQStock
5.48349304771792e-05,VF CORP,Growth,International Shares,Global Shares,Global Shares,Consumer Discretionary - 25,New York Stock Exchange Inc.,USD,United States,,World Large Blend Equity,International Equities - Unhedged,IEQStock
0.00034126650689996266,RALPH LAUREN CORP CLASS A,Growth,International Shares,Global Shares,Global Shares,Consumer Discretionary - 25,New York Stock Exchange Inc.,USD,United States,,World Large Blend Equity,International Equities - Unhedged,IEQStock
0.00020479182989151435,MOHAWK INDUSTRIES INC,Growth,International Shares,Global Shares,Global Shares,Consumer Discretionary - 25,New York Stock Exchange Inc.,USD,United States,,World Large Blend Equity,International Equities - Unhedged,IEQStock
0.0004846625233285711,DAVITA INC,Growth,International Shares,Global Shares,Global Shares,Health Care - 35,New York Stock Exchange Inc.,USD,United States,,World Large Blend Equity,International Equities - Unhedged,IEQStock
0.001033767410479532,MELROSE INDUSTRIES PLC,Growth,International Shares,Global Shares,Global Shares,Energy - 10,New York Stock Exchange Inc.,USD,United States,,World Large Blend Equity,International Equities - Unhedged,IEQStock
0.001380281106988882,EQT,Growth,International Shares,Global Shares,Global Shares,Energy - 10,New York Stock Exchange Inc.,USD,United States,,World Large Blend Equity,International Equities - Unhedged,IEQStock
0.02979116161829902,BERKSHIRE HATHAWAY INC CLASS B,Growth,International Shares,Global Shares,Global Shares,Financials - 40,New York Stock Exchange Inc.,USD,United States,,World Large Blend Equity,International Equities - Unhedged,IEQStock
0.05012204947057275,UNITEDHEALTH GROUP INC,Growth,International Shares,Global Shares,Global Shares,Health Care - 35,New York Stock Exchange Inc.,USD,United States,,World Large Blend Equity,International Equities - Unhedged,IEQStock
0.15859672094330052,ELI LILLY,Growth,International Shares,Global Shares,Global Shares,Health Care - 35,New York Stock Exchange Inc.,USD,United States,,World Large Blend Equity,International Equities - Unhedged,IEQStock
0.030855972392366055,EXXON MOBIL CORP,Growth,International Shares,Global Shares,Global Shares,Energy - 10,New York Stock Exchange Inc.,USD,United States,,World Large Blend Equity,International Equities - Unhedged,IEQStock
0.05028627584637843,JPMORGAN CHASE & CO,Growth,International Shares,Global Shares,Global Shares,Financials - 40,New York Stock Exchange Inc.,USD,United States,,World Large Blend Equity,International Equities - Unhedged,IEQStock
0.04075689496807974,VISA INC CLASS A,Growth,International Shares,Global Shares,Global Shares,Financials - 40,New York Stock Exchange Inc.,USD,United States,,World Large Blend Equity,International Equities - Unhedged,IEQStock
0.021434924185395835,JOHNSON & JOHNSON,Growth,International Shares,Global Shares,Global Shares,Health Care - 35,New York Stock Exchange Inc.,USD,United States,,World Large Blend Equity,International Equities - Unhedged,IEQStock
0.02788995429306838,PROCTER & GAMBLE,Growth,International Shares,Global Shares,Global Shares,Consumer Staples - 30,New York Stock Exchange Inc.,USD,United States,,World Large Blend Equity,International Equities - Unhedged,IEQStock
0.0411005553288786,MASTERCARD INC CLASS A,Growth,International Shares,Global Shares,Global Shares,Financials - 40,New York Stock Exchange Inc.,USD,United States,,World Large Blend Equity,International Equities - Unhedged,IEQStock
0.03556555292607653,HOME DEPOT INC,Growth,International Shares,Global Shares,Global Shares,Consumer Discretionary - 25,New York Stock Exchange Inc.,USD,United States,,World Large Blend Equity,International Equities - Unhedged,IEQStock
0.018511237061679685,MERCK & CO INC,Growth,International Shares,Global Shares,Global Shares,Health Care - 35,New York Stock Exchange Inc.,USD,United States,,World Large Blend Equity,International Equities - Unhedged,IEQStock
0.01586200910833766,CHEVRON CORP,Growth,International Shares,Global Shares,Global Shares,Energy - 10,New York Stock Exchange Inc.,USD,United States,,World Large Blend Equity,International Equities - Unhedged,IEQStock
0.02801054777590859,ABBVIE INC,Growth,International Shares,Global Shares,Global Shares,Health Care - 35,New York Stock Exchange Inc.,USD,United States,,World Large Blend Equity,International Equities - Unhedged,IEQStock
0.026365939581670886,WALMART INC,Growth,International Shares,Global Shares,Global Shares,Consumer Staples - 30,New York Stock Exchange Inc.,USD,United States,,World Large Blend Equity,International Equities - Unhedged,IEQStock
0.014271140040978408,COCA-COLA,Growth,International Shares,Global Shares,Global Shares,Consumer Staples - 30,New York Stock Exchange Inc.,USD,United States,,World Large Blend Equity,International Equities - Unhedged,IEQStock
0.02390635259660409,SALESFORCE INC,Growth,International Shares,Global Shares,Global Shares,Information Technology - 45,New York Stock Exchange Inc.,USD,United States,,World Large Blend Equity,International Equities - Unhedged,IEQStock
0.02311990576187921,ACCENTURE PLC CLASS A,Growth,International Shares,Global Shares,Global Shares,Information Technology - 45,New York Stock Exchange Inc.,USD,United States,,World Large Blend Equity,International Equities - Unhedged,IEQStock
0.015553343315011476,MCDONALDS CORP,Growth,International Shares,Global Shares,Global Shares,Consumer Discretionary - 25,New York Stock Exchange Inc.,USD,United States,,World Large Blend Equity,International Equities - Unhedged,IEQStock
0.01786348992592735,BANK OF AMERICA CORP,Growth,International Shares,Global Shares,Global Shares,Financials - 40,New York Stock Exchange Inc.,USD,United States,,World Large Blend Equity,International Equities - Unhedged,IEQStock
0.022645543242631152,THERMO FISHER SCIENTIFIC INC,Growth,International Shares,Global Shares,Global Shares,Health Care - 35,New York Stock Exchange Inc.,USD,United States,,World Large Blend Equity,International Equities - Unhedged,IEQStock
0.004857607810529377,PFIZER INC,Growth,International Shares,Global Shares,Global Shares,Health Care - 35,New York Stock Exchange Inc.,USD,United States,,World Large Blend Equity,International Equities - Unhedged,IEQStock
0.027189072925123566,ORACLE CORP,Growth,International Shares,Global Shares,Global Shares,Information Technology - 45,New York Stock Exchange Inc.,USD,United States,,World Large Blend Equity,International Equities - Unhedged,IEQStock
0.013700822436431632,ABBOTT LABORATORIES,Growth,International Shares,Global Shares,Global Shares,Health Care - 35,New York Stock Exchange Inc.,USD,United States,,World Large Blend Equity,International Equities - Unhedged,IEQStock
0.00657334828443658,WALT DISNEY,Growth,International Shares,Global Shares,Global Shares,Communication Services - 50,New York Stock Exchange Inc.,USD,United States,,World Large Blend Equity,International Equities - Unhedged,IEQStock
0.005614626504685049,VERIZON COMMUNICATIONS INC,Growth,International Shares,Global Shares,Global Shares,Communication Services - 50,New York Stock Exchange Inc.,USD,United States,,World Large Blend Equity,International Equities - Unhedged,IEQStock
0.011309659325359116,WELLS FARGO,Growth,International Shares,Global Shares,Global Shares,Financials - 40,New York Stock Exchange Inc.,USD,United States,,World Large Blend Equity,International Equities - Unhedged,IEQStock
0.01311980292472228,PHILIP MORRIS INTERNATIONAL INC,Growth,International Shares,Global Shares,Global Shares,Consumer Staples - 30,New York Stock Exchange Inc.,USD,United States,,World Large Blend Equity,International Equities - Unhedged,IEQStock
0.011186487634997891,CONOCOPHILLIPS,Growth,International Shares,Global Shares,Global Shares,Energy - 10,New York Stock Exchange Inc.,USD,United States,,World Large Blend Equity,International Equities - Unhedged,IEQStock
0.012003922313640876,INTERNATIONAL BUSINESS MACHINES CO,Growth,International Shares,Global Shares,Global Shares,Information Technology - 45,New York Stock Exchange Inc.,USD,United States,,World Large Blend Equity,International Equities - Unhedged,IEQStock
0.005938429330717205,NIKE INC CLASS B,Growth,International Shares,Global Shares,Global Shares,Consumer Discretionary - 25,New York Stock Exchange Inc.,USD,United States,,World Large Blend Equity,International Equities - Unhedged,IEQStock
0.018657302861528252,DANAHER CORP,Growth,International Shares,Global Shares,Global Shares,Health Care - 35,New York Stock Exchange Inc.,USD,United States,,World Large Blend Equity,International Equities - Unhedged,IEQStock
0.011081266058225188,UNION PACIFIC CORP,Growth,International Shares,Global Shares,Global Shares,Industrials - 20,New York Stock Exchange Inc.,USD,United States,,World Large Blend Equity,International Equities - Unhedged,IEQStock
0.033651217594575566,SERVICENOW INC,Growth,International Shares,Global Shares,Global Shares,Information Technology - 45,New York Stock Exchange Inc.,USD,United States,,World Large Blend Equity,International Equities - Unhedged,IEQStock
0.017648570368376366,S&P GLOBAL INC,Growth,International Shares,Global Shares,Global Shares,Financials - 40,New York Stock Exchange Inc.,USD,United States,,World Large Blend Equity,International Equities - Unhedged,IEQStock
0.02937792739567894,GENERAL ELECTRIC,Growth,International Shares,Global Shares,Global Shares,Industrials - 20,New York Stock Exchange Inc.,USD,United States,,World Large Blend Equity,International Equities - Unhedged,IEQStock
0.012567360697146458,RTX CORP,Growth,International Shares,Global Shares,Global Shares,Industrials - 20,New York Stock Exchange Inc.,USD,United States,,World Large Blend Equity,International Equities - Unhedged,IEQStock
0.019541150355361324,CATERPILLAR INC,Growth,International Shares,Global Shares,Global Shares,Industrials - 20,New York Stock Exchange Inc.,USD,United States,,World Large Blend Equity,International Equities - Unhedged,IEQStock
0.010410713531402114,NEXTERA ENERGY INC,Growth,International Shares,Global Shares,Global Shares,Utilities - 55,New York Stock Exchange Inc.,USD,United States,,World Large Blend Equity,International Equities - Unhedged,IEQStock
0.015677192013159535,LOWES COMPANIES INC,Growth,International Shares,Global Shares,Global Shares,Consumer Discretionary - 25,New York Stock Exchange Inc.,USD,United States,,World Large Blend Equity,International Equities - Unhedged,IEQStock
0.004976324385339792,BRISTOL MYERS SQUIBB,Growth,International Shares,Global Shares,Global Shares,Health Care - 35,New York Stock Exchange Inc.,USD,United States,,World Large Blend Equity,International Equities - Unhedged,IEQStock
0.002642904657995684,BOEING,Growth,International Shares,Global Shares,Global Shares,Industrials - 20,New York Stock Exchange Inc.,USD,United States,,World Large Blend Equity,International Equities - Unhedged,IEQStock
0.007716803536836412,ELEVANCE HEALTH INC,Growth,International Shares,Global Shares,Global Shares,Health Care - 35,New York Stock Exchange Inc.,USD,United States,,World Large Blend Equity,International Equities - Unhedged,IEQStock
0.017694084432413538,GOLDMAN SACHS GROUP INC,Growth,International Shares,Global Shares,Global Shares,Financials - 40,New York Stock Exchange Inc.,USD,United States,,World Large Blend Equity,International Equities - Unhedged,IEQStock
0.011717691884019962,TJX INC,Growth,International Shares,Global Shares,Global Shares,Consumer Discretionary - 25,New York Stock Exchange Inc.,USD,United States,,World Large Blend Equity,International Equities - Unhedged,IEQStock
0.007110987986515342,UNITED PARCEL SERVICE INC CLASS B,Growth,International Shares,Global Shares,Global Shares,Industrials - 20,New York Stock Exchange Inc.,USD,United States,,World Large Blend Equity,International Equities - Unhedged,IEQStock
0.009300879505145465,LOCKHEED MARTIN CORP,Growth,International Shares,Global Shares,Global Shares,Industrials - 20,New York Stock Exchange Inc.,USD,United States,,World Large Blend Equity,International Equities - Unhedged,IEQStock
0.013066458002541598,DEERE,Growth,International Shares,Global Shares,Global Shares,Industrials - 20,New York Stock Exchange Inc.,USD,United States,,World Large Blend Equity,International Equities - Unhedged,IEQStock
0.005076059849786198,MEDTRONIC PLC,Growth,International Shares,Global Shares,Global Shares,Health Care - 35,New York Stock Exchange Inc.,USD,United States,,World Large Blend Equity,International Equities - Unhedged,IEQStock
0.015167665424190097,MORGAN STANLEY,Growth,International Shares,Global Shares,Global Shares,Financials - 40,New York Stock Exchange Inc.,USD,United States,,World Large Blend Equity,International Equities - Unhedged,IEQStock
0.01063615536871455,PROLOGIS REIT INC,Growth,International Shares,Global Shares,Global Shares,Real Estate - 60,New York Stock Exchange Inc.,USD,United States,,World Large Blend Equity,International Equities - Unhedged,IEQStock
0.01171594259313965,MARSH & MCLENNAN INC,Growth,International Shares,Global Shares,Global Shares,Financials - 40,New York Stock Exchange Inc.,USD,United States,,World Large Blend Equity,International Equities - Unhedged,IEQStock
0.010136657791843268,STRYKER CORP,Growth,International Shares,Global Shares,Global Shares,Health Care - 35,New York Stock Exchange Inc.,USD,United States,,World Large Blend Equity,International Equities - Unhedged,IEQStock
0.017760720979911132,PROGRESSIVE CORP,Growth,International Shares,Global Shares,Global Shares,Financials - 40,New York Stock Exchange Inc.,USD,United States,,World Large Blend Equity,International Equities - Unhedged,IEQStock
0.01247434274439634,BLACKROCK INC,Growth,International Shares,Global Shares,Global Shares,Financials - 40,New York Stock Exchange Inc.,USD,United States,,World Large Blend Equity,International Equities - Unhedged,IEQStock
0.00399678975306047,CVS HEALTH CORP,Growth,International Shares,Global Shares,Global Shares,Health Care - 35,New York Stock Exchange Inc.,USD,United States,,World Large Blend Equity,International Equities - Unhedged,IEQStock
0.008970950563001477,CHUBB LTD,Growth,International Shares,Global Shares,Global Shares,Financials - 40,New York Stock Exchange Inc.,USD,United States,,World Large Blend Equity,International Equities - Unhedged,IEQStock
0.013647343752782088,AMERICAN EXPRESS,Growth,International Shares,Global Shares,Global Shares,Financials - 40,New York Stock Exchange Inc.,USD,United States,,World Large Blend Equity,International Equities - Unhedged,IEQStock
0.006801348254321355,CIGNA,Growth,International Shares,Global Shares,Global Shares,Health Care - 35,New York Stock Exchange Inc.,USD,United States,,World Large Blend Equity,International Equities - Unhedged,IEQStock
0.006020203172490408,AMERICAN TOWER REIT CORP,Growth,International Shares,Global Shares,Global Shares,Real Estate - 60,New York Stock Exchange Inc.,USD,United States,,World Large Blend Equity,International Equities - Unhedged,IEQStock
0.020675101096689418,EATON PLC,Growth,International Shares,Global Shares,Global Shares,Industrials - 20,New York Stock Exchange Inc.,USD,United States,,World Large Blend Equity,International Equities - Unhedged,IEQStock
0.007606205096141372,CHARLES SCHWAB CORP,Growth,International Shares,Global Shares,Global Shares,Financials - 40,New York Stock Exchange Inc.,USD,United States,,World Large Blend Equity,International Equities - Unhedged,IEQStock
0.0057170525476599255,CITIGROUP INC,Growth,International Shares,Global Shares,Global Shares,Financials - 40,New York Stock Exchange Inc.,USD,United States,,World Large Blend Equity,International Equities - Unhedged,IEQStock
0.008202445184787062,ZOETIS INC CLASS A,Growth,International Shares,Global Shares,Global Shares,Health Care - 35,New York Stock Exchange Inc.,USD,United States,,World Large Blend Equity,International Equities - Unhedged,IEQStock
0.008906486044658745,BOSTON SCIENTIFIC CORP,Growth,International Shares,Global Shares,Global Shares,Health Care - 35,New York Stock Exchange Inc.,USD,United States,,World Large Blend Equity,International Equities - Unhedged,IEQStock
0.0035661227041500396,SCHLUMBERGER NV,Growth,International Shares,Global Shares,Global Shares,Energy - 10,New York Stock Exchange Inc.,USD,United States,,World Large Blend Equity,International Equities - Unhedged,IEQStock
0.007394744416872427,SOUTHERN,Growth,International Shares,Global Shares,Global Shares,Utilities - 55,New York Stock Exchange Inc.,USD,United States,,World Large Blend Equity,International Equities - Unhedged,IEQStock
0.003411892690013905,BECTON DICKINSON,Growth,International Shares,Global Shares,Global Shares,Health Care - 35,New York Stock Exchange Inc.,USD,United States,,World Large Blend Equity,International Equities - Unhedged,IEQStock
0.009607485486897726,FISERV INC,Growth,International Shares,Global Shares,Global Shares,Financials - 40,New York Stock Exchange Inc.,USD,United States,,World Large Blend Equity,International Equities - Unhedged,IEQStock
0.0035406425374595674,ALTRIA GROUP INC,Growth,International Shares,Global Shares,Global Shares,Consumer Staples - 30,New York Stock Exchange Inc.,USD,United States,,World Large Blend Equity,International Equities - Unhedged,IEQStock
0.004705554114330445,EOG RESOURCES INC,Growth,International Shares,Global Shares,Global Shares,Energy - 10,New York Stock Exchange Inc.,USD,United States,,World Large Blend Equity,International Equities - Unhedged,IEQStock
0.022084837308744745,BLACKSTONE INC,Growth,International Shares,Global Shares,Global Shares,Financials - 40,New York Stock Exchange Inc.,USD,United States,,World Large Blend Equity,International Equities - Unhedged,IEQStock
0.00452719704610436,DUKE ENERGY CORP,Growth,International Shares,Global Shares,Global Shares,Utilities - 55,New York Stock Exchange Inc.,USD,United States,,World Large Blend Equity,International Equities - Unhedged,IEQStock
0.006303398788312097,NORTHROP GRUMMAN CORP,Growth,International Shares,Global Shares,Global Shares,Industrials - 20,New York Stock Exchange Inc.,USD,United States,,World Large Blend Equity,International Equities - Unhedged,IEQStock
0.006753510909724668,AON PLC CLASS A,Growth,International Shares,Global Shares,Global Shares,Financials - 40,New York Stock Exchange Inc.,USD,United States,,World Large Blend Equity,International Equities - Unhedged,IEQStock
0.006618784760452241,ILLINOIS TOOL INC,Growth,International Shares,Global Shares,Global Shares,Industrials - 20,New York Stock Exchange Inc.,USD,United States,,World Large Blend Equity,International Equities - Unhedged,IEQStock
0.006923144207858749,WASTE MANAGEMENT INC,Growth,International Shares,Global Shares,Global Shares,Industrials - 20,New York Stock Exchange Inc.,USD,United States,,World Large Blend Equity,International Equities - Unhedged,IEQStock
0.004774664991834108,COLGATE-PALMOLIVE,Growth,International Shares,Global Shares,Global Shares,Consumer Staples - 30,New York Stock Exchange Inc.,USD,United States,,World Large Blend Equity,International Equities - Unhedged,IEQStock
0.006644127212079586,INTERCONTINENTAL EXCHANGE INC,Growth,International Shares,Global Shares,Global Shares,Financials - 40,New York Stock Exchange Inc.,USD,United States,,World Large Blend Equity,International Equities - Unhedged,IEQStock
0.012934574666883974,MCKESSON CORP,Growth,International Shares,Global Shares,Global Shares,Health Care - 35,New York Stock Exchange Inc.,USD,United States,,World Large Blend Equity,International Equities - Unhedged,IEQStock
0.0022476885811615805,HUMANA INC,Growth,International Shares,Global Shares,Global Shares,Health Care - 35,New York Stock Exchange Inc.,USD,United States,,World Large Blend Equity,International Equities - Unhedged,IEQStock
0.008783766861081368,SHERWIN WILLIAMS,Growth,International Shares,Global Shares,Global Shares,Materials - 15,New York Stock Exchange Inc.,USD,United States,,World Large Blend Equity,International Equities - Unhedged,IEQStock
0.00659622142383989,MARATHON PETROLEUM CORP,Growth,International Shares,Global Shares,Global Shares,Energy - 10,New York Stock Exchange Inc.,USD,United States,,World Large Blend Equity,International Equities - Unhedged,IEQStock
0.017279761833088988,CHIPOTLE MEXICAN GRILL INC,Growth,International Shares,Global Shares,Global Shares,Consumer Discretionary - 25,New York Stock Exchange Inc.,USD,United States,,World Large Blend Equity,International Equities - Unhedged,IEQStock
0.005191423944513791,AIR PRODUCTS AND CHEMICALS INC,Growth,International Shares,Global Shares,Global Shares,Materials - 15,New York Stock Exchange Inc.,USD,United States,,World Large Blend Equity,International Equities - Unhedged,IEQStock
0.004239523802232412,FEDEX CORP,Growth,International Shares,Global Shares,Global Shares,Industrials - 20,New York Stock Exchange Inc.,USD,United States,,World Large Blend Equity,International Equities - Unhedged,IEQStock
0.004632601910934576,GENERAL DYNAMICS CORP,Growth,International Shares,Global Shares,Global Shares,Industrials - 20,New York Stock Exchange Inc.,USD,United States,,World Large Blend Equity,International Equities - Unhedged,IEQStock
0.005229518979192566,PIONEER NATURAL RESOURCE,Growth,International Shares,Global Shares,Global Shares,Energy - 10,New York Stock Exchange Inc.,USD,United States,,World Large Blend Equity,International Equities - Unhedged,IEQStock
0.003205831777349574,US BANCORP,Growth,International Shares,Global Shares,Global Shares,Financials - 40,New York Stock Exchange Inc.,USD,United States,,World Large Blend Equity,International Equities - Unhedged,IEQStock
0.004907457606762924,ARISTA NETWORKS INC,Growth,International Shares,Global Shares,Global Shares,Information Technology - 45,New York Stock Exchange Inc.,USD,United States,,World Large Blend Equity,International Equities - Unhedged,IEQStock
0.008675350225680693,MOODYS CORP,Growth,International Shares,Global Shares,Global Shares,Financials - 40,New York Stock Exchange Inc.,USD,United States,,World Large Blend Equity,International Equities - Unhedged,IEQStock
0.00816738741608927,ARTHUR J GALLAGHER,Growth,International Shares,Global Shares,Global Shares,Financials - 40,New York Stock Exchange Inc.,USD,United States,,World Large Blend Equity,International Equities - Unhedged,IEQStock
0.011375984498594692,PARKER-HANNIFIN CORP,Growth,International Shares,Global Shares,Global Shares,Industrials - 20,New York Stock Exchange Inc.,USD,United States,,World Large Blend Equity,International Equities - Unhedged,IEQStock
0.002154625767440429,3M,Growth,International Shares,Global Shares,Global Shares,Industrials - 20,New York Stock Exchange Inc.,USD,United States,,World Large Blend Equity,International Equities - Unhedged,IEQStock
0.0064797949173831665,TARGET CORP,Growth,International Shares,Global Shares,Global Shares,Consumer Staples - 30,New York Stock Exchange Inc.,USD,United States,,World Large Blend Equity,International Equities - Unhedged,IEQStock
0.009058390105330272,MOTOROLA SOLUTIONS INC,Growth,International Shares,Global Shares,Global Shares,Information Technology - 45,New York Stock Exchange Inc.,USD,United States,,World Large Blend Equity,International Equities - Unhedged,IEQStock
0.003783776916454054,PHILLIPS,Growth,International Shares,Global Shares,Global Shares,Energy - 10,New York Stock Exchange Inc.,USD,United States,,World Large Blend Equity,International Equities - Unhedged,IEQStock
0.008263636119573325,AMPHENOL CORP CLASS A,Growth,International Shares,Global Shares,Global Shares,Information Technology - 45,New York Stock Exchange Inc.,USD,United States,,World Large Blend Equity,International Equities - Unhedged,IEQStock
0.010133762788923402,TRANE TECHNOLOGIES PLC,Growth,International Shares,Global Shares,Global Shares,Industrials - 20,New York Stock Exchange Inc.,USD,United States,,World Large Blend Equity,International Equities - Unhedged,IEQStock
0.012057171973821272,TRANSDIGM GROUP INC,Growth,International Shares,Global Shares,Global Shares,Industrials - 20,New York Stock Exchange Inc.,USD,United States,,World Large Blend Equity,International Equities - Unhedged,IEQStock
0.011912337539834356,FREEPORT MCMORAN INC,Growth,International Shares,Global Shares,Global Shares,Materials - 15,New York Stock Exchange Inc.,USD,United States,,World Large Blend Equity,International Equities - Unhedged,IEQStock
0.004525527591857248,EMERSON ELECTRIC,Growth,International Shares,Global Shares,Global Shares,Industrials - 20,New York Stock Exchange Inc.,USD,United States,,World Large Blend Equity,International Equities - Unhedged,IEQStock
0.007043128623435964,AUTOZONE INC,Growth,International Shares,Global Shares,Global Shares,Consumer Discretionary - 25,New York Stock Exchange Inc.,USD,United States,,World Large Blend Equity,International Equities - Unhedged,IEQStock
0.004596670679571984,PNC FINANCIAL SERVICES GROUP INC,Growth,International Shares,Global Shares,Global Shares,Financials - 40,New York Stock Exchange Inc.,USD,United States,,World Large Blend Equity,International Equities - Unhedged,IEQStock
0.007198911618924044,HCA HEALTHCARE INC,Growth,International Shares,Global Shares,Global Shares,Health Care - 35,New York Stock Exchange Inc.,USD,United States,,World Large Blend Equity,International Equities - Unhedged,IEQStock
0.0016495781767269133,SEMPRA,Growth,International Shares,Global Shares,Global Shares,Utilities - 55,New York Stock Exchange Inc.,USD,United States,,World Large Blend Equity,International Equities - Unhedged,IEQStock
0.0041216688588409075,AMERICAN INTERNATIONAL GROUP INC,Growth,International Shares,Global Shares,Global Shares,Financials - 40,New York Stock Exchange Inc.,USD,United States,,World Large Blend Equity,International Equities - Unhedged,IEQStock
0.004159850500143503,WELLTOWER INC,Growth,International Shares,Global Shares,Global Shares,Real Estate - 60,New York Stock Exchange Inc.,USD,United States,,World Large Blend Equity,International Equities - Unhedged,IEQStock
0.003569934538835552,ECOLAB INC,Growth,International Shares,Global Shares,Global Shares,Materials - 15,New York Stock Exchange Inc.,USD,United States,,World Large Blend Equity,International Equities - Unhedged,IEQStock
0.0038836636977371292,NORFOLK SOUTHERN CORP,Growth,International Shares,Global Shares,Global Shares,Industrials - 20,New York Stock Exchange Inc.,USD,United States,,World Large Blend Equity,International Equities - Unhedged,IEQStock
0.004513357924253146,AFLAC INC,Growth,International Shares,Global Shares,Global Shares,Financials - 40,New York Stock Exchange Inc.,USD,United States,,World Large Blend Equity,International Equities - Unhedged,IEQStock
0.0033964021739153797,VALERO ENERGY CORP,Growth,International Shares,Global Shares,Global Shares,Energy - 10,New York Stock Exchange Inc.,USD,United States,,World Large Blend Equity,International Equities - Unhedged,IEQStock
0.004660554954091505,WILLIAMS INC,Growth,International Shares,Global Shares,Global Shares,Energy - 10,New York Stock Exchange Inc.,USD,United States,,World Large Blend Equity,International Equities - Unhedged,IEQStock
0.003717946396678834,CARRIER GLOBAL CORP,Growth,International Shares,Global Shares,Global Shares,Industrials - 20,New York Stock Exchange Inc.,USD,United States,,World Large Blend Equity,International Equities - Unhedged,IEQStock
0.0021181568071885057,CROWN CASTLE INC,Growth,International Shares,Global Shares,Global Shares,Real Estate - 60,New York Stock Exchange Inc.,USD,United States,,World Large Blend Equity,International Equities - Unhedged,IEQStock
0.007001939181484869,HILTON WORLDWIDE HOLDINGS INC,Growth,International Shares,Global Shares,Global Shares,Consumer Discretionary - 25,New York Stock Exchange Inc.,USD,United States,,World Large Blend Equity,International Equities - Unhedged,IEQStock
0.0021007898022704814,KIMBERLY CLARK CORP,Growth,International Shares,Global Shares,Global Shares,Consumer Staples - 30,New York Stock Exchange Inc.,USD,United States,,World Large Blend Equity,International Equities - Unhedged,IEQStock
0.002304618386086408,TRUIST FINANCIAL CORP,Growth,International Shares,Global Shares,Global Shares,Financials - 40,New York Stock Exchange Inc.,USD,United States,,World Large Blend Equity,International Equities - Unhedged,IEQStock
0.002575462100148271,EDWARDS LIFESCIENCES CORP,Growth,International Shares,Global Shares,Global Shares,Health Care - 35,New York Stock Exchange Inc.,USD,United States,,World Large Blend Equity,International Equities - Unhedged,IEQStock
0.005012786921155664,CAPITAL ONE FINANCIAL CORP,Growth,International Shares,Global Shares,Global Shares,Financials - 40,New York Stock Exchange Inc.,USD,United States,,World Large Blend Equity,International Equities - Unhedged,IEQStock
0.0028794275208367352,FORD MOTOR CO,Growth,International Shares,Global Shares,Global Shares,Consumer Discretionary - 25,New York Stock Exchange Inc.,USD,United States,,World Large Blend Equity,International Equities - Unhedged,IEQStock
0.001456359136179401,OCCIDENTAL PETROLEUM CORP,Growth,International Shares,Global Shares,Global Shares,Energy - 10,New York Stock Exchange Inc.,USD,United States,,World Large Blend Equity,International Equities - Unhedged,IEQStock
0.0059234242949973755,HESS CORP,Growth,International Shares,Global Shares,Global Shares,Energy - 10,New York Stock Exchange Inc.,USD,United States,,World Large Blend Equity,International Equities - Unhedged,IEQStock
0.0076016183072303255,MSCI INC,Growth,International Shares,Global Shares,Global Shares,Financials - 40,New York Stock Exchange Inc.,USD,United States,,World Large Blend Equity,International Equities - Unhedged,IEQStock
0.0034771534942114593,TE CONNECTIVITY LTD,Growth,International Shares,Global Shares,Global Shares,Information Technology - 45,New York Stock Exchange Inc.,USD,United States,,World Large Blend Equity,International Equities - Unhedged,IEQStock
0.0036213846597959133,PUBLIC STORAGE REIT,Growth,International Shares,Global Shares,Global Shares,Real Estate - 60,New York Stock Exchange Inc.,USD,United States,,World Large Blend Equity,International Equities - Unhedged,IEQStock
0.0025772397364018486,CONSTELLATION BRANDS INC CLASS A,Growth,International Shares,Global Shares,Global Shares,Consumer Staples - 30,New York Stock Exchange Inc.,USD,United States,,World Large Blend Equity,International Equities - Unhedged,IEQStock
0.0035191663912184376,GENERAL MOTORS,Growth,International Shares,Global Shares,Global Shares,Consumer Discretionary - 25,New York Stock Exchange Inc.,USD,United States,,World Large Blend Equity,International Equities - Unhedged,IEQStock
0.004029955976337962,TRAVELERS COMPANIES INC,Growth,International Shares,Global Shares,Global Shares,Financials - 40,New York Stock Exchange Inc.,USD,United States,,World Large Blend Equity,International Equities - Unhedged,IEQStock
0.0019265522388647188,CENTENE CORP,Growth,International Shares,Global Shares,Global Shares,Health Care - 35,New York Stock Exchange Inc.,USD,United States,,World Large Blend Equity,International Equities - Unhedged,IEQStock
0.002984037591557816,DIGITAL REALTY TRUST REIT INC,Growth,International Shares,Global Shares,Global Shares,Real Estate - 60,New York Stock Exchange Inc.,USD,United States,,World Large Blend Equity,International Equities - Unhedged,IEQStock
0.0021635415875943527,ARCHER DANIELS MIDLAND,Growth,International Shares,Global Shares,Global Shares,Consumer Staples - 30,New York Stock Exchange Inc.,USD,United States,,World Large Blend Equity,International Equities - Unhedged,IEQStock
0.0014860856530064738,DOMINION ENERGY INC,Growth,International Shares,Global Shares,Global Shares,Utilities - 55,New York Stock Exchange Inc.,USD,United States,,World Large Blend Equity,International Equities - Unhedged,IEQStock
0.002804491657170229,GENERAL MILLS INC,Growth,International Shares,Global Shares,Global Shares,Consumer Staples - 30,New York Stock Exchange Inc.,USD,United States,,World Large Blend Equity,International Equities - Unhedged,IEQStock
0.0037477580895820648,METLIFE INC,Growth,International Shares,Global Shares,Global Shares,Financials - 40,New York Stock Exchange Inc.,USD,United States,,World Large Blend Equity,International Equities - Unhedged,IEQStock
0.0021550821773260067,SIMON PROPERTY GROUP REIT INC,Growth,International Shares,Global Shares,Global Shares,Real Estate - 60,New York Stock Exchange Inc.,USD,United States,,World Large Blend Equity,International Equities - Unhedged,IEQStock
0.0032034182687581698,ONEOK INC,Growth,International Shares,Global Shares,Global Shares,Energy - 10,New York Stock Exchange Inc.,USD,United States,,World Large Blend Equity,International Equities - Unhedged,IEQStock
0.005372157981936627,NUCOR CORP,Growth,International Shares,Global Shares,Global Shares,Materials - 15,New York Stock Exchange Inc.,USD,United States,,World Large Blend Equity,International Equities - Unhedged,IEQStock
0.009567871312780425,D R HORTON INC,Growth,International Shares,Global Shares,Global Shares,Consumer Discretionary - 25,New York Stock Exchange Inc.,USD,United States,,World Large Blend Equity,International Equities - Unhedged,IEQStock
0.0031605141572557073,IQVIA HOLDINGS INC,Growth,International Shares,Global Shares,Global Shares,Health Care - 35,New York Stock Exchange Inc.,USD,United States,,World Large Blend Equity,International Equities - Unhedged,IEQStock
0.0019033967721898276,REALTY INCOME REIT CORP,Growth,International Shares,Global Shares,Global Shares,Real Estate - 60,New York Stock Exchange Inc.,USD,United States,,World Large Blend Equity,International Equities - Unhedged,IEQStock
0.0022908930363224815,YUM BRANDS INC,Growth,International Shares,Global Shares,Global Shares,Consumer Discretionary - 25,New York Stock Exchange Inc.,USD,United States,,World Large Blend Equity,International Equities - Unhedged,IEQStock
0.0035042419121906043,CORTEVA INC,Growth,International Shares,Global Shares,Global Shares,Materials - 15,New York Stock Exchange Inc.,USD,United States,,World Large Blend Equity,International Equities - Unhedged,IEQStock
0.0015187577376315634,PG&E CORP,Growth,International Shares,Global Shares,Global Shares,Utilities - 55,New York Stock Exchange Inc.,USD,United States,,World Large Blend Equity,International Equities - Unhedged,IEQStock
0.0028560621472604694,BANK OF NEW YORK MELLON CORP,Growth,International Shares,Global Shares,Global Shares,Financials - 40,New York Stock Exchange Inc.,USD,United States,,World Large Blend Equity,International Equities - Unhedged,IEQStock
0.004545490266994547,JOHNSON CONTROLS INTERNATIONAL PLC,Growth,International Shares,Global Shares,Global Shares,Industrials - 20,New York Stock Exchange Inc.,USD,United States,,World Large Blend Equity,International Equities - Unhedged,IEQStock
0.003278478639632385,L3HARRIS TECHNOLOGIES INC,Growth,International Shares,Global Shares,Global Shares,Industrials - 20,New York Stock Exchange Inc.,USD,United States,,World Large Blend Equity,International Equities - Unhedged,IEQStock
0.006307132166492947,WW GRAINGER INC,Growth,International Shares,Global Shares,Global Shares,Industrials - 20,New York Stock Exchange Inc.,USD,United States,,World Large Blend Equity,International Equities - Unhedged,IEQStock
0.008722368000829797,AMERIPRISE FINANCE INC,Growth,International Shares,Global Shares,Global Shares,Financials - 40,New York Stock Exchange Inc.,USD,United States,,World Large Blend Equity,International Equities - Unhedged,IEQStock
0.002133792680481261,SYSCO CORP,Growth,International Shares,Global Shares,Global Shares,Consumer Staples - 30,New York Stock Exchange Inc.,USD,United States,,World Large Blend Equity,International Equities - Unhedged,IEQStock
0.0017688569798345025,DOW INC,Growth,International Shares,Global Shares,Global Shares,Materials - 15,New York Stock Exchange Inc.,USD,United States,,World Large Blend Equity,International Equities - Unhedged,IEQStock
0.0014894036817858535,HALLIBURTON,Growth,International Shares,Global Shares,Global Shares,Energy - 10,New York Stock Exchange Inc.,USD,United States,,World Large Blend Equity,International Equities - Unhedged,IEQStock
0.004026787849485651,ALLSTATE CORP,Growth,International Shares,Global Shares,Global Shares,Financials - 40,New York Stock Exchange Inc.,USD,United States,,World Large Blend Equity,International Equities - Unhedged,IEQStock
0.004347890593312673,AMETEK INC,Growth,International Shares,Global Shares,Global Shares,Industrials - 20,New York Stock Exchange Inc.,USD,United States,,World Large Blend Equity,International Equities - Unhedged,IEQStock
0.0007979240619192776,KENVUE INC,Growth,International Shares,Global Shares,Global Shares,Consumer Staples - 30,New York Stock Exchange Inc.,USD,United States,,World Large Blend Equity,International Equities - Unhedged,IEQStock
0.0020081677268818177,OTIS WORLDWIDE CORP,Growth,International Shares,Global Shares,Global Shares,Industrials - 20,New York Stock Exchange Inc.,USD,United States,,World Large Blend Equity,International Equities - Unhedged,IEQStock
0.004921841896891208,CENCORA INC,Growth,International Shares,Global Shares,Global Shares,Health Care - 35,New York Stock Exchange Inc.,USD,United States,,World Large Blend Equity,International Equities - Unhedged,IEQStock
0.0034457583001110646,AGILENT TECHNOLOGIES INC,Growth,International Shares,Global Shares,Global Shares,Health Care - 35,New York Stock Exchange Inc.,USD,United States,,World Large Blend Equity,International Equities - Unhedged,IEQStock
0.002558588555450282,KINDER MORGAN INC,Growth,International Shares,Global Shares,Global Shares,Energy - 10,New York Stock Exchange Inc.,USD,United States,,World Large Blend Equity,International Equities - Unhedged,IEQStock
0.0039196702434961435,REPUBLIC SERVICES INC,Growth,International Shares,Global Shares,Global Shares,Industrials - 20,New York Stock Exchange Inc.,USD,United States,,World Large Blend Equity,International Equities - Unhedged,IEQStock
0.0011115895370090965,DUPONT DE NEMOURS INC,Growth,International Shares,Global Shares,Global Shares,Materials - 15,New York Stock Exchange Inc.,USD,United States,,World Large Blend Equity,International Equities - Unhedged,IEQStock
0.005609609555887325,GARTNER INC,Growth,International Shares,Global Shares,Global Shares,Information Technology - 45,New York Stock Exchange Inc.,USD,United States,,World Large Blend Equity,International Equities - Unhedged,IEQStock
0.003952276681794189,CUMMINS INC,Growth,International Shares,Global Shares,Global Shares,Industrials - 20,New York Stock Exchange Inc.,USD,United States,,World Large Blend Equity,International Equities - Unhedged,IEQStock
0.0024514684982280773,PUBLIC SERVICE ENTERPRISE GROUP IN,Growth,International Shares,Global Shares,Global Shares,Utilities - 55,New York Stock Exchange Inc.,USD,United States,,World Large Blend Equity,International Equities - Unhedged,IEQStock
0.0018978513635069217,CONSOLIDATED EDISON INC,Growth,International Shares,Global Shares,Global Shares,Utilities - 55,New York Stock Exchange Inc.,USD,United States,,World Large Blend Equity,International Equities - Unhedged,IEQStock
0.006983903487563199,LENNAR A CORP,Growth,International Shares,Global Shares,Global Shares,Consumer Discretionary - 25,New York Stock Exchange Inc.,USD,United States,,World Large Blend Equity,International Equities - Unhedged,IEQStock
0.0014048032772797866,FIDELITY NATIONAL INFORMATION SERV,Growth,International Shares,Global Shares,Global Shares,Financials - 40,New York Stock Exchange Inc.,USD,United States,,World Large Blend Equity,International Equities - Unhedged,IEQStock
0.001955318090624764,PPG INDUSTRIES INC,Growth,International Shares,Global Shares,Global Shares,Materials - 15,New York Stock Exchange Inc.,USD,United States,,World Large Blend Equity,International Equities - Unhedged,IEQStock
0.01272751845712035,UNITED RENTALS INC,Growth,International Shares,Global Shares,Global Shares,Industrials - 20,New York Stock Exchange Inc.,USD,United States,,World Large Blend Equity,International Equities - Unhedged,IEQStock
0.0028942024104227112,KROGER,Growth,International Shares,Global Shares,Global Shares,Consumer Staples - 30,New York Stock Exchange Inc.,USD,United States,,World Large Blend Equity,International Equities - Unhedged,IEQStock
0.0028455757220968198,ROCKWELL AUTOMATION INC,Growth,International Shares,Global Shares,Global Shares,Industrials - 20,New York Stock Exchange Inc.,USD,United States,,World Large Blend Equity,International Equities - Unhedged,IEQStock
0.002413491968653236,VICI PPTYS INC,Growth,International Shares,Global Shares,Global Shares,Real Estate - 60,New York Stock Exchange Inc.,USD,United States,,World Large Blend Equity,International Equities - Unhedged,IEQStock
0.002575607782667412,DEVON ENERGY CORP,Growth,International Shares,Global Shares,Global Shares,Energy - 10,New York Stock Exchange Inc.,USD,United States,,World Large Blend Equity,International Equities - Unhedged,IEQStock
0.0024112905821396273,PRUDENTIAL PLC,Growth,International Shares,Global Shares,Global Shares,Financials - 40,New York Stock Exchange Inc.,USD,United States,,World Large Blend Equity,International Equities - Unhedged,IEQStock
0.0016146074858417057,GLOBAL PAYMENTS INC,Growth,International Shares,Global Shares,Global Shares,Financials - 40,New York Stock Exchange Inc.,USD,United States,,World Large Blend Equity,International Equities - Unhedged,IEQStock
0.0020689478251273655,HERSHEY FOODS,Growth,International Shares,Global Shares,Global Shares,Consumer Staples - 30,New York Stock Exchange Inc.,USD,United States,,World Large Blend Equity,International Equities - Unhedged,IEQStock
0.0034622046618118015,VULCAN MATERIALS,Growth,International Shares,Global Shares,Global Shares,Materials - 15,New York Stock Exchange Inc.,USD,United States,,World Large Blend Equity,International Equities - Unhedged,IEQStock
0.00491849201935719,MARTIN MARIETTA MATERIALS INC,Growth,International Shares,Global Shares,Global Shares,Materials - 15,New York Stock Exchange Inc.,USD,United States,,World Large Blend Equity,International Equities - Unhedged,IEQStock
0.006699445725715723,INGERSOLL RAND INC,Growth,International Shares,Global Shares,Global Shares,Industrials - 20,New York Stock Exchange Inc.,USD,United States,,World Large Blend Equity,International Equities - Unhedged,IEQStock
0.0026043367947461687,CARDINAL HEALTH INC,Growth,International Shares,Global Shares,Global Shares,Health Care - 35,New York Stock Exchange Inc.,USD,United States,,World Large Blend Equity,International Equities - Unhedged,IEQStock
0.0017223693926130166,WEC ENERGY GROUP INC,Growth,International Shares,Global Shares,Global Shares,Utilities - 55,New York Stock Exchange Inc.,USD,United States,,World Large Blend Equity,International Equities - Unhedged,IEQStock
0.00574680416320966,TELUS CORP,Growth,International Shares,Global Shares,Global Shares,Communication Services - 50,New York Stock Exchange Inc.,USD,United States,,World Large Blend Equity,International Equities - Unhedged,IEQStock
0.0016285737234025452,AMERICAN WATER WORKS INC,Growth,International Shares,Global Shares,Global Shares,Utilities - 55,New York Stock Exchange Inc.,USD,United States,,World Large Blend Equity,International Equities - Unhedged,IEQStock
0.0033621958211648337,WEST PHARMACEUTICAL SERVICES INC,Growth,International Shares,Global Shares,Global Shares,Health Care - 35,New York Stock Exchange Inc.,USD,United States,,World Large Blend Equity,International Equities - Unhedged,IEQStock
0.001812497144961971,EDISON INTERNATIONAL,Growth,International Shares,Global Shares,Global Shares,Utilities - 55,New York Stock Exchange Inc.,USD,United States,,World Large Blend Equity,International Equities - Unhedged,IEQStock
0.012513391971953496,QUANTA SERVICES INC,Growth,International Shares,Global Shares,Global Shares,Industrials - 20,New York Stock Exchange Inc.,USD,United States,,World Large Blend Equity,International Equities - Unhedged,IEQStock
0.001589914162203579,AVALONBAY COMMUNITIES REIT INC,Growth,International Shares,Global Shares,Global Shares,Real Estate - 60,New York Stock Exchange Inc.,USD,United States,,World Large Blend Equity,International Equities - Unhedged,IEQStock
0.00216788545106485,HP INC,Growth,International Shares,Global Shares,Global Shares,Information Technology - 45,New York Stock Exchange Inc.,USD,United States,,World Large Blend Equity,International Equities - Unhedged,IEQStock
0.0011706537350115469,LYONDELLBASELL INDUSTRIES NV CLASS,Growth,International Shares,Global Shares,Global Shares,Materials - 15,New York Stock Exchange Inc.,USD,United States,,World Large Blend Equity,International Equities - Unhedged,IEQStock
0.01330940461972185,FAIR ISAAC CORP,Growth,International Shares,Global Shares,Global Shares,Information Technology - 45,New York Stock Exchange Inc.,USD,United States,,World Large Blend Equity,International Equities - Unhedged,IEQStock
0.0022792898183458033,XYLEM INC,Growth,International Shares,Global Shares,Global Shares,Industrials - 20,New York Stock Exchange Inc.,USD,United States,,World Large Blend Equity,International Equities - Unhedged,IEQStock
0.004084573963168077,CBRE GROUP INC CLASS A,Growth,International Shares,Global Shares,Global Shares,Real Estate - 60,New York Stock Exchange Inc.,USD,United States,,World Large Blend Equity,International Equities - Unhedged,IEQStock
0.0013435250653427873,FORTIVE CORP,Growth,International Shares,Global Shares,Global Shares,Industrials - 20,New York Stock Exchange Inc.,USD,United States,,World Large Blend Equity,International Equities - Unhedged,IEQStock
0.0024445934189981293,METTLER TOLEDO INC,Growth,International Shares,Global Shares,Global Shares,Health Care - 35,New York Stock Exchange Inc.,USD,United States,,World Large Blend Equity,International Equities - Unhedged,IEQStock
0.002575579869736284,EXTRA SPACE STORAGE REIT INC,Growth,International Shares,Global Shares,Global Shares,Real Estate - 60,New York Stock Exchange Inc.,USD,United States,,World Large Blend Equity,International Equities - Unhedged,IEQStock
0.0026593582677964423,HARTFORD FINANCIAL SERVICES GROUP,Growth,International Shares,Global Shares,Global Shares,Financials - 40,New York Stock Exchange Inc.,USD,United States,,World Large Blend Equity,International Equities - Unhedged,IEQStock
0.004061268752236205,EQUIFAX INC,Growth,International Shares,Global Shares,Global Shares,Industrials - 20,New York Stock Exchange Inc.,USD,United States,,World Large Blend Equity,International Equities - Unhedged,IEQStock
0.00299732412165569,KEYSIGHT TECHNOLOGIES INC,Growth,International Shares,Global Shares,Global Shares,Information Technology - 45,New York Stock Exchange Inc.,USD,United States,,World Large Blend Equity,International Equities - Unhedged,IEQStock
0.0015257012788771954,WEYERHAEUSER REIT,Growth,International Shares,Global Shares,Global Shares,Real Estate - 60,New York Stock Exchange Inc.,USD,United States,,World Large Blend Equity,International Equities - Unhedged,IEQStock
0.0011295622948851634,ZIMMER BIOMET HOLDINGS INC,Growth,International Shares,Global Shares,Global Shares,Health Care - 35,New York Stock Exchange Inc.,USD,United States,,World Large Blend Equity,International Equities - Unhedged,IEQStock
0.002635121708807089,ROYAL CARIBBEAN GROUP LTD,Growth,International Shares,Global Shares,Global Shares,Consumer Discretionary - 25,New York Stock Exchange Inc.,USD,United States,,World Large Blend Equity,International Equities - Unhedged,IEQStock
0.0016261828009897646,CHURCH AND DWIGHT INC,Growth,International Shares,Global Shares,Global Shares,Consumer Staples - 30,New York Stock Exchange Inc.,USD,United States,,World Large Blend Equity,International Equities - Unhedged,IEQStock
0.001851841588936514,STERIS,Growth,International Shares,Global Shares,Global Shares,Health Care - 35,New York Stock Exchange Inc.,USD,United States,,World Large Blend Equity,International Equities - Unhedged,IEQStock
0.0014319119762841832,DELTA AIR LINES INC,Growth,International Shares,Global Shares,Global Shares,Industrials - 20,New York Stock Exchange Inc.,USD,United States,,World Large Blend Equity,International Equities - Unhedged,IEQStock
0.011733821581411452,Bank Account,Defensive,Cash,Cash,Cash,ASXStock,Cash,Cash,Bank Account,Cash,Domestic Cash,Cash,Cash
0.0005873519342587798,CBOE GLOBAL MARKETS INC,Growth,International Shares,Global Shares,Global Shares,Financials - 40,Cboe BZX formerly known as BATS,USD,United States,,World Large Blend Equity,International Equities - Unhedged,IEQStock
0.0015186507962241301,DEUTSCHE TELEKOM N AG,Growth,International Shares,Global Shares,Global Shares,Communication Services - 50,Deutsche Boerse Markets,EUR,Germany,,World Large Blend Equity,International Equities - Unhedged,IEQStock
0.0018327295199596814,ESTEE LAUDER INC CLASS A,Growth,International Shares,Global Shares,Global Shares,Health Care - 35,Euronext Paris,EUR,France,,World Large Blend Equity,International Equities - Unhedged,IEQStock
0.0011725834555705572,DOLLAR GENERAL CORP,Growth,International Shares,Global Shares,Global Shares,Industrials - 20,Euronext Paris,EUR,France,,World Large Blend Equity,International Equities - Unhedged,IEQStock
0.00032273338941985516,ANGLO AMERICAN PLC,Growth,International Shares,Global Shares,Global Shares,Materials - 15,London Stock Exchange,GBP,United Kingdom,,World Large Blend Equity,International Equities - Unhedged,IEQStock
0.0010016452122913009,TRACTOR SUPPLY,Growth,International Shares,Global Shares,Global Shares,Consumer Staples - 30,London Stock Exchange,GBP,United Kingdom,,World Large Blend Equity,International Equities - Unhedged,IEQStock
0.0008517632238805343,T ROWE PRICE GROUP INC,Growth,International Shares,Global Shares,Global Shares,Financials - 40,NASDAQ Stock Market,USD,United States,,World Large Blend Equity,International Equities - Unhedged,IEQStock
0.001062155427069591,ULTA BEAUTY INC,Growth,International Shares,Global Shares,Global Shares,Consumer Discretionary - 25,NASDAQ Stock Market,USD,United States,,World Large Blend Equity,International Equities - Unhedged,IEQStock
0.0005603460038650052,VERISIGN INC,Growth,International Shares,Global Shares,Global Shares,Information Technology - 45,NASDAQ Stock Market,USD,United States,,World Large Blend Equity,International Equities - Unhedged,IEQStock
0.0002822688665902836,ILLUMINA INC,Growth,International Shares,Global Shares,Global Shares,Health Care - 35,NASDAQ Stock Market,USD,United States,,World Large Blend Equity,International Equities - Unhedged,IEQStock
0.0013083994569833125,FIFTH THIRD BANCORP,Growth,International Shares,Global Shares,Global Shares,Financials - 40,NASDAQ Stock Market,USD,United States,,World Large Blend Equity,International Equities - Unhedged,IEQStock
0.001313075144335941,PTC INC,Growth,International Shares,Global Shares,Global Shares,Information Technology - 45,NASDAQ Stock Market,USD,United States,,World Large Blend Equity,International Equities - Unhedged,IEQStock
0.0015968181189689073,NASDAQ INC,Growth,International Shares,Global Shares,Global Shares,Financials - 40,NASDAQ Stock Market,USD,United States,,World Large Blend Equity,International Equities - Unhedged,IEQStock
0.0020412630407072203,STEEL DYNAMICS INC,Growth,International Shares,Global Shares,Global Shares,Materials - 15,NASDAQ Stock Market,USD,United States,,World Large Blend Equity,International Equities - Unhedged,IEQStock
0.0009245576894893258,HOLOGIC INC,Growth,International Shares,Global Shares,Global Shares,Health Care - 35,NASDAQ Stock Market,USD,United States,,World Large Blend Equity,International Equities - Unhedged,IEQStock
0.0007775970476296062,AKAMAI TECHNOLOGIES INC,Growth,International Shares,Global Shares,Global Shares,Information Technology - 45,NASDAQ Stock Market,USD,United States,,World Large Blend Equity,International Equities - Unhedged,IEQStock
0.0009556278904679071,COOPER INC,Growth,International Shares,Global Shares,Global Shares,Health Care - 35,NASDAQ Stock Market,USD,United States,,World Large Blend Equity,International Equities - Unhedged,IEQStock
0.000814993150686089,EXPEDIA GROUP INC,Growth,International Shares,Global Shares,Global Shares,Consumer Discretionary - 25,NASDAQ Stock Market,USD,United States,,World Large Blend Equity,International Equities - Unhedged,IEQStock
0.0009080281724944461,NETAPP INC,Growth,International Shares,Global Shares,Global Shares,Information Technology - 45,NASDAQ Stock Market,USD,United States,,World Large Blend Equity,International Equities - Unhedged,IEQStock
0.0008547357407428361,CINCINNATI FINANCIAL CORP,Growth,International Shares,Global Shares,Global Shares,Financials - 40,NASDAQ Stock Market,USD,United States,,World Large Blend Equity,International Equities - Unhedged,IEQStock
8.131639545204824e-05,WALGREEN BOOTS ALLIANCE INC,Growth,International Shares,Global Shares,Global Shares,Consumer Staples - 30,NASDAQ Stock Market,USD,United States,,World Large Blend Equity,International Equities - Unhedged,IEQStock
0.0008765732294828951,PRINCIPAL FINANCIAL GROUP INC,Growth,International Shares,Global Shares,Global Shares,Financials - 40,NASDAQ Stock Market,USD,United States,,World Large Blend Equity,International Equities - Unhedged,IEQStock
0.002152457047654791,FIRST SOLAR INC,Growth,International Shares,Global Shares,Global Shares,Information Technology - 45,NASDAQ Stock Market,USD,United States,,World Large Blend Equity,International Equities - Unhedged,IEQStock
0.004548332161297941,AXON ENTERPRISE INC,Growth,International Shares,Global Shares,Global Shares,Industrials - 20,NASDAQ Stock Market,USD,United States,,World Large Blend Equity,International Equities - Unhedged,IEQStock
0.0007681893193485338,HUNTINGTON BANCSHARES INC,Growth,International Shares,Global Shares,Global Shares,Financials - 40,NASDAQ Stock Market,USD,United States,,World Large Blend Equity,International Equities - Unhedged,IEQStock
0.0005650495720469917,NORTHERN TRUST CORP,Growth,International Shares,Global Shares,Global Shares,Financials - 40,NASDAQ Stock Market,USD,United States,,World Large Blend Equity,International Equities - Unhedged,IEQStock
0.000912217483821751,JB HUNT TRANSPORT SERVICES INC,Growth,International Shares,Global Shares,Global Shares,Industrials - 20,NASDAQ Stock Market,USD,United States,,World Large Blend Equity,International Equities - Unhedged,IEQStock
0.0006140290477146152,SKYWORKS SOLUTIONS INC,Growth,International Shares,Global Shares,Global Shares,Information Technology - 45,NASDAQ Stock Market,USD,United States,,World Large Blend Equity,International Equities - Unhedged,IEQStock
0.0005750114786418394,ALIGN TECHNOLOGY INC,Growth,International Shares,Global Shares,Global Shares,Health Care - 35,NASDAQ Stock Market,USD,United States,,World Large Blend Equity,International Equities - Unhedged,IEQStock
0.0008300774644593421,WESTERN DIGITAL CORP,Growth,International Shares,Global Shares,Global Shares,Information Technology - 45,NASDAQ Stock Market,USD,United States,,World Large Blend Equity,International Equities - Unhedged,IEQStock
0.0012221303671284026,SEAGATE TECHNOLOGY HOLDINGS PLC,Growth,International Shares,Global Shares,Global Shares,Information Technology - 45,NASDAQ Stock Market,USD,United States,,World Large Blend Equity,International Equities - Unhedged,IEQStock
0.0015903609011989664,TERADYNE INC,Growth,International Shares,Global Shares,Global Shares,Information Technology - 45,NASDAQ Stock Market,USD,United States,,World Large Blend Equity,International Equities - Unhedged,IEQStock
0.0011431366673858182,POOL CORP,Growth,International Shares,Global Shares,Global Shares,Consumer Discretionary - 25,NASDAQ Stock Market,USD,United States,,World Large Blend Equity,International Equities - Unhedged,IEQStock
0.0005004655547547088,ALLIANT ENERGY CORP,Growth,International Shares,Global Shares,Global Shares,Utilities - 55,NASDAQ Stock Market,USD,United States,,World Large Blend Equity,International Equities - Unhedged,IEQStock
0.0004391846518033848,UNITED AIRLINES HOLDINGS INC,Growth,International Shares,Global Shares,Global Shares,Industrials - 20,NASDAQ Stock Market,USD,United States,,World Large Blend Equity,International Equities - Unhedged,IEQStock
0.0005463635313115743,LKQ CORP,Growth,International Shares,Global Shares,Global Shares,Consumer Discretionary - 25,NASDAQ Stock Market,USD,United States,,World Large Blend Equity,International Equities - Unhedged,IEQStock
0.0007319810770921141,NORDSON CORP,Growth,International Shares,Global Shares,Global Shares,Industrials - 20,NASDAQ Stock Market,USD,United States,,World Large Blend Equity,International Equities - Unhedged,IEQStock
0.0005140405531611095,HOST HOTELS & RESORTS REIT INC,Growth,International Shares,Global Shares,Global Shares,Real Estate - 60,NASDAQ Stock Market,USD,United States,,World Large Blend Equity,International Equities - Unhedged,IEQStock
0.00031683441570809614,APA CORP,Growth,International Shares,Global Shares,Global Shares,Energy - 10,NASDAQ Stock Market,USD,United States,,World Large Blend Equity,International Equities - Unhedged,IEQStock
0.00037519342183555326,EVERGY INC,Growth,International Shares,Global Shares,Global Shares,Utilities - 55,NASDAQ Stock Market,USD,United States,,World Large Blend Equity,International Equities - Unhedged,IEQStock
0.001371603079755085,INSULET CORP,Growth,International Shares,Global Shares,Global Shares,Health Care - 35,NASDAQ Stock Market,USD,United States,,World Large Blend Equity,International Equities - Unhedged,IEQStock
0.0004937161122571278,VIATRIS INC,Growth,International Shares,Global Shares,Global Shares,Health Care - 35,NASDAQ Stock Market,USD,United States,,World Large Blend Equity,International Equities - Unhedged,IEQStock
0.008249217422083066,ENPHASE ENERGY INC,Growth,International Shares,Global Shares,Global Shares,Information Technology - 45,NASDAQ Stock Market,USD,United States,,World Large Blend Equity,International Equities - Unhedged,IEQStock
0.0008454183136854093,ZEBRA TECHNOLOGIES CORP CLASS A,Growth,International Shares,Global Shares,Global Shares,Information Technology - 45,NASDAQ Stock Market,USD,United States,,World Large Blend Equity,International Equities - Unhedged,IEQStock
0.0009397144092958157,GEN DIGITAL INC,Growth,International Shares,Global Shares,Global Shares,Information Technology - 45,NASDAQ Stock Market,USD,United States,,World Large Blend Equity,International Equities - Unhedged,IEQStock
0.0006478540187904874,TRIMBLE INC,Growth,International Shares,Global Shares,Global Shares,Information Technology - 45,NASDAQ Stock Market,USD,United States,,World Large Blend Equity,International Equities - Unhedged,IEQStock
0.0005067619785100527,JACK HENRY AND ASSOCIATES INC,Growth,International Shares,Global Shares,Global Shares,Financials - 40,NASDAQ Stock Market,USD,United States,,World Large Blend Equity,International Equities - Unhedged,IEQStock
0.0004107676571473537,INCYTE CORP,Growth,International Shares,Global Shares,Global Shares,Health Care - 35,NASDAQ Stock Market,USD,United States,,World Large Blend Equity,International Equities - Unhedged,IEQStock
0.0004290431839881561,REGENCY CENTERS REIT CORP,Growth,International Shares,Global Shares,Global Shares,Real Estate - 60,NASDAQ Stock Market,USD,United States,,World Large Blend Equity,International Equities - Unhedged,IEQStock
0.00043182834892772893,CH ROBINSON WORLDWIDE INC,Growth,International Shares,Global Shares,Global Shares,Industrials - 20,NASDAQ Stock Market,USD,United States,,World Large Blend Equity,International Equities - Unhedged,IEQStock
0.0002598557781943927,CAESARS ENTERTAINMENT INC,Growth,International Shares,Global Shares,Global Shares,Consumer Discretionary - 25,NASDAQ Stock Market,USD,United States,,World Large Blend Equity,International Equities - Unhedged,IEQStock
0.000718361635875108,BIO TECHNE CORP,Growth,International Shares,Global Shares,Global Shares,Health Care - 35,NASDAQ Stock Market,USD,United States,,World Large Blend Equity,International Equities - Unhedged,IEQStock
0.0005086659798209975,F5 INC,Growth,International Shares,Global Shares,Global Shares,Information Technology - 45,NASDAQ Stock Market,USD,United States,,World Large Blend Equity,International Equities - Unhedged,IEQStock
0.0002280765509616182,WYNN RESORTS LTD,Growth,International Shares,Global Shares,Global Shares,Consumer Discretionary - 25,NASDAQ Stock Market,USD,United States,,World Large Blend Equity,International Equities - Unhedged,IEQStock
0.0004135311170526383,QORVO INC,Growth,International Shares,Global Shares,Global Shares,Information Technology - 45,NASDAQ Stock Market,USD,United States,,World Large Blend Equity,International Equities - Unhedged,IEQStock
0.0002968757116753337,MATCH GROUP INC,Growth,International Shares,Global Shares,Global Shares,Communication Services - 50,NASDAQ Stock Market,USD,United States,,World Large Blend Equity,International Equities - Unhedged,IEQStock
0.0002679062794701213,HENRY SCHEIN INC,Growth,International Shares,Global Shares,Global Shares,Health Care - 35,NASDAQ Stock Market,USD,United States,,World Large Blend Equity,International Equities - Unhedged,IEQStock
0.00048265756442379237,MARKETAXESS HOLDINGS INC,Growth,International Shares,Global Shares,Global Shares,Financials - 40,NASDAQ Stock Market,USD,United States,,World Large Blend Equity,International Equities - Unhedged,IEQStock
0.0005640648492861804,NEWS CORP CLASS A,Growth,International Shares,Global Shares,Global Shares,Communication Services - 50,NASDAQ Stock Market,USD,United States,,World Large Blend Equity,International Equities - Unhedged,IEQStock
0.00025405409935583604,ETSY INC,Growth,International Shares,Global Shares,Global Shares,Consumer Discretionary - 25,NASDAQ Stock Market,USD,United States,,World Large Blend Equity,International Equities - Unhedged,IEQStock
0.00024823930724772095,FOX CORP CLASS A,Growth,International Shares,Global Shares,Global Shares,Communication Services - 50,NASDAQ Stock Market,USD,United States,,World Large Blend Equity,International Equities - Unhedged,IEQStock
0.00015558426736394642,PARAMOUNT GLOBAL CLASS B,Growth,International Shares,Global Shares,Global Shares,Communication Services - 50,NASDAQ Stock Market,USD,United States,,World Large Blend Equity,International Equities - Unhedged,IEQStock
0.00014629340660799012,DENTSPLY SIRONA INC,Growth,International Shares,Global Shares,Global Shares,Health Care - 35,NASDAQ Stock Market,USD,United States,,World Large Blend Equity,International Equities - Unhedged,IEQStock
0.00018977431892002649,HASBRO INC,Growth,International Shares,Global Shares,Global Shares,Consumer Discretionary - 25,NASDAQ Stock Market,USD,United States,,World Large Blend Equity,International Equities - Unhedged,IEQStock
0.00030022131909308316,ZIONS BANCORPORATION,Growth,International Shares,Global Shares,Global Shares,Financials - 40,NASDAQ Stock Market,USD,United States,,World Large Blend Equity,International Equities - Unhedged,IEQStock
0.00011675118001229586,FOX CORP CLASS B,Growth,International Shares,Global Shares,Global Shares,Communication Services - 50,NASDAQ Stock Market,USD,United States,,World Large Blend Equity,International Equities - Unhedged,IEQStock
0.32616883565610955,MICROSOFT CORP,Growth,International Shares,Global Shares,Global Shares,Information Technology - 45,NASDAQ Stock Market,USD,United States,,World Large Blend Equity,International Equities - Unhedged,IEQStock
0.45491542926371936,APPLE INC,Growth,International Shares,Global Shares,Global Shares,Information Technology - 45,NASDAQ Stock Market,USD,United States,,World Large Blend Equity,International Equities - Unhedged,IEQStock
0.09855073460983992,AMAZON COM INC,Growth,International Shares,Global Shares,Global Shares,Consumer Discretionary - 25,NASDAQ Stock Market,USD,United States,,World Large Blend Equity,International Equities - Unhedged,IEQStock
1.504652226943404,NVIDIA CORP,Growth,International Shares,Global Shares,Global Shares,Information Technology - 45,NASDAQ Stock Market,USD,United States,,World Large Blend Equity,International Equities - Unhedged,IEQStock
0.07886300410560189,ALPHABET INC CLASS A,Growth,International Shares,Global Shares,Global Shares,Communication Services - 50,NASDAQ Stock Market,USD,United States,,World Large Blend Equity,International Equities - Unhedged,IEQStock
0.1012136230613667,META PLATFORMS INC CLASS A,Growth,International Shares,Global Shares,Global Shares,Communication Services - 50,NASDAQ Stock Market,USD,United States,,World Large Blend Equity,International Equities - Unhedged,IEQStock
0.06855945972708068,ALPHABET INC CLASS C,Growth,International Shares,Global Shares,Global Shares,Communication Services - 50,NASDAQ Stock Market,USD,United States,,World Large Blend Equity,International Equities - Unhedged,IEQStock
0.21959588466646537,TESLA INC,Growth,International Shares,Global Shares,Global Shares,Consumer Discretionary - 25,NASDAQ Stock Market,USD,United States,,World Large Blend Equity,International Equities - Unhedged,IEQStock
0.0833742426089893,BROADCOM INC,Growth,International Shares,Global Shares,Global Shares,Information Technology - 45,NASDAQ Stock Market,USD,United States,,World Large Blend Equity,International Equities - Unhedged,IEQStock
0.0163829056946589,ADOBE INC,Growth,International Shares,Global Shares,Global Shares,Information Technology - 45,NASDAQ Stock Market,USD,United States,,World Large Blend Equity,International Equities - Unhedged,IEQStock
0.038622536337300464,COSTCO WHOLESALE CORP,Growth,International Shares,Global Shares,Global Shares,Consumer Staples - 30,NASDAQ Stock Market,USD,United States,,World Large Blend Equity,International Equities - Unhedged,IEQStock
0.010242160629723916,PEPSICO INC,Growth,International Shares,Global Shares,Global Shares,Consumer Staples - 30,NASDAQ Stock Market,USD,United States,,World Large Blend Equity,International Equities - Unhedged,IEQStock
0.007572732830730136,CISCO SYSTEMS INC,Growth,International Shares,Global Shares,Global Shares,Information Technology - 45,NASDAQ Stock Market,USD,United States,,World Large Blend Equity,International Equities - Unhedged,IEQStock
0.01758570781706435,NETFLIX INC,Growth,International Shares,Global Shares,Global Shares,Communication Services - 50,NASDAQ Stock Market,USD,United States,,World Large Blend Equity,International Equities - Unhedged,IEQStock
0.016826593000844547,LINDE PLC,Growth,International Shares,Global Shares,Global Shares,Materials - 15,NASDAQ Stock Market,USD,United States,,World Large Blend Equity,International Equities - Unhedged,IEQStock
0.054091197535117645,ADVANCED MICRO DEVICES INC,Growth,International Shares,Global Shares,Global Shares,Information Technology - 45,NASDAQ Stock Market,USD,United States,,World Large Blend Equity,International Equities - Unhedged,IEQStock
0.006628986743780771,COMCAST CORP CLASS A,Growth,International Shares,Global Shares,Global Shares,Communication Services - 50,NASDAQ Stock Market,USD,United States,,World Large Blend Equity,International Equities - Unhedged,IEQStock
0.002747200076871178,INTEL CORPORATION CORP,Growth,International Shares,Global Shares,Global Shares,Information Technology - 45,NASDAQ Stock Market,USD,United States,,World Large Blend Equity,International Equities - Unhedged,IEQStock
0.007921004945483107,AMGEN INC,Growth,International Shares,Global Shares,Global Shares,Health Care - 35,NASDAQ Stock Market,USD,United States,,World Large Blend Equity,International Equities - Unhedged,IEQStock
0.015296358239766177,INTUIT INC,Growth,International Shares,Global Shares,Global Shares,Information Technology - 45,NASDAQ Stock Market,USD,United States,,World Large Blend Equity,International Equities - Unhedged,IEQStock
0.013103242949592458,QUALCOMM INC,Growth,International Shares,Global Shares,Global Shares,Information Technology - 45,NASDAQ Stock Market,USD,United States,,World Large Blend Equity,International Equities - Unhedged,IEQStock
0.009596789830698432,TEXAS INSTRUMENT INC,Growth,International Shares,Global Shares,Global Shares,Information Technology - 45,NASDAQ Stock Market,USD,United States,,World Large Blend Equity,International Equities - Unhedged,IEQStock
0.006034859496053652,HONEYWELL INTERNATIONAL INC,Growth,International Shares,Global Shares,Global Shares,Industrials - 20,NASDAQ Stock Market,USD,United States,,World Large Blend Equity,International Equities - Unhedged,IEQStock
0.020848503892608485,APPLIED MATERIAL INC,Growth,International Shares,Global Shares,Global Shares,Information Technology - 45,NASDAQ Stock Market,USD,United States,,World Large Blend Equity,International Equities - Unhedged,IEQStock
0.004811853936072508,STARBUCKS CORP,Growth,International Shares,Global Shares,Global Shares,Consumer Discretionary - 25,NASDAQ Stock Market,USD,United States,,World Large Blend Equity,International Equities - Unhedged,IEQStock
0.009567259146733084,BOOKING HOLDINGS INC,Growth,International Shares,Global Shares,Global Shares,Consumer Discretionary - 25,NASDAQ Stock Market,USD,United States,,World Large Blend Equity,International Equities - Unhedged,IEQStock
0.0043369578446333925,GILEAD SCIENCES INC,Growth,International Shares,Global Shares,Global Shares,Health Care - 35,NASDAQ Stock Market,USD,United States,,World Large Blend Equity,International Equities - Unhedged,IEQStock
0.010752375559214203,INTUITIVE SURGICAL INC,Growth,International Shares,Global Shares,Global Shares,Health Care - 35,NASDAQ Stock Market,USD,United States,,World Large Blend Equity,International Equities - Unhedged,IEQStock
0.009110289085306856,VERTEX PHARMACEUTICALS INC,Growth,International Shares,Global Shares,Global Shares,Health Care - 35,NASDAQ Stock Market,USD,United States,,World Large Blend Equity,International Equities - Unhedged,IEQStock
0.005023964594096754,MONDELEZ INTERNATIONAL INC CLASS A,Growth,International Shares,Global Shares,Global Shares,Consumer Staples - 30,NASDAQ Stock Market,USD,United States,,World Large Blend Equity,International Equities - Unhedged,IEQStock
0.0062191356496147255,AUTOMATIC DATA PROCESSING INC,Growth,International Shares,Global Shares,Global Shares,Industrials - 20,NASDAQ Stock Market,USD,United States,,World Large Blend Equity,International Equities - Unhedged,IEQStock
0.006326983606456472,REGENERON PHARMACEUTICALS INC,Growth,International Shares,Global Shares,Global Shares,Health Care - 35,NASDAQ Stock Market,USD,United States,,World Large Blend Equity,International Equities - Unhedged,IEQStock
0.01603448852856073,LAM RESEARCH CORP,Growth,International Shares,Global Shares,Global Shares,Information Technology - 45,NASDAQ Stock Market,USD,United States,,World Large Blend Equity,International Equities - Unhedged,IEQStock
0.00702323990779768,ANALOG DEVICES INC,Growth,International Shares,Global Shares,Global Shares,Information Technology - 45,NASDAQ Stock Market,USD,United States,,World Large Blend Equity,International Equities - Unhedged,IEQStock
0.008485227010713461,MICRON TECHNOLOGY INC,Growth,International Shares,Global Shares,Global Shares,Information Technology - 45,NASDAQ Stock Market,USD,United States,,World Large Blend Equity,International Equities - Unhedged,IEQStock
0.0027762262964110846,CME GROUP INC CLASS A,Growth,International Shares,Global Shares,Global Shares,Financials - 40,NASDAQ Stock Market,USD,United States,,World Large Blend Equity,International Equities - Unhedged,IEQStock
0.00876790295741877,T MOBILE US INC,Growth,International Shares,Global Shares,Global Shares,Communication Services - 50,NASDAQ Stock Market,USD,United States,,World Large Blend Equity,International Equities - Unhedged,IEQStock
0.01360763499831551,SYNOPSYS INC,Growth,International Shares,Global Shares,Global Shares,Information Technology - 45,NASDAQ Stock Market,USD,United States,,World Large Blend Equity,International Equities - Unhedged,IEQStock
0.01483235763689659,PALO ALTO NETWORKS INC,Growth,International Shares,Global Shares,Global Shares,Information Technology - 45,NASDAQ Stock Market,USD,United States,,World Large Blend Equity,International Equities - Unhedged,IEQStock
0.005748752756536227,EQUINIX REIT INC,Growth,International Shares,Global Shares,Global Shares,Real Estate - 60,NASDAQ Stock Market,USD,United States,,World Large Blend Equity,International Equities - Unhedged,IEQStock
0.01342799010518113,CADENCE DESIGN SYSTEMS INC,Growth,International Shares,Global Shares,Global Shares,Information Technology - 45,NASDAQ Stock Market,USD,United States,,World Large Blend Equity,International Equities - Unhedged,IEQStock
0.016615872086788823,KLA CORP,Growth,International Shares,Global Shares,Global Shares,Information Technology - 45,NASDAQ Stock Market,USD,United States,,World Large Blend Equity,International Equities - Unhedged,IEQStock
0.0032438259830259463,CSX CORP,Growth,International Shares,Global Shares,Global Shares,Industrials - 20,NASDAQ Stock Market,USD,United States,,World Large Blend Equity,International Equities - Unhedged,IEQStock
0.0018832420288590983,PAYPAL HOLDINGS INC,Growth,International Shares,Global Shares,Global Shares,Financials - 40,NASDAQ Stock Market,USD,United States,,World Large Blend Equity,International Equities - Unhedged,IEQStock
0.005507604307406536,OREILLY AUTOMOTIVE INC,Growth,International Shares,Global Shares,Global Shares,Consumer Discretionary - 25,NASDAQ Stock Market,USD,United States,,World Large Blend Equity,International Equities - Unhedged,IEQStock
0.0032817420702890765,ROPER TECHNOLOGIES INC,Growth,International Shares,Global Shares,Global Shares,Information Technology - 45,NASDAQ Stock Market,USD,United States,,World Large Blend Equity,International Equities - Unhedged,IEQStock
0.0028448369925503287,AIRBNB INC CLASS A,Growth,International Shares,Global Shares,Global Shares,Consumer Discretionary - 25,NASDAQ Stock Market,USD,United States,,World Large Blend Equity,International Equities - Unhedged,IEQStock
0.003939066950278037,MARRIOTT INTERNATIONAL INC CLASS A,Growth,International Shares,Global Shares,Global Shares,Consumer Discretionary - 25,NASDAQ Stock Market,USD,United States,,World Large Blend Equity,International Equities - Unhedged,IEQStock
0.0052627629954471195,NXP SEMICONDUCTORS NV,Growth,International Shares,Global Shares,Global Shares,Information Technology - 45,NASDAQ Stock Market,USD,United States,,World Large Blend Equity,International Equities - Unhedged,IEQStock
0.004028756798866442,LULULEMON ATHLETICA INC,Growth,International Shares,Global Shares,Global Shares,Consumer Discretionary - 25,NASDAQ Stock Market,USD,United States,,World Large Blend Equity,International Equities - Unhedged,IEQStock
0.007483937628712862,CINTAS CORP,Growth,International Shares,Global Shares,Global Shares,Industrials - 20,NASDAQ Stock Market,USD,United States,,World Large Blend Equity,International Equities - Unhedged,IEQStock
0.0028840962847224727,PACCAR INC,Growth,International Shares,Global Shares,Global Shares,Industrials - 20,NASDAQ Stock Market,USD,United States,,World Large Blend Equity,International Equities - Unhedged,IEQStock
0.003369840651572228,AUTODESK INC,Growth,International Shares,Global Shares,Global Shares,Information Technology - 45,NASDAQ Stock Market,USD,United States,,World Large Blend Equity,International Equities - Unhedged,IEQStock
0.0013505143170594823,CHARTER COMMUNICATIONS INC CLASS A,Growth,International Shares,Global Shares,Global Shares,Communication Services - 50,NASDAQ Stock Market,USD,United States,,World Large Blend Equity,International Equities - Unhedged,IEQStock
0.0021701323852268265,ROSS STORES INC,Growth,International Shares,Global Shares,Global Shares,Consumer Discretionary - 25,NASDAQ Stock Market,USD,United States,,World Large Blend Equity,International Equities - Unhedged,IEQStock
0.002766019516622486,MONSTER BEVERAGE CORP,Growth,International Shares,Global Shares,Global Shares,Consumer Staples - 30,NASDAQ Stock Market,USD,United States,,World Large Blend Equity,International Equities - Unhedged,IEQStock
0.0028761297420818546,MICROCHIP TECHNOLOGY INC,Growth,International Shares,Global Shares,Global Shares,Information Technology - 45,NASDAQ Stock Market,USD,United States,,World Large Blend Equity,International Equities - Unhedged,IEQStock
0.0017072813230075813,AMERICAN ELECTRIC POWER INC,Growth,International Shares,Global Shares,Global Shares,Utilities - 55,NASDAQ Stock Market,USD,United States,,World Large Blend Equity,International Equities - Unhedged,IEQStock
0.0012654249746974888,COPART INC,Growth,International Shares,Global Shares,Global Shares,Industrials - 20,NASDAQ Stock Market,USD,United States,,World Large Blend Equity,International Equities - Unhedged,IEQStock
0.0012921911769296014,EXELON CORP,Growth,International Shares,Global Shares,Global Shares,Utilities - 55,NASDAQ Stock Market,USD,United States,,World Large Blend Equity,International Equities - Unhedged,IEQStock
0.008083104210024604,CONSTELLATION ENERGY CORP,Growth,International Shares,Global Shares,Global Shares,Utilities - 55,NASDAQ Stock Market,USD,United States,,World Large Blend Equity,International Equities - Unhedged,IEQStock
0.00331725378590387,DEXCOM INC,Growth,International Shares,Global Shares,Global Shares,Health Care - 35,NASDAQ Stock Market,USD,United States,,World Large Blend Equity,International Equities - Unhedged,IEQStock
0.002512214874425839,PAYCHEX INC,Growth,International Shares,Global Shares,Global Shares,Industrials - 20,NASDAQ Stock Market,USD,United States,,World Large Blend Equity,International Equities - Unhedged,IEQStock
0.0006113162581305816,BIOGEN INC,Growth,International Shares,Global Shares,Global Shares,Health Care - 35,NASDAQ Stock Market,USD,United States,,World Large Blend Equity,International Equities - Unhedged,IEQStock
0.003447027277265599,OLD DOMINION FREIGHT LINE INC,Growth,International Shares,Global Shares,Global Shares,Industrials - 20,NASDAQ Stock Market,USD,United States,,World Large Blend Equity,International Equities - Unhedged,IEQStock
0.0028266148276487415,IDEXX LABORATORIES INC,Growth,International Shares,Global Shares,Global Shares,Health Care - 35,NASDAQ Stock Market,USD,United States,,World Large Blend Equity,International Equities - Unhedged,IEQStock
0.0016596973072108207,BAKER HUGHES CLASS A,Growth,International Shares,Global Shares,Global Shares,Energy - 10,NASDAQ Stock Market,USD,United States,,World Large Blend Equity,International Equities - Unhedged,IEQStock
0.0023677095040943725,VERISK ANALYTICS INC,Growth,International Shares,Global Shares,Global Shares,Industrials - 20,NASDAQ Stock Market,USD,United States,,World Large Blend Equity,International Equities - Unhedged,IEQStock
0.0032071586844466715,FASTENAL,Growth,International Shares,Global Shares,Global Shares,Industrials - 20,NASDAQ Stock Market,USD,United States,,World Large Blend Equity,International Equities - Unhedged,IEQStock
0.0012422659971601533,COGNIZANT TECHNOLOGY SOLUTIONS COR,Growth,International Shares,Global Shares,Global Shares,Information Technology - 45,NASDAQ Stock Market,USD,United States,,World Large Blend Equity,International Equities - Unhedged,IEQStock
0.0014336060334738019,XCEL ENERGY INC,Growth,International Shares,Global Shares,Global Shares,Utilities - 55,NASDAQ Stock Market,USD,United States,,World Large Blend Equity,International Equities - Unhedged,IEQStock
0.006559861206382075,FORTINET INC,Growth,International Shares,Global Shares,Global Shares,Information Technology - 45,NASDAQ Stock Market,USD,United States,,World Large Blend Equity,International Equities - Unhedged,IEQStock
0.001796519111709561,ELECTRONIC ARTS INC,Growth,International Shares,Global Shares,Global Shares,Communication Services - 50,NASDAQ Stock Market,USD,United States,,World Large Blend Equity,International Equities - Unhedged,IEQStock
0.0030331276071494896,ARCH CAPITAL GROUP LTD,Growth,International Shares,Global Shares,Global Shares,Financials - 40,NASDAQ Stock Market,USD,United States,,World Large Blend Equity,International Equities - Unhedged,IEQStock
0.002027786602971071,COSTAR GROUP INC,Growth,International Shares,Global Shares,Global Shares,Real Estate - 60,NASDAQ Stock Market,USD,United States,,World Large Blend Equity,International Equities - Unhedged,IEQStock
0.0008577615949443401,KEURIG DR PEPPER INC,Growth,International Shares,Global Shares,Global Shares,Consumer Staples - 30,NASDAQ Stock Market,USD,United States,,World Large Blend Equity,International Equities - Unhedged,IEQStock
0.00401235016103077,ON SEMICONDUCTOR CORP,Growth,International Shares,Global Shares,Global Shares,Information Technology - 45,NASDAQ Stock Market,USD,United States,,World Large Blend Equity,International Equities - Unhedged,IEQStock
0.0017211797777954248,DIAMONDBACK ENERGY INC,Growth,International Shares,Global Shares,Global Shares,Energy - 10,NASDAQ Stock Market,USD,United States,,World Large Blend Equity,International Equities - Unhedged,IEQStock
0.0019096598587156142,CDW CORP,Growth,International Shares,Global Shares,Global Shares,Information Technology - 45,NASDAQ Stock Market,USD,United States,,World Large Blend Equity,International Equities - Unhedged,IEQStock
0.0024883094403426306,GE HEALTHCARE TECHNOLOGIES INC,Growth,International Shares,Global Shares,Global Shares,Health Care - 35,NASDAQ Stock Market,USD,United States,,World Large Blend Equity,International Equities - Unhedged,IEQStock
0.0007305871977196518,KRAFT HEINZ,Growth,International Shares,Global Shares,Global Shares,Consumer Staples - 30,NASDAQ Stock Market,USD,United States,,World Large Blend Equity,International Equities - Unhedged,IEQStock
0.0005515446111047175,WARNER BROS. DISCOVERY INC SERIES,Growth,International Shares,Global Shares,Global Shares,Communication Services - 50,NASDAQ Stock Market,USD,United States,,World Large Blend Equity,International Equities - Unhedged,IEQStock
0.0014025179079900437,WILLIS TOWERS WATSON PLC,Growth,International Shares,Global Shares,Global Shares,Financials - 40,NASDAQ Stock Market,USD,United States,,World Large Blend Equity,International Equities - Unhedged,IEQStock
0.0021065447055724214,ANSYS INC,Growth,International Shares,Global Shares,Global Shares,Information Technology - 45,NASDAQ Stock Market,USD,United States,,World Large Blend Equity,International Equities - Unhedged,IEQStock
0.004181938705284792,MODERNA INC,Growth,International Shares,Global Shares,Global Shares,Health Care - 35,NASDAQ Stock Market,USD,United States,,World Large Blend Equity,International Equities - Unhedged,IEQStock
0.0005884964688022979,DOLLAR TREE INC,Growth,International Shares,Global Shares,Global Shares,Consumer Staples - 30,NASDAQ Stock Market,USD,United States,,World Large Blend Equity,International Equities - Unhedged,IEQStock
0.0011655538038361287,SBA COMMUNICATIONS REIT CORP CLASS,Growth,International Shares,Global Shares,Global Shares,Real Estate - 60,NASDAQ Stock Market,USD,United States,,World Large Blend Equity,International Equities - Unhedged,IEQStock
0.005370897639784882,MONOLITHIC POWER SYSTEMS INC,Growth,International Shares,Global Shares,Global Shares,Information Technology - 45,NASDAQ Stock Market,USD,United States,,World Large Blend Equity,International Equities - Unhedged,IEQStock
0.0014440445898375907,EBAY INC,Growth,International Shares,Global Shares,Global Shares,Consumer Discretionary - 25,NASDAQ Stock Market,USD,United States,,World Large Blend Equity,International Equities - Unhedged,IEQStock
0.0011072465598733225,TAKE TWO INTERACTIVE SOFTWARE INC,Growth,International Shares,Global Shares,Global Shares,Communication Services - 50,NASDAQ Stock Market,USD,United States,,World Large Blend Equity,International Equities - Unhedged,IEQStock
0.0006506061008157422,APTIV PLC,Growth,International Shares,Global Shares,Global Shares,Consumer Discretionary - 25,New York Stock Exchange Inc.,USD,United States,,World Large Blend Equity,International Equities - Unhedged,IEQStock
0.0020693948489250978,DISCOVER FINANCIAL SERVICES,Growth,International Shares,Global Shares,Global Shares,Financials - 40,New York Stock Exchange Inc.,USD,United States,,World Large Blend Equity,International Equities - Unhedged,IEQStock
0.0010370621798147417,STATE STREET CORP,Growth,International Shares,Global Shares,Global Shares,Financials - 40,New York Stock Exchange Inc.,USD,United States,,World Large Blend Equity,International Equities - Unhedged,IEQStock
0.0011103109666473858,CORNING INC,Growth,International Shares,Global Shares,Global Shares,Information Technology - 45,New York Stock Exchange Inc.,USD,United States,,World Large Blend Equity,International Equities - Unhedged,IEQStock
0.0015441341055687204,BROADRIDGE FINANCIAL SOLUTIONS INC,Growth,International Shares,Global Shares,Global Shares,Industrials - 20,New York Stock Exchange Inc.,USD,United States,,World Large Blend Equity,International Equities - Unhedged,IEQStock
0.0007050384227699697,COTERRA ENERGY INC,Growth,International Shares,Global Shares,Global Shares,Energy - 10,New York Stock Exchange Inc.,USD,United States,,World Large Blend Equity,International Equities - Unhedged,IEQStock
0.0012674831014914377,ENTERGY CORP,Growth,International Shares,Global Shares,Global Shares,Utilities - 55,New York Stock Exchange Inc.,USD,United States,,World Large Blend Equity,International Equities - Unhedged,IEQStock
0.0007843665045181059,AMEREN CORP,Growth,International Shares,Global Shares,Global Shares,Utilities - 55,New York Stock Exchange Inc.,USD,United States,,World Large Blend Equity,International Equities - Unhedged,IEQStock
0.0016233797293568012,MOLINA HEALTHCARE INC,Growth,International Shares,Global Shares,Global Shares,Health Care - 35,New York Stock Exchange Inc.,USD,United States,,World Large Blend Equity,International Equities - Unhedged,IEQStock
0.001039893033292537,HEWLETT PACKARD ENTERPRISE,Growth,International Shares,Global Shares,Global Shares,Information Technology - 45,New York Stock Exchange Inc.,USD,United States,,World Large Blend Equity,International Equities - Unhedged,IEQStock
0.0009586725438932318,M&T BANK CORP,Growth,International Shares,Global Shares,Global Shares,Financials - 40,New York Stock Exchange Inc.,USD,United States,,World Large Blend Equity,International Equities - Unhedged,IEQStock
0.0005946667390697099,EVERSOURCE ENERGY,Growth,International Shares,Global Shares,Global Shares,Utilities - 55,New York Stock Exchange Inc.,USD,United States,,World Large Blend Equity,International Equities - Unhedged,IEQStock
0.001886013340635613,WESTINGHOUSE AIR BRAKE TECHNOLOGIE,Growth,International Shares,Global Shares,Global Shares,Industrials - 20,New York Stock Exchange Inc.,USD,United States,,World Large Blend Equity,International Equities - Unhedged,IEQStock
0.0026471607365687612,NVR INC,Growth,International Shares,Global Shares,Global Shares,Consumer Discretionary - 25,New York Stock Exchange Inc.,USD,United States,,World Large Blend Equity,International Equities - Unhedged,IEQStock
0.002722495280635285,TARGA RESOURCES CORP,Growth,International Shares,Global Shares,Global Shares,Energy - 10,New York Stock Exchange Inc.,USD,United States,,World Large Blend Equity,International Equities - Unhedged,IEQStock
0.000675050438053083,PPL CORP,Growth,International Shares,Global Shares,Global Shares,Utilities - 55,New York Stock Exchange Inc.,USD,United States,,World Large Blend Equity,International Equities - Unhedged,IEQStock
0.0007016181668961994,GENUINE PARTS,Growth,International Shares,Global Shares,Global Shares,Consumer Discretionary - 25,New York Stock Exchange Inc.,USD,United States,,World Large Blend Equity,International Equities - Unhedged,IEQStock
0.004532215899112579,HOWMET AEROSPACE INC,Growth,International Shares,Global Shares,Global Shares,Industrials - 20,New York Stock Exchange Inc.,USD,United States,,World Large Blend Equity,International Equities - Unhedged,IEQStock
0.001169965352443165,RAYMOND JAMES INC,Growth,International Shares,Global Shares,Global Shares,Financials - 40,New York Stock Exchange Inc.,USD,United States,,World Large Blend Equity,International Equities - Unhedged,IEQStock
0.0006542991107828345,FIRSTENERGY CORP,Growth,International Shares,Global Shares,Global Shares,Utilities - 55,New York Stock Exchange Inc.,USD,United States,,World Large Blend Equity,International Equities - Unhedged,IEQStock
0.0006261468713480348,EQUITY RESIDENTIAL REIT,Growth,International Shares,Global Shares,Global Shares,Real Estate - 60,New York Stock Exchange Inc.,USD,United States,,World Large Blend Equity,International Equities - Unhedged,IEQStock
0.0010610631295862771,LABORATORY CORPORATION OF AMERICA,Growth,International Shares,Global Shares,Global Shares,Health Care - 35,New York Stock Exchange Inc.,USD,United States,,World Large Blend Equity,International Equities - Unhedged,IEQStock
0.0004349474941885567,INTERNATIONAL FLAVORS & FRAGRANCES,Growth,International Shares,Global Shares,Global Shares,Materials - 15,New York Stock Exchange Inc.,USD,United States,,World Large Blend Equity,International Equities - Unhedged,IEQStock
0.0015673351226627415,DOVER CORP,Growth,International Shares,Global Shares,Global Shares,Industrials - 20,New York Stock Exchange Inc.,USD,United States,,World Large Blend Equity,International Equities - Unhedged,IEQStock
0.003512721707931623,PULTEGROUP INC,Growth,International Shares,Global Shares,Global Shares,Consumer Discretionary - 25,New York Stock Exchange Inc.,USD,United States,,World Large Blend Equity,International Equities - Unhedged,IEQStock
0.0009187611660055017,INVITATION HOMES INC,Growth,International Shares,Global Shares,Global Shares,Real Estate - 60,New York Stock Exchange Inc.,USD,United States,,World Large Blend Equity,International Equities - Unhedged,IEQStock
0.0009412014355645318,DARDEN RESTAURANTS INC,Growth,International Shares,Global Shares,Global Shares,Consumer Discretionary - 25,New York Stock Exchange Inc.,USD,United States,,World Large Blend Equity,International Equities - Unhedged,IEQStock
0.0012915125570952882,TELEDYNE TECHNOLOGIES INC,Growth,International Shares,Global Shares,Global Shares,Information Technology - 45,New York Stock Exchange Inc.,USD,United States,,World Large Blend Equity,International Equities - Unhedged,IEQStock
0.0006565229312805818,VENTAS REIT INC,Growth,International Shares,Global Shares,Global Shares,Real Estate - 60,New York Stock Exchange Inc.,USD,United States,,World Large Blend Equity,International Equities - Unhedged,IEQStock
0.0018398956501839354,GARMIN LTD,Growth,International Shares,Global Shares,Global Shares,Consumer Discretionary - 25,New York Stock Exchange Inc.,USD,United States,,World Large Blend Equity,International Equities - Unhedged,IEQStock
0.0003185728346927203,BAXTER INTERNATIONAL INC,Growth,International Shares,Global Shares,Global Shares,Health Care - 35,New York Stock Exchange Inc.,USD,United States,,World Large Blend Equity,International Equities - Unhedged,IEQStock
0.001531346537080875,TYLER TECHNOLOGIES INC,Growth,International Shares,Global Shares,Global Shares,Information Technology - 45,New York Stock Exchange Inc.,USD,United States,,World Large Blend Equity,International Equities - Unhedged,IEQStock
0.0022423034466379044,IRON MOUNTAIN INC,Growth,International Shares,Global Shares,Global Shares,Real Estate - 60,New York Stock Exchange Inc.,USD,United States,,World Large Blend Equity,International Equities - Unhedged,IEQStock
0.001042731390179747,FLEETCOR TECHNOLOGIES INC,Growth,International Shares,Global Shares,Global Shares,Financials - 40,New York Stock Exchange Inc.,USD,United States,,World Large Blend Equity,International Equities - Unhedged,IEQStock
0.0006143996768173946,CENTERPOINT ENERGY INC,Growth,International Shares,Global Shares,Global Shares,Utilities - 55,New York Stock Exchange Inc.,USD,United States,,World Large Blend Equity,International Equities - Unhedged,IEQStock
0.0010660310562929693,FACTSET RESEARCH SYSTEMS INC,Growth,International Shares,Global Shares,Global Shares,Financials - 40,New York Stock Exchange Inc.,USD,United States,,World Large Blend Equity,International Equities - Unhedged,IEQStock
0.0006560567397586786,JACOBS SOLUTIONS INC,Growth,International Shares,Global Shares,Global Shares,Industrials - 20,New York Stock Exchange Inc.,USD,United States,,World Large Blend Equity,International Equities - Unhedged,IEQStock
0.0017840495274048269,BROWN & BROWN INC,Growth,International Shares,Global Shares,Global Shares,Financials - 40,New York Stock Exchange Inc.,USD,United States,,World Large Blend Equity,International Equities - Unhedged,IEQStock
0.0007672921350479136,EVEREST GROUP LTD,Growth,International Shares,Global Shares,Global Shares,Financials - 40,New York Stock Exchange Inc.,USD,United States,,World Large Blend Equity,International Equities - Unhedged,IEQStock
0.00048332499621575717,CLOROX,Growth,International Shares,Global Shares,Global Shares,Consumer Staples - 30,New York Stock Exchange Inc.,USD,United States,,World Large Blend Equity,International Equities - Unhedged,IEQStock
0.001026504267218344,EXPEDITORS INTERNATIONAL OF WASHIN,Growth,International Shares,Global Shares,Global Shares,Industrials - 20,New York Stock Exchange Inc.,USD,United States,,World Large Blend Equity,International Equities - Unhedged,IEQStock
0.0007033232301959615,ATMOS ENERGY CORP,Growth,International Shares,Global Shares,Global Shares,Utilities - 55,New York Stock Exchange Inc.,USD,United States,,World Large Blend Equity,International Equities - Unhedged,IEQStock
0.0002640299533797656,MCCORMICK & CO NON-VOTING INC,Growth,International Shares,Global Shares,Global Shares,Consumer Staples - 30,New York Stock Exchange Inc.,USD,United States,,World Large Blend Equity,International Equities - Unhedged,IEQStock
0.0006587805540819461,CMS ENERGY CORP,Growth,International Shares,Global Shares,Global Shares,Utilities - 55,New York Stock Exchange Inc.,USD,United States,,World Large Blend Equity,International Equities - Unhedged,IEQStock
0.0005850950515746086,LAS VEGAS SANDS CORP,Growth,International Shares,Global Shares,Global Shares,Consumer Discretionary - 25,New York Stock Exchange Inc.,USD,United States,,World Large Blend Equity,International Equities - Unhedged,IEQStock
0.0006054911269562598,BALL CORP,Growth,International Shares,Global Shares,Global Shares,Materials - 15,New York Stock Exchange Inc.,USD,United States,,World Large Blend Equity,International Equities - Unhedged,IEQStock
0.0007387621249937622,BUNGE GLOBAL SA,Growth,International Shares,Global Shares,Global Shares,Consumer Staples - 30,New York Stock Exchange Inc.,USD,United States,,World Large Blend Equity,International Equities - Unhedged,IEQStock
0.000568544894795478,ALEXANDRIA REAL ESTATE EQUITIES RE,Growth,International Shares,Global Shares,Global Shares,Real Estate - 60,New York Stock Exchange Inc.,USD,United States,,World Large Blend Equity,International Equities - Unhedged,IEQStock
0.001005986031821277,WATERS CORP,Growth,International Shares,Global Shares,Global Shares,Health Care - 35,New York Stock Exchange Inc.,USD,United States,,World Large Blend Equity,International Equities - Unhedged,IEQStock
0.00076154316887191,VERALTO CORP,Growth,International Shares,Global Shares,Global Shares,Industrials - 20,New York Stock Exchange Inc.,USD,United States,,World Large Blend Equity,International Equities - Unhedged,IEQStock
0.0008216541437127739,TEXTRON INC,Growth,International Shares,Global Shares,Global Shares,Industrials - 20,New York Stock Exchange Inc.,USD,United States,,World Large Blend Equity,International Equities - Unhedged,IEQStock
0.0006479797347296952,OMNICOM GROUP INC,Growth,International Shares,Global Shares,Global Shares,Communication Services - 50,New York Stock Exchange Inc.,USD,United States,,World Large Blend Equity,International Equities - Unhedged,IEQStock
0.0008880340181268487,CF INDUSTRIES HOLDINGS INC,Growth,International Shares,Global Shares,Global Shares,Materials - 15,New York Stock Exchange Inc.,USD,United States,,World Large Blend Equity,International Equities - Unhedged,IEQStock
0.002019868054339164,HUBBELL INC,Growth,International Shares,Global Shares,Global Shares,Industrials - 20,New York Stock Exchange Inc.,USD,United States,,World Large Blend Equity,International Equities - Unhedged,IEQStock
0.0008736852232880067,QUEST DIAGNOSTICS INC,Growth,International Shares,Global Shares,Global Shares,Health Care - 35,New York Stock Exchange Inc.,USD,United States,,World Large Blend Equity,International Equities - Unhedged,IEQStock
0.0007987920188556722,IDEX CORP,Growth,International Shares,Global Shares,Global Shares,Industrials - 20,New York Stock Exchange Inc.,USD,United States,,World Large Blend Equity,International Equities - Unhedged,IEQStock
0.0010478393507395779,REGIONS FINANCIAL CORP,Growth,International Shares,Global Shares,Global Shares,Financials - 40,New York Stock Exchange Inc.,USD,United States,,World Large Blend Equity,International Equities - Unhedged,IEQStock
0.0005775485947354889,ALBEMARLE CORP,Growth,International Shares,Global Shares,Global Shares,Materials - 15,New York Stock Exchange Inc.,USD,United States,,World Large Blend Equity,International Equities - Unhedged,IEQStock
0.0010829240372213357,AVERY DENNISON CORP,Growth,International Shares,Global Shares,Global Shares,Materials - 15,New York Stock Exchange Inc.,USD,United States,,World Large Blend Equity,International Equities - Unhedged,IEQStock
0.000764099312039508,EPAM SYSTEMS INC,Growth,International Shares,Global Shares,Global Shares,Information Technology - 45,New York Stock Exchange Inc.,USD,United States,,World Large Blend Equity,International Equities - Unhedged,IEQStock
0.0010676582805397097,SNAP ON INC,Growth,International Shares,Global Shares,Global Shares,Industrials - 20,New York Stock Exchange Inc.,USD,United States,,World Large Blend Equity,International Equities - Unhedged,IEQStock
0.0016324601451421074,LEIDOS HOLDINGS INC,Growth,International Shares,Global Shares,Global Shares,Industrials - 20,New York Stock Exchange Inc.,USD,United States,,World Large Blend Equity,International Equities - Unhedged,IEQStock
0.001288936214097287,PACKAGING CORP OF AMERICA,Growth,International Shares,Global Shares,Global Shares,Materials - 15,New York Stock Exchange Inc.,USD,United States,,World Large Blend Equity,International Equities - Unhedged,IEQStock
0.00030914324091475717,SOUTHWEST AIRLINES,Growth,International Shares,Global Shares,Global Shares,Industrials - 20,New York Stock Exchange Inc.,USD,United States,,World Large Blend Equity,International Equities - Unhedged,IEQStock
0.0007431298367727273,MID AMERICA APARTMENT COMMUNITIES,Growth,International Shares,Global Shares,Global Shares,Real Estate - 60,New York Stock Exchange Inc.,USD,United States,,World Large Blend Equity,International Equities - Unhedged,IEQStock
0.0013180261144638457,WR BERKLEY CORP,Growth,International Shares,Global Shares,Global Shares,Financials - 40,New York Stock Exchange Inc.,USD,United States,,World Large Blend Equity,International Equities - Unhedged,IEQStock
0.0004962632090069017,LAMB WESTON HOLDINGS INC,Growth,International Shares,Global Shares,Global Shares,Consumer Staples - 30,New York Stock Exchange Inc.,USD,United States,,World Large Blend Equity,International Equities - Unhedged,IEQStock
0.0005439452417257027,ESSEX PROPERTY TRUST REIT INC,Growth,International Shares,Global Shares,Global Shares,Real Estate - 60,New York Stock Exchange Inc.,USD,United States,,World Large Blend Equity,International Equities - Unhedged,IEQStock
0.0006647245518382939,KELLANOVA,Growth,International Shares,Global Shares,Global Shares,Consumer Staples - 30,New York Stock Exchange Inc.,USD,United States,,World Large Blend Equity,International Equities - Unhedged,IEQStock
0.0005155498159321467,TYSON FOODS INC CLASS A,Growth,International Shares,Global Shares,Global Shares,Consumer Staples - 30,New York Stock Exchange Inc.,USD,United States,,World Large Blend Equity,International Equities - Unhedged,IEQStock
0.00046778010876293426,AMCOR PLC,Growth,International Shares,Global Shares,Global Shares,Materials - 15,New York Stock Exchange Inc.,USD,United States,,World Large Blend Equity,International Equities - Unhedged,IEQStock
0.00036471344649044104,STANLEY BLACK & DECKER INC,Growth,International Shares,Global Shares,Global Shares,Industrials - 20,New York Stock Exchange Inc.,USD,United States,,World Large Blend Equity,International Equities - Unhedged,IEQStock
0.0004774709233194156,CONAGRA BRANDS INC,Growth,International Shares,Global Shares,Global Shares,Consumer Staples - 30,New York Stock Exchange Inc.,USD,United States,,World Large Blend Equity,International Equities - Unhedged,IEQStock
0.0007839293339842454,DOMINOS PIZZA INC,Growth,International Shares,Global Shares,Global Shares,Consumer Discretionary - 25,New York Stock Exchange Inc.,USD,United States,,World Large Blend Equity,International Equities - Unhedged,IEQStock
0.0008023298402152172,BEST BUY CO INC,Growth,International Shares,Global Shares,Global Shares,Consumer Discretionary - 25,New York Stock Exchange Inc.,USD,United States,,World Large Blend Equity,International Equities - Unhedged,IEQStock
0.0002096834493323466,CARNIVAL CORP,Growth,International Shares,Global Shares,Global Shares,Consumer Discretionary - 25,New York Stock Exchange Inc.,USD,United States,,World Large Blend Equity,International Equities - Unhedged,IEQStock
0.0012841393420431344,MASCO CORP,Growth,International Shares,Global Shares,Global Shares,Industrials - 20,New York Stock Exchange Inc.,USD,United States,,World Large Blend Equity,International Equities - Unhedged,IEQStock
0.001104401898179843,SYNCHRONY FINANCIAL,Growth,International Shares,Global Shares,Global Shares,Financials - 40,New York Stock Exchange Inc.,USD,United States,,World Large Blend Equity,International Equities - Unhedged,IEQStock
0.0008382018911330078,LIVE NATION ENTERTAINMENT INC,Growth,International Shares,Global Shares,Global Shares,Communication Services - 50,New York Stock Exchange Inc.,USD,United States,,World Large Blend Equity,International Equities - Unhedged,IEQStock
0.00066570504178935,CITIZENS FINANCIAL GROUP INC,Growth,International Shares,Global Shares,Global Shares,Financials - 40,New York Stock Exchange Inc.,USD,United States,,World Large Blend Equity,International Equities - Unhedged,IEQStock
0.0006113002051763107,LOEWS CORP,Growth,International Shares,Global Shares,Global Shares,Financials - 40,New York Stock Exchange Inc.,CAD,Canada,,World Large Blend Equity,International Equities - Unhedged,IEQStock
0.0005111769384308083,INTERNATIONAL PAPER,Growth,International Shares,Global Shares,Global Shares,Materials - 15,New York Stock Exchange Inc.,USD,United States,,World Large Blend Equity,International Equities - Unhedged,IEQStock
0.0004278766648088466,JM SMUCKER,Growth,International Shares,Global Shares,Global Shares,Consumer Staples - 30,New York Stock Exchange Inc.,USD,United States,,World Large Blend Equity,International Equities - Unhedged,IEQStock
0.0006578967946540263,CELANESE CORP,Growth,International Shares,Global Shares,Global Shares,Materials - 15,New York Stock Exchange Inc.,USD,United States,,World Large Blend Equity,International Equities - Unhedged,IEQStock
0.0005731045259013969,KIMCO REALTY REIT CORP,Growth,International Shares,Global Shares,Global Shares,Real Estate - 60,New York Stock Exchange Inc.,USD,United States,,World Large Blend Equity,International Equities - Unhedged,IEQStock
0.0005022243328621124,INTERPUBLIC GROUP OF COMPANIES INC,Growth,International Shares,Global Shares,Global Shares,Communication Services - 50,New York Stock Exchange Inc.,USD,United States,,World Large Blend Equity,International Equities - Unhedged,IEQStock
0.00034180619139619495,MOLSON COORS BREWING CLASS B,Growth,International Shares,Global Shares,Global Shares,Consumer Staples - 30,New York Stock Exchange Inc.,USD,United States,,World Large Blend Equity,International Equities - Unhedged,IEQStock
0.0004018852073353503,AES CORP,Growth,International Shares,Global Shares,Global Shares,Utilities - 55,New York Stock Exchange Inc.,USD,United States,,World Large Blend Equity,International Equities - Unhedged,IEQStock
0.00035241116055526766,BROWN FORMAN CORP CLASS B,Growth,International Shares,Global Shares,Global Shares,Consumer Staples - 30,New York Stock Exchange Inc.,USD,United States,,World Large Blend Equity,International Equities - Unhedged,IEQStock
0.0005355894279148203,MGM RESORTS INTERNATIONAL,Growth,International Shares,Global Shares,Global Shares,Consumer Discretionary - 25,New York Stock Exchange Inc.,USD,United States,,World Large Blend Equity,International Equities - Unhedged,IEQStock
0.0006927264762525289,ROLLINS INC,Growth,International Shares,Global Shares,Global Shares,Industrials - 20,New York Stock Exchange Inc.,USD,United States,,World Large Blend Equity,International Equities - Unhedged,IEQStock
0.00032455786348234645,MOSAIC,Growth,International Shares,Global Shares,Global Shares,Materials - 15,New York Stock Exchange Inc.,USD,United States,,World Large Blend Equity,International Equities - Unhedged,IEQStock
0.0005320362870991618,REVVITY INC,Growth,International Shares,Global Shares,Global Shares,Health Care - 35,New York Stock Exchange Inc.,USD,United States,,World Large Blend Equity,International Equities - Unhedged,IEQStock
0.0004113053130807613,KEYCORP,Growth,International Shares,Global Shares,Global Shares,Financials - 40,New York Stock Exchange Inc.,USD,United States,,World Large Blend Equity,International Equities - Unhedged,IEQStock
0.0008044941741416729,NRG ENERGY INC,Growth,International Shares,Global Shares,Global Shares,Utilities - 55,New York Stock Exchange Inc.,USD,United States,,World Large Blend Equity,International Equities - Unhedged,IEQStock
0.0004887880212864003,NISOURCE INC,Growth,International Shares,Global Shares,Global Shares,Utilities - 55,New York Stock Exchange Inc.,USD,United States,,World Large Blend Equity,International Equities - Unhedged,IEQStock
0.0007249513477075887,CERIDIAN HCM HOLDING INC,Growth,International Shares,Global Shares,Global Shares,Industrials - 20,New York Stock Exchange Inc.,USD,United States,,World Large Blend Equity,International Equities - Unhedged,IEQStock
0.00040662394964699136,CARMAX INC,Growth,International Shares,Global Shares,Global Shares,Consumer Discretionary - 25,New York Stock Exchange Inc.,USD,United States,,World Large Blend Equity,International Equities - Unhedged,IEQStock
0.0009245895859841154,PENTAIR,Growth,International Shares,Global Shares,Global Shares,Industrials - 20,New York Stock Exchange Inc.,USD,United States,,World Large Blend Equity,International Equities - Unhedged,IEQStock
0.0004993553132964904,GLOBE LIFE INC,Growth,International Shares,Global Shares,Global Shares,Financials - 40,New York Stock Exchange Inc.,USD,United States,,World Large Blend Equity,International Equities - Unhedged,IEQStock
0.00037527074857313943,UDR REIT INC,Growth,International Shares,Global Shares,Global Shares,Real Estate - 60,New York Stock Exchange Inc.,USD,United States,,World Large Blend Equity,International Equities - Unhedged,IEQStock
0.00027412449295978036,TELEFLEX INC,Growth,International Shares,Global Shares,Global Shares,Health Care - 35,New York Stock Exchange Inc.,USD,United States,,World Large Blend Equity,International Equities - Unhedged,IEQStock
0.0004958136448764516,WESTROCK,Growth,International Shares,Global Shares,Global Shares,Materials - 15,New York Stock Exchange Inc.,USD,United States,,World Large Blend Equity,International Equities - Unhedged,IEQStock
0.00016816871091581578,HORMEL FOODS CORP,Growth,International Shares,Global Shares,Global Shares,Consumer Staples - 30,New York Stock Exchange Inc.,USD,United States,,World Large Blend Equity,International Equities - Unhedged,IEQStock
0.0005560486154781768,CHARLES RIVER LABORATORIES INTERNA,Growth,International Shares,Global Shares,Global Shares,Health Care - 35,New York Stock Exchange Inc.,USD,United States,,World Large Blend Equity,International Equities - Unhedged,IEQStock
0.0003425047745700225,HUNTINGTON INGALLS INDUSTRIES INC,Growth,International Shares,Global Shares,Global Shares,Industrials - 20,New York Stock Exchange Inc.,USD,United States,,World Large Blend Equity,International Equities - Unhedged,IEQStock
0.0004634488618750243,CAMDEN PROPERTY TRUST REIT,Growth,International Shares,Global Shares,Global Shares,Real Estate - 60,New York Stock Exchange Inc.,USD,United States,,World Large Blend Equity,International Equities - Unhedged,IEQStock
0.000506563922703499,EASTMAN CHEMICAL,Growth,International Shares,Global Shares,Global Shares,Materials - 15,New York Stock Exchange Inc.,USD,United States,,World Large Blend Equity,International Equities - Unhedged,IEQStock
0.0002818051092978143,HEALTHPEAK PROPERTIES INC,Growth,International Shares,Global Shares,Global Shares,Real Estate - 60,New York Stock Exchange Inc.,USD,United States,,World Large Blend Equity,International Equities - Unhedged,IEQStock
0.0006173348940355319,ALLEGION PLC,Growth,International Shares,Global Shares,Global Shares,Industrials - 20,New York Stock Exchange Inc.,USD,United States,,World Large Blend Equity,International Equities - Unhedged,IEQStock
0.00041320965435431866,A O SMITH CORP,Growth,International Shares,Global Shares,Global Shares,Industrials - 20,New York Stock Exchange Inc.,USD,United States,,World Large Blend Equity,International Equities - Unhedged,IEQStock
0.00033962080957588236,JUNIPER NETWORKS INC,Growth,International Shares,Global Shares,Global Shares,Information Technology - 45,New York Stock Exchange Inc.,USD,United States,,World Large Blend Equity,International Equities - Unhedged,IEQStock
0.0005035571060085382,ASSURANT INC,Growth,International Shares,Global Shares,Global Shares,Financials - 40,New York Stock Exchange Inc.,USD,United States,,World Large Blend Equity,International Equities - Unhedged,IEQStock
0.00040105913768772336,PAYCOM SOFTWARE INC,Growth,International Shares,Global Shares,Global Shares,Industrials - 20,New York Stock Exchange Inc.,USD,United States,,World Large Blend Equity,International Equities - Unhedged,IEQStock
0.00024213790123176436,PINNACLE WEST CORP,Growth,International Shares,Global Shares,Global Shares,Utilities - 55,New York Stock Exchange Inc.,USD,United States,,World Large Blend Equity,International Equities - Unhedged,IEQStock
0.000411805687191504,UNIVERSAL HEALTH SERVICES INC CLAS,Growth,International Shares,Global Shares,Global Shares,Health Care - 35,New York Stock Exchange Inc.,USD,United States,,World Large Blend Equity,International Equities - Unhedged,IEQStock
0.0002522456029109407,BOSTON PROPERTIES REIT INC,Growth,International Shares,Global Shares,Global Shares,Real Estate - 60,New York Stock Exchange Inc.,USD,United States,,World Large Blend Equity,International Equities - Unhedged,IEQStock
0.0002797520321333642,ROBERT HALF,Growth,International Shares,Global Shares,Global Shares,Industrials - 20,New York Stock Exchange Inc.,USD,United States,,World Large Blend Equity,International Equities - Unhedged,IEQStock
0.00034966934509563126,CAMPBELL SOUP,Growth,International Shares,Global Shares,Global Shares,Consumer Staples - 30,New York Stock Exchange Inc.,USD,United States,,World Large Blend Equity,International Equities - Unhedged,IEQStock
0.00022743403087151435,BORGWARNER INC,Growth,International Shares,Global Shares,Global Shares,Consumer Discretionary - 25,New York Stock Exchange Inc.,USD,United States,,World Large Blend Equity,International Equities - Unhedged,IEQStock
0.0003896154546646002,BATH AND BODY WORKS INC,Growth,International Shares,Global Shares,Global Shares,Consumer Discretionary - 25,New York Stock Exchange Inc.,USD,United States,,World Large Blend Equity,International Equities - Unhedged,IEQStock
0.00022061026757577893,FEDERAL REALTY INVESTMENT TRUST RE,Growth,International Shares,Global Shares,Global Shares,Real Estate - 60,New York Stock Exchange Inc.,USD,United States,,World Large Blend Equity,International Equities - Unhedged,IEQStock
0.00016452190848573485,FRANKLIN RESOURCES INC,Growth,International Shares,Global Shares,Global Shares,Financials - 40,New York Stock Exchange Inc.,USD,United States,,World Large Blend Equity,International Equities - Unhedged,IEQStock
0.0002385128310253646,FMC CORP,Growth,International Shares,Global Shares,Global Shares,Materials - 15,New York Stock Exchange Inc.,USD,United States,,World Large Blend Equity,International Equities - Unhedged,IEQStock
0.0007825668142732958,GENERAC HOLDINGS INC,Growth,International Shares,Global Shares,Global Shares,Industrials - 20,New York Stock Exchange Inc.,USD,United States,,World Large Blend Equity,International Equities - Unhedged,IEQStock
0.0003303093352994488,TAPESTRY INC,Growth,International Shares,Global Shares,Global Shares,Consumer Discretionary - 25,New York Stock Exchange Inc.,USD,United States,,World Large Blend Equity,International Equities - Unhedged,IEQStock
0.00036238704888739054,BIO RAD LABORATORIES INC CLASS A,Growth,International Shares,Global Shares,Global Shares,Health Care - 35,New York Stock Exchange Inc.,USD,United States,,World Large Blend Equity,International Equities - Unhedged,IEQStock
0.0004415500095848331,CATALENT INC,Growth,International Shares,Global Shares,Global Shares,Health Care - 35,New York Stock Exchange Inc.,USD,United States,,World Large Blend Equity,International Equities - Unhedged,IEQStock
0.0002275541676623847,WHIRLPOOL CORP,Growth,International Shares,Global Shares,Global Shares,Consumer Discretionary - 25,New York Stock Exchange Inc.,USD,United States,,World Large Blend Equity,International Equities - Unhedged,IEQStock
0.00024336158476969506,INVESCO LTD,Growth,International Shares,Global Shares,Global Shares,Financials - 40,New York Stock Exchange Inc.,USD,United States,,World Large Blend Equity,International Equities - Unhedged,IEQStock
0.00014044347812595611,NORWEGIAN CRUISE LINE HOLDINGS LTD,Growth,International Shares,Global Shares,Global Shares,Consumer Discretionary - 25,New York Stock Exchange Inc.,USD,United States,,World Large Blend Equity,International Equities - Unhedged,IEQStock
0.0002179076535867895,COMERICA INC,Growth,International Shares,Global Shares,Global Shares,Financials - 40,New York Stock Exchange Inc.,USD,United States,,World Large Blend Equity,International Equities - Unhedged,IEQStock
3.610893917594636e-05,VF CORP,Growth,International Shares,Global Shares,Global Shares,Consumer Discretionary - 25,New York Stock Exchange Inc.,USD,United States,,World Large Blend Equity,International Equities - Unhedged,IEQStock
0.00022472485025884788,RALPH LAUREN CORP CLASS A,Growth,International Shares,Global Shares,Global Shares,Consumer Discretionary - 25,New York Stock Exchange Inc.,USD,United States,,World Large Blend Equity,International Equities - Unhedged,IEQStock
0.00013485593334272515,MOHAWK INDUSTRIES INC,Growth,International Shares,Global Shares,Global Shares,Consumer Discretionary - 25,New York Stock Exchange Inc.,USD,United States,,World Large Blend Equity,International Equities - Unhedged,IEQStock
0.00031915148653312053,DAVITA INC,Growth,International Shares,Global Shares,Global Shares,Health Care - 35,New York Stock Exchange Inc.,USD,United States,,World Large Blend Equity,International Equities - Unhedged,IEQStock
0.0006807384311833128,MELROSE INDUSTRIES PLC,Growth,International Shares,Global Shares,Global Shares,Energy - 10,New York Stock Exchange Inc.,USD,United States,,World Large Blend Equity,International Equities - Unhedged,IEQStock
0.0009089185689532642,EQT,Growth,International Shares,Global Shares,Global Shares,Energy - 10,New York Stock Exchange Inc.,USD,United States,,World Large Blend Equity,International Equities - Unhedged,IEQStock
0.01961755460424328,BERKSHIRE HATHAWAY INC CLASS B,Growth,International Shares,Global Shares,Global Shares,Financials - 40,New York Stock Exchange Inc.,USD,United States,,World Large Blend Equity,International Equities - Unhedged,IEQStock
0.03300549521914499,UNITEDHEALTH GROUP INC,Growth,International Shares,Global Shares,Global Shares,Health Care - 35,New York Stock Exchange Inc.,USD,United States,,World Large Blend Equity,International Equities - Unhedged,IEQStock
0.1044363383013588,ELI LILLY,Growth,International Shares,Global Shares,Global Shares,Health Care - 35,New York Stock Exchange Inc.,USD,United States,,World Large Blend Equity,International Equities - Unhedged,IEQStock
0.0203187351681665,EXXON MOBIL CORP,Growth,International Shares,Global Shares,Global Shares,Energy - 10,New York Stock Exchange Inc.,USD,United States,,World Large Blend Equity,International Equities - Unhedged,IEQStock
0.03311363869928529,JPMORGAN CHASE & CO,Growth,International Shares,Global Shares,Global Shares,Financials - 40,New York Stock Exchange Inc.,USD,United States,,World Large Blend Equity,International Equities - Unhedged,IEQStock
0.026838517503278356,VISA INC CLASS A,Growth,International Shares,Global Shares,Global Shares,Financials - 40,New York Stock Exchange Inc.,USD,United States,,World Large Blend Equity,International Equities - Unhedged,IEQStock
0.014114951307790832,JOHNSON & JOHNSON,Growth,International Shares,Global Shares,Global Shares,Health Care - 35,New York Stock Exchange Inc.,USD,United States,,World Large Blend Equity,International Equities - Unhedged,IEQStock
0.018365604814753037,PROCTER & GAMBLE,Growth,International Shares,Global Shares,Global Shares,Consumer Staples - 30,New York Stock Exchange Inc.,USD,United States,,World Large Blend Equity,International Equities - Unhedged,IEQStock
0.027064818712330387,MASTERCARD INC CLASS A,Growth,International Shares,Global Shares,Global Shares,Financials - 40,New York Stock Exchange Inc.,USD,United States,,World Large Blend Equity,International Equities - Unhedged,IEQStock
0.023420005755292454,HOME DEPOT INC,Growth,International Shares,Global Shares,Global Shares,Consumer Discretionary - 25,New York Stock Exchange Inc.,USD,United States,,World Large Blend Equity,International Equities - Unhedged,IEQStock
0.012189696007910403,MERCK & CO INC,Growth,International Shares,Global Shares,Global Shares,Health Care - 35,New York Stock Exchange Inc.,USD,United States,,World Large Blend Equity,International Equities - Unhedged,IEQStock
0.010445172759718168,CHEVRON CORP,Growth,International Shares,Global Shares,Global Shares,Energy - 10,New York Stock Exchange Inc.,USD,United States,,World Large Blend Equity,International Equities - Unhedged,IEQStock
0.018445015925499405,ABBVIE INC,Growth,International Shares,Global Shares,Global Shares,Health Care - 35,New York Stock Exchange Inc.,USD,United States,,World Large Blend Equity,International Equities - Unhedged,IEQStock
0.01736203730699442,WALMART INC,Growth,International Shares,Global Shares,Global Shares,Consumer Staples - 30,New York Stock Exchange Inc.,USD,United States,,World Large Blend Equity,International Equities - Unhedged,IEQStock
0.00939758149097248,COCA-COLA,Growth,International Shares,Global Shares,Global Shares,Consumer Staples - 30,New York Stock Exchange Inc.,USD,United States,,World Large Blend Equity,International Equities - Unhedged,IEQStock
0.015742393111791368,SALESFORCE INC,Growth,International Shares,Global Shares,Global Shares,Information Technology - 45,New York Stock Exchange Inc.,USD,United States,,World Large Blend Equity,International Equities - Unhedged,IEQStock
0.015224515899710018,ACCENTURE PLC CLASS A,Growth,International Shares,Global Shares,Global Shares,Information Technology - 45,New York Stock Exchange Inc.,USD,United States,,World Large Blend Equity,International Equities - Unhedged,IEQStock
0.010241915561069053,MCDONALDS CORP,Growth,International Shares,Global Shares,Global Shares,Consumer Discretionary - 25,New York Stock Exchange Inc.,USD,United States,,World Large Blend Equity,International Equities - Unhedged,IEQStock
0.011763152895286075,BANK OF AMERICA CORP,Growth,International Shares,Global Shares,Global Shares,Financials - 40,New York Stock Exchange Inc.,USD,United States,,World Large Blend Equity,International Equities - Unhedged,IEQStock
0.014912146991683313,THERMO FISHER SCIENTIFIC INC,Growth,International Shares,Global Shares,Global Shares,Health Care - 35,New York Stock Exchange Inc.,USD,United States,,World Large Blend Equity,International Equities - Unhedged,IEQStock
0.003198746919976587,PFIZER INC,Growth,International Shares,Global Shares,Global Shares,Health Care - 35,New York Stock Exchange Inc.,USD,United States,,World Large Blend Equity,International Equities - Unhedged,IEQStock
0.01790407267703644,ORACLE CORP,Growth,International Shares,Global Shares,Global Shares,Information Technology - 45,New York Stock Exchange Inc.,USD,United States,,World Large Blend Equity,International Equities - Unhedged,IEQStock
0.00902202591874245,ABBOTT LABORATORIES,Growth,International Shares,Global Shares,Global Shares,Health Care - 35,New York Stock Exchange Inc.,USD,United States,,World Large Blend Equity,International Equities - Unhedged,IEQStock
0.004328566322953818,WALT DISNEY,Growth,International Shares,Global Shares,Global Shares,Communication Services - 50,New York Stock Exchange Inc.,USD,United States,,World Large Blend Equity,International Equities - Unhedged,IEQStock
0.0036972456277245182,VERIZON COMMUNICATIONS INC,Growth,International Shares,Global Shares,Global Shares,Communication Services - 50,New York Stock Exchange Inc.,USD,United States,,World Large Blend Equity,International Equities - Unhedged,IEQStock
0.007447439016085256,WELLS FARGO,Growth,International Shares,Global Shares,Global Shares,Financials - 40,New York Stock Exchange Inc.,USD,United States,,World Large Blend Equity,International Equities - Unhedged,IEQStock
0.008639423113819001,PHILIP MORRIS INTERNATIONAL INC,Growth,International Shares,Global Shares,Global Shares,Consumer Staples - 30,New York Stock Exchange Inc.,USD,United States,,World Large Blend Equity,International Equities - Unhedged,IEQStock
0.007366330149223413,CONOCOPHILLIPS,Growth,International Shares,Global Shares,Global Shares,Energy - 10,New York Stock Exchange Inc.,USD,United States,,World Large Blend Equity,International Equities - Unhedged,IEQStock
0.007904612934203196,INTERNATIONAL BUSINESS MACHINES CO,Growth,International Shares,Global Shares,Global Shares,Information Technology - 45,New York Stock Exchange Inc.,USD,United States,,World Large Blend Equity,International Equities - Unhedged,IEQStock
0.003910470600355069,NIKE INC CLASS B,Growth,International Shares,Global Shares,Global Shares,Consumer Discretionary - 25,New York Stock Exchange Inc.,USD,United States,,World Large Blend Equity,International Equities - Unhedged,IEQStock
0.012285880703259162,DANAHER CORP,Growth,International Shares,Global Shares,Global Shares,Health Care - 35,New York Stock Exchange Inc.,USD,United States,,World Large Blend Equity,International Equities - Unhedged,IEQStock
0.007297041477155816,UNION PACIFIC CORP,Growth,International Shares,Global Shares,Global Shares,Industrials - 20,New York Stock Exchange Inc.,USD,United States,,World Large Blend Equity,International Equities - Unhedged,IEQStock
0.022159411140764744,SERVICENOW INC,Growth,International Shares,Global Shares,Global Shares,Information Technology - 45,New York Stock Exchange Inc.,USD,United States,,World Large Blend Equity,International Equities - Unhedged,IEQStock
0.011621627827892047,S&P GLOBAL INC,Growth,International Shares,Global Shares,Global Shares,Financials - 40,New York Stock Exchange Inc.,USD,United States,,World Large Blend Equity,International Equities - Unhedged,IEQStock
0.019345438832778634,GENERAL ELECTRIC,Growth,International Shares,Global Shares,Global Shares,Industrials - 20,New York Stock Exchange Inc.,USD,United States,,World Large Blend Equity,International Equities - Unhedged,IEQStock
0.008275638522133205,RTX CORP,Growth,International Shares,Global Shares,Global Shares,Industrials - 20,New York Stock Exchange Inc.,USD,United States,,World Large Blend Equity,International Equities - Unhedged,IEQStock
0.012867896493521047,CATERPILLAR INC,Growth,International Shares,Global Shares,Global Shares,Industrials - 20,New York Stock Exchange Inc.,USD,United States,,World Large Blend Equity,International Equities - Unhedged,IEQStock
0.006855480957344301,NEXTERA ENERGY INC,Growth,International Shares,Global Shares,Global Shares,Utilities - 55,New York Stock Exchange Inc.,USD,United States,,World Large Blend Equity,International Equities - Unhedged,IEQStock
0.010323470239255608,LOWES COMPANIES INC,Growth,International Shares,Global Shares,Global Shares,Consumer Discretionary - 25,New York Stock Exchange Inc.,USD,United States,,World Large Blend Equity,International Equities - Unhedged,IEQStock
0.0032769220820804213,BRISTOL MYERS SQUIBB,Growth,International Shares,Global Shares,Global Shares,Health Care - 35,New York Stock Exchange Inc.,USD,United States,,World Large Blend Equity,International Equities - Unhedged,IEQStock
0.001740359342355834,BOEING,Growth,International Shares,Global Shares,Global Shares,Industrials - 20,New York Stock Exchange Inc.,USD,United States,,World Large Blend Equity,International Equities - Unhedged,IEQStock
0.00508153447300017,ELEVANCE HEALTH INC,Growth,International Shares,Global Shares,Global Shares,Health Care - 35,New York Stock Exchange Inc.,USD,United States,,World Large Blend Equity,International Equities - Unhedged,IEQStock
0.01165159895315229,GOLDMAN SACHS GROUP INC,Growth,International Shares,Global Shares,Global Shares,Financials - 40,New York Stock Exchange Inc.,USD,United States,,World Large Blend Equity,International Equities - Unhedged,IEQStock
0.007716129478793547,TJX INC,Growth,International Shares,Global Shares,Global Shares,Consumer Discretionary - 25,New York Stock Exchange Inc.,USD,United States,,World Large Blend Equity,International Equities - Unhedged,IEQStock
0.004682603414493769,UNITED PARCEL SERVICE INC CLASS B,Growth,International Shares,Global Shares,Global Shares,Industrials - 20,New York Stock Exchange Inc.,USD,United States,,World Large Blend Equity,International Equities - Unhedged,IEQStock
0.006124652468992792,LOCKHEED MARTIN CORP,Growth,International Shares,Global Shares,Global Shares,Industrials - 20,New York Stock Exchange Inc.,USD,United States,,World Large Blend Equity,International Equities - Unhedged,IEQStock
0.008604295348841356,DEERE,Growth,International Shares,Global Shares,Global Shares,Industrials - 20,New York Stock Exchange Inc.,USD,United States,,World Large Blend Equity,International Equities - Unhedged,IEQStock
0.003342598135428913,MEDTRONIC PLC,Growth,International Shares,Global Shares,Global Shares,Health Care - 35,New York Stock Exchange Inc.,USD,United States,,World Large Blend Equity,International Equities - Unhedged,IEQStock
0.009987945703170313,MORGAN STANLEY,Growth,International Shares,Global Shares,Global Shares,Financials - 40,New York Stock Exchange Inc.,USD,United States,,World Large Blend Equity,International Equities - Unhedged,IEQStock
0.0070039349723378325,PROLOGIS REIT INC,Growth,International Shares,Global Shares,Global Shares,Real Estate - 60,New York Stock Exchange Inc.,USD,United States,,World Large Blend Equity,International Equities - Unhedged,IEQStock
0.00771497756636385,MARSH & MCLENNAN INC,Growth,International Shares,Global Shares,Global Shares,Financials - 40,New York Stock Exchange Inc.,USD,United States,,World Large Blend Equity,International Equities - Unhedged,IEQStock
0.006675014565859266,STRYKER CORP,Growth,International Shares,Global Shares,Global Shares,Health Care - 35,New York Stock Exchange Inc.,USD,United States,,World Large Blend Equity,International Equities - Unhedged,IEQStock
0.011695479286719724,PROGRESSIVE CORP,Growth,International Shares,Global Shares,Global Shares,Financials - 40,New York Stock Exchange Inc.,USD,United States,,World Large Blend Equity,International Equities - Unhedged,IEQStock
0.008214385967075752,BLACKROCK INC,Growth,International Shares,Global Shares,Global Shares,Financials - 40,New York Stock Exchange Inc.,USD,United States,,World Large Blend Equity,International Equities - Unhedged,IEQStock
0.002631896071289233,CVS HEALTH CORP,Growth,International Shares,Global Shares,Global Shares,Health Care - 35,New York Stock Exchange Inc.,USD,United States,,World Large Blend Equity,International Equities - Unhedged,IEQStock
0.0059073934335460414,CHUBB LTD,Growth,International Shares,Global Shares,Global Shares,Financials - 40,New York Stock Exchange Inc.,USD,United States,,World Large Blend Equity,International Equities - Unhedged,IEQStock
0.008986810071502255,AMERICAN EXPRESS,Growth,International Shares,Global Shares,Global Shares,Financials - 40,New York Stock Exchange Inc.,USD,United States,,World Large Blend Equity,International Equities - Unhedged,IEQStock
0.004478704874658798,CIGNA,Growth,International Shares,Global Shares,Global Shares,Health Care - 35,New York Stock Exchange Inc.,USD,United States,,World Large Blend Equity,International Equities - Unhedged,IEQStock
0.0039643188801482,AMERICAN TOWER REIT CORP,Growth,International Shares,Global Shares,Global Shares,Real Estate - 60,New York Stock Exchange Inc.,USD,United States,,World Large Blend Equity,International Equities - Unhedged,IEQStock
0.013614605899201356,EATON PLC,Growth,International Shares,Global Shares,Global Shares,Industrials - 20,New York Stock Exchange Inc.,USD,United States,,World Large Blend Equity,International Equities - Unhedged,IEQStock
0.005008705122561333,CHARLES SCHWAB CORP,Growth,International Shares,Global Shares,Global Shares,Financials - 40,New York Stock Exchange Inc.,USD,United States,,World Large Blend Equity,International Equities - Unhedged,IEQStock
0.0037646934337785794,CITIGROUP INC,Growth,International Shares,Global Shares,Global Shares,Financials - 40,New York Stock Exchange Inc.,USD,United States,,World Large Blend Equity,International Equities - Unhedged,IEQStock
0.005401330715551336,ZOETIS INC CLASS A,Growth,International Shares,Global Shares,Global Shares,Health Care - 35,New York Stock Exchange Inc.,USD,United States,,World Large Blend Equity,International Equities - Unhedged,IEQStock
0.0058649433866217885,BOSTON SCIENTIFIC CORP,Growth,International Shares,Global Shares,Global Shares,Health Care - 35,New York Stock Exchange Inc.,USD,United States,,World Large Blend Equity,International Equities - Unhedged,IEQStock
0.002348300740012887,SCHLUMBERGER NV,Growth,International Shares,Global Shares,Global Shares,Energy - 10,New York Stock Exchange Inc.,USD,United States,,World Large Blend Equity,International Equities - Unhedged,IEQStock
0.004869457735186522,SOUTHERN,Growth,International Shares,Global Shares,Global Shares,Utilities - 55,New York Stock Exchange Inc.,USD,United States,,World Large Blend Equity,International Equities - Unhedged,IEQStock
0.002246739889090231,BECTON DICKINSON,Growth,International Shares,Global Shares,Global Shares,Health Care - 35,New York Stock Exchange Inc.,USD,United States,,World Large Blend Equity,International Equities - Unhedged,IEQStock
0.006326553276557074,FISERV INC,Growth,International Shares,Global Shares,Global Shares,Financials - 40,New York Stock Exchange Inc.,USD,United States,,World Large Blend Equity,International Equities - Unhedged,IEQStock
0.002331521986375146,ALTRIA GROUP INC,Growth,International Shares,Global Shares,Global Shares,Consumer Staples - 30,New York Stock Exchange Inc.,USD,United States,,World Large Blend Equity,International Equities - Unhedged,IEQStock
0.0030986191798710342,EOG RESOURCES INC,Growth,International Shares,Global Shares,Global Shares,Energy - 10,New York Stock Exchange Inc.,USD,United States,,World Large Blend Equity,International Equities - Unhedged,IEQStock
0.014542920728677062,BLACKSTONE INC,Growth,International Shares,Global Shares,Global Shares,Financials - 40,New York Stock Exchange Inc.,USD,United States,,World Large Blend Equity,International Equities - Unhedged,IEQStock
0.0029811706033499776,DUKE ENERGY CORP,Growth,International Shares,Global Shares,Global Shares,Utilities - 55,New York Stock Exchange Inc.,USD,United States,,World Large Blend Equity,International Equities - Unhedged,IEQStock
0.00415080390306358,NORTHROP GRUMMAN CORP,Growth,International Shares,Global Shares,Global Shares,Industrials - 20,New York Stock Exchange Inc.,USD,United States,,World Large Blend Equity,International Equities - Unhedged,IEQStock
0.00444720386332626,AON PLC CLASS A,Growth,International Shares,Global Shares,Global Shares,Financials - 40,New York Stock Exchange Inc.,USD,United States,,World Large Blend Equity,International Equities - Unhedged,IEQStock
0.004358486356307405,ILLINOIS TOOL INC,Growth,International Shares,Global Shares,Global Shares,Industrials - 20,New York Stock Exchange Inc.,USD,United States,,World Large Blend Equity,International Equities - Unhedged,IEQStock
0.00455890781537354,WASTE MANAGEMENT INC,Growth,International Shares,Global Shares,Global Shares,Industrials - 20,New York Stock Exchange Inc.,USD,United States,,World Large Blend Equity,International Equities - Unhedged,IEQStock
0.0031441288659499584,COLGATE-PALMOLIVE,Growth,International Shares,Global Shares,Global Shares,Consumer Staples - 30,New York Stock Exchange Inc.,USD,United States,,World Large Blend Equity,International Equities - Unhedged,IEQStock
0.004375174424230861,INTERCONTINENTAL EXCHANGE INC,Growth,International Shares,Global Shares,Global Shares,Financials - 40,New York Stock Exchange Inc.,USD,United States,,World Large Blend Equity,International Equities - Unhedged,IEQStock
0.008517449841714035,MCKESSON CORP,Growth,International Shares,Global Shares,Global Shares,Health Care - 35,New York Stock Exchange Inc.,USD,United States,,World Large Blend Equity,International Equities - Unhedged,IEQStock
0.0014801085650579962,HUMANA INC,Growth,International Shares,Global Shares,Global Shares,Health Care - 35,New York Stock Exchange Inc.,USD,United States,,World Large Blend Equity,International Equities - Unhedged,IEQStock
0.005784132496611424,SHERWIN WILLIAMS,Growth,International Shares,Global Shares,Global Shares,Materials - 15,New York Stock Exchange Inc.,USD,United States,,World Large Blend Equity,International Equities - Unhedged,IEQStock
0.004343628342587832,MARATHON PETROLEUM CORP,Growth,International Shares,Global Shares,Global Shares,Energy - 10,New York Stock Exchange Inc.,USD,United States,,World Large Blend Equity,International Equities - Unhedged,IEQStock
0.011378766482899476,CHIPOTLE MEXICAN GRILL INC,Growth,International Shares,Global Shares,Global Shares,Consumer Discretionary - 25,New York Stock Exchange Inc.,USD,United States,,World Large Blend Equity,International Equities - Unhedged,IEQStock
0.003418565680994424,AIR PRODUCTS AND CHEMICALS INC,Growth,International Shares,Global Shares,Global Shares,Materials - 15,New York Stock Exchange Inc.,USD,United States,,World Large Blend Equity,International Equities - Unhedged,IEQStock
0.002791737051139267,FEDEX CORP,Growth,International Shares,Global Shares,Global Shares,Industrials - 20,New York Stock Exchange Inc.,USD,United States,,World Large Blend Equity,International Equities - Unhedged,IEQStock
0.0030505799710629005,GENERAL DYNAMICS CORP,Growth,International Shares,Global Shares,Global Shares,Industrials - 20,New York Stock Exchange Inc.,USD,United States,,World Large Blend Equity,International Equities - Unhedged,IEQStock
0.0034436513568246127,PIONEER NATURAL RESOURCE,Growth,International Shares,Global Shares,Global Shares,Energy - 10,New York Stock Exchange Inc.,USD,United States,,World Large Blend Equity,International Equities - Unhedged,IEQStock
0.0021110482615603497,US BANCORP,Growth,International Shares,Global Shares,Global Shares,Financials - 40,New York Stock Exchange Inc.,USD,United States,,World Large Blend Equity,International Equities - Unhedged,IEQStock
0.0032315731357566834,ARISTA NETWORKS INC,Growth,International Shares,Global Shares,Global Shares,Information Technology - 45,New York Stock Exchange Inc.,USD,United States,,World Large Blend Equity,International Equities - Unhedged,IEQStock
0.005712739870428139,MOODYS CORP,Growth,International Shares,Global Shares,Global Shares,Financials - 40,New York Stock Exchange Inc.,USD,United States,,World Large Blend Equity,International Equities - Unhedged,IEQStock
0.005378245086983252,ARTHUR J GALLAGHER,Growth,International Shares,Global Shares,Global Shares,Financials - 40,New York Stock Exchange Inc.,USD,United States,,World Large Blend Equity,International Equities - Unhedged,IEQStock
0.007491114308920618,PARKER-HANNIFIN CORP,Growth,International Shares,Global Shares,Global Shares,Industrials - 20,New York Stock Exchange Inc.,USD,United States,,World Large Blend Equity,International Equities - Unhedged,IEQStock
0.0014188264689386624,3M,Growth,International Shares,Global Shares,Global Shares,Industrials - 20,New York Stock Exchange Inc.,USD,United States,,World Large Blend Equity,International Equities - Unhedged,IEQStock
0.0042669611962355015,TARGET CORP,Growth,International Shares,Global Shares,Global Shares,Consumer Staples - 30,New York Stock Exchange Inc.,USD,United States,,World Large Blend Equity,International Equities - Unhedged,IEQStock
0.005964972591357449,MOTOROLA SOLUTIONS INC,Growth,International Shares,Global Shares,Global Shares,Information Technology - 45,New York Stock Exchange Inc.,USD,United States,,World Large Blend Equity,International Equities - Unhedged,IEQStock
0.0024916265844168476,PHILLIPS,Growth,International Shares,Global Shares,Global Shares,Energy - 10,New York Stock Exchange Inc.,USD,United States,,World Large Blend Equity,International Equities - Unhedged,IEQStock
0.005441625099497643,AMPHENOL CORP CLASS A,Growth,International Shares,Global Shares,Global Shares,Information Technology - 45,New York Stock Exchange Inc.,USD,United States,,World Large Blend Equity,International Equities - Unhedged,IEQStock
0.006673108199179523,TRANE TECHNOLOGIES PLC,Growth,International Shares,Global Shares,Global Shares,Industrials - 20,New York Stock Exchange Inc.,USD,United States,,World Large Blend Equity,International Equities - Unhedged,IEQStock
0.007939677968914855,TRANSDIGM GROUP INC,Growth,International Shares,Global Shares,Global Shares,Industrials - 20,New York Stock Exchange Inc.,USD,United States,,World Large Blend Equity,International Equities - Unhedged,IEQStock
0.007844304131072703,FREEPORT MCMORAN INC,Growth,International Shares,Global Shares,Global Shares,Materials - 15,New York Stock Exchange Inc.,USD,United States,,World Large Blend Equity,International Equities - Unhedged,IEQStock
0.0029800712635433715,EMERSON ELECTRIC,Growth,International Shares,Global Shares,Global Shares,Industrials - 20,New York Stock Exchange Inc.,USD,United States,,World Large Blend Equity,International Equities - Unhedged,IEQStock
0.004637917853800454,AUTOZONE INC,Growth,International Shares,Global Shares,Global Shares,Consumer Discretionary - 25,New York Stock Exchange Inc.,USD,United States,,World Large Blend Equity,International Equities - Unhedged,IEQStock
0.003026919165140503,PNC FINANCIAL SERVICES GROUP INC,Growth,International Shares,Global Shares,Global Shares,Financials - 40,New York Stock Exchange Inc.,USD,United States,,World Large Blend Equity,International Equities - Unhedged,IEQStock
0.004740501346836281,HCA HEALTHCARE INC,Growth,International Shares,Global Shares,Global Shares,Health Care - 35,New York Stock Exchange Inc.,USD,United States,,World Large Blend Equity,International Equities - Unhedged,IEQStock
0.0010862513644325626,SEMPRA,Growth,International Shares,Global Shares,Global Shares,Utilities - 55,New York Stock Exchange Inc.,USD,United States,,World Large Blend Equity,International Equities - Unhedged,IEQStock
0.002714129275484669,AMERICAN INTERNATIONAL GROUP INC,Growth,International Shares,Global Shares,Global Shares,Financials - 40,New York Stock Exchange Inc.,USD,United States,,World Large Blend Equity,International Equities - Unhedged,IEQStock
0.002739271981993743,WELLTOWER INC,Growth,International Shares,Global Shares,Global Shares,Real Estate - 60,New York Stock Exchange Inc.,USD,United States,,World Large Blend Equity,International Equities - Unhedged,IEQStock
0.0023508108427085623,ECOLAB INC,Growth,International Shares,Global Shares,Global Shares,Materials - 15,New York Stock Exchange Inc.,USD,United States,,World Large Blend Equity,International Equities - Unhedged,IEQStock
0.0025574022802815973,NORFOLK SOUTHERN CORP,Growth,International Shares,Global Shares,Global Shares,Industrials - 20,New York Stock Exchange Inc.,USD,United States,,World Large Blend Equity,International Equities - Unhedged,IEQStock
0.0029720575069199207,AFLAC INC,Growth,International Shares,Global Shares,Global Shares,Financials - 40,New York Stock Exchange Inc.,USD,United States,,World Large Blend Equity,International Equities - Unhedged,IEQStock
0.002236539345408709,VALERO ENERGY CORP,Growth,International Shares,Global Shares,Global Shares,Energy - 10,New York Stock Exchange Inc.,USD,United States,,World Large Blend Equity,International Equities - Unhedged,IEQStock
0.003068987120052653,WILLIAMS INC,Growth,International Shares,Global Shares,Global Shares,Energy - 10,New York Stock Exchange Inc.,USD,United States,,World Large Blend Equity,International Equities - Unhedged,IEQStock
0.002448277022125096,CARRIER GLOBAL CORP,Growth,International Shares,Global Shares,Global Shares,Industrials - 20,New York Stock Exchange Inc.,USD,United States,,World Large Blend Equity,International Equities - Unhedged,IEQStock
0.0013948115671946956,CROWN CASTLE INC,Growth,International Shares,Global Shares,Global Shares,Real Estate - 60,New York Stock Exchange Inc.,USD,United States,,World Large Blend Equity,International Equities - Unhedged,IEQStock
0.004610794503024578,HILTON WORLDWIDE HOLDINGS INC,Growth,International Shares,Global Shares,Global Shares,Consumer Discretionary - 25,New York Stock Exchange Inc.,USD,United States,,World Large Blend Equity,International Equities - Unhedged,IEQStock
0.001383375350921671,KIMBERLY CLARK CORP,Growth,International Shares,Global Shares,Global Shares,Consumer Staples - 30,New York Stock Exchange Inc.,USD,United States,,World Large Blend Equity,International Equities - Unhedged,IEQStock
0.0015175969843090173,TRUIST FINANCIAL CORP,Growth,International Shares,Global Shares,Global Shares,Financials - 40,New York Stock Exchange Inc.,USD,United States,,World Large Blend Equity,International Equities - Unhedged,IEQStock
0.0016959482489525884,EDWARDS LIFESCIENCES CORP,Growth,International Shares,Global Shares,Global Shares,Health Care - 35,New York Stock Exchange Inc.,USD,United States,,World Large Blend Equity,International Equities - Unhedged,IEQStock
0.003300932753317144,CAPITAL ONE FINANCIAL CORP,Growth,International Shares,Global Shares,Global Shares,Financials - 40,New York Stock Exchange Inc.,USD,United States,,World Large Blend Equity,International Equities - Unhedged,IEQStock
0.001896110240437169,FORD MOTOR CO,Growth,International Shares,Global Shares,Global Shares,Consumer Discretionary - 25,New York Stock Exchange Inc.,USD,United States,,World Large Blend Equity,International Equities - Unhedged,IEQStock
0.0009590161418827967,OCCIDENTAL PETROLEUM CORP,Growth,International Shares,Global Shares,Global Shares,Energy - 10,New York Stock Exchange Inc.,USD,United States,,World Large Blend Equity,International Equities - Unhedged,IEQStock
0.00390058974671989,HESS CORP,Growth,International Shares,Global Shares,Global Shares,Energy - 10,New York Stock Exchange Inc.,USD,United States,,World Large Blend Equity,International Equities - Unhedged,IEQStock
0.005005684710565538,MSCI INC,Growth,International Shares,Global Shares,Global Shares,Financials - 40,New York Stock Exchange Inc.,USD,United States,,World Large Blend Equity,International Equities - Unhedged,IEQStock
0.0022897142922459627,TE CONNECTIVITY LTD,Growth,International Shares,Global Shares,Global Shares,Information Technology - 45,New York Stock Exchange Inc.,USD,United States,,World Large Blend Equity,International Equities - Unhedged,IEQStock
0.0023846908763328583,PUBLIC STORAGE REIT,Growth,International Shares,Global Shares,Global Shares,Real Estate - 60,New York Stock Exchange Inc.,USD,United States,,World Large Blend Equity,International Equities - Unhedged,IEQStock
0.001697118826881635,CONSTELLATION BRANDS INC CLASS A,Growth,International Shares,Global Shares,Global Shares,Consumer Staples - 30,New York Stock Exchange Inc.,USD,United States,,World Large Blend Equity,International Equities - Unhedged,IEQStock
0.002317379890240322,GENERAL MOTORS,Growth,International Shares,Global Shares,Global Shares,Consumer Discretionary - 25,New York Stock Exchange Inc.,USD,United States,,World Large Blend Equity,International Equities - Unhedged,IEQStock
0.0026537361124564455,TRAVELERS COMPANIES INC,Growth,International Shares,Global Shares,Global Shares,Financials - 40,New York Stock Exchange Inc.,USD,United States,,World Large Blend Equity,International Equities - Unhedged,IEQStock
0.0012686394786513094,CENTENE CORP,Growth,International Shares,Global Shares,Global Shares,Health Care - 35,New York Stock Exchange Inc.,USD,United States,,World Large Blend Equity,International Equities - Unhedged,IEQStock
0.001964996234236887,DIGITAL REALTY TRUST REIT INC,Growth,International Shares,Global Shares,Global Shares,Real Estate - 60,New York Stock Exchange Inc.,USD,United States,,World Large Blend Equity,International Equities - Unhedged,IEQStock
0.0014246975588596332,ARCHER DANIELS MIDLAND,Growth,International Shares,Global Shares,Global Shares,Consumer Staples - 30,New York Stock Exchange Inc.,USD,United States,,World Large Blend Equity,International Equities - Unhedged,IEQStock
0.0009785911277299698,DOMINION ENERGY INC,Growth,International Shares,Global Shares,Global Shares,Utilities - 55,New York Stock Exchange Inc.,USD,United States,,World Large Blend Equity,International Equities - Unhedged,IEQStock
0.001846764786368307,GENERAL MILLS INC,Growth,International Shares,Global Shares,Global Shares,Consumer Staples - 30,New York Stock Exchange Inc.,USD,United States,,World Large Blend Equity,International Equities - Unhedged,IEQStock
0.0024679080966319334,METLIFE INC,Growth,International Shares,Global Shares,Global Shares,Financials - 40,New York Stock Exchange Inc.,USD,United States,,World Large Blend Equity,International Equities - Unhedged,IEQStock
0.0014191270159924145,SIMON PROPERTY GROUP REIT INC,Growth,International Shares,Global Shares,Global Shares,Real Estate - 60,New York Stock Exchange Inc.,USD,United States,,World Large Blend Equity,International Equities - Unhedged,IEQStock
0.00210945896010288,ONEOK INC,Growth,International Shares,Global Shares,Global Shares,Energy - 10,New York Stock Exchange Inc.,USD,United States,,World Large Blend Equity,International Equities - Unhedged,IEQStock
0.0035375794976899772,NUCOR CORP,Growth,International Shares,Global Shares,Global Shares,Materials - 15,New York Stock Exchange Inc.,USD,United States,,World Large Blend Equity,International Equities - Unhedged,IEQStock
0.006300467243598533,D R HORTON INC,Growth,International Shares,Global Shares,Global Shares,Consumer Discretionary - 25,New York Stock Exchange Inc.,USD,United States,,World Large Blend Equity,International Equities - Unhedged,IEQStock
0.0020812064951292045,IQVIA HOLDINGS INC,Growth,International Shares,Global Shares,Global Shares,Health Care - 35,New York Stock Exchange Inc.,USD,United States,,World Large Blend Equity,International Equities - Unhedged,IEQStock
0.001253391545801239,REALTY INCOME REIT CORP,Growth,International Shares,Global Shares,Global Shares,Real Estate - 60,New York Stock Exchange Inc.,USD,United States,,World Large Blend Equity,International Equities - Unhedged,IEQStock
0.001508558807083636,YUM BRANDS INC,Growth,International Shares,Global Shares,Global Shares,Consumer Discretionary - 25,New York Stock Exchange Inc.,USD,United States,,World Large Blend Equity,International Equities - Unhedged,IEQStock
0.002307552083388757,CORTEVA INC,Growth,International Shares,Global Shares,Global Shares,Materials - 15,New York Stock Exchange Inc.,USD,United States,,World Large Blend Equity,International Equities - Unhedged,IEQStock
0.0010001057773558998,PG&E CORP,Growth,International Shares,Global Shares,Global Shares,Utilities - 55,New York Stock Exchange Inc.,USD,United States,,World Large Blend Equity,International Equities - Unhedged,IEQStock
0.001880724083366362,BANK OF NEW YORK MELLON CORP,Growth,International Shares,Global Shares,Global Shares,Financials - 40,New York Stock Exchange Inc.,USD,United States,,World Large Blend Equity,International Equities - Unhedged,IEQStock
0.0029932167351624504,JOHNSON CONTROLS INTERNATIONAL PLC,Growth,International Shares,Global Shares,Global Shares,Industrials - 20,New York Stock Exchange Inc.,USD,United States,,World Large Blend Equity,International Equities - Unhedged,IEQStock
0.002158886402480125,L3HARRIS TECHNOLOGIES INC,Growth,International Shares,Global Shares,Global Shares,Industrials - 20,New York Stock Exchange Inc.,USD,United States,,World Large Blend Equity,International Equities - Unhedged,IEQStock
0.004153262341954266,WW GRAINGER INC,Growth,International Shares,Global Shares,Global Shares,Industrials - 20,New York Stock Exchange Inc.,USD,United States,,World Large Blend Equity,International Equities - Unhedged,IEQStock
0.005743701193224998,AMERIPRISE FINANCE INC,Growth,International Shares,Global Shares,Global Shares,Financials - 40,New York Stock Exchange Inc.,USD,United States,,World Large Blend Equity,International Equities - Unhedged,IEQStock
0.0014051078289529899,SYSCO CORP,Growth,International Shares,Global Shares,Global Shares,Consumer Staples - 30,New York Stock Exchange Inc.,USD,United States,,World Large Blend Equity,International Equities - Unhedged,IEQStock
0.001164796755279444,DOW INC,Growth,International Shares,Global Shares,Global Shares,Materials - 15,New York Stock Exchange Inc.,USD,United States,,World Large Blend Equity,International Equities - Unhedged,IEQStock
0.0009807760579986155,HALLIBURTON,Growth,International Shares,Global Shares,Global Shares,Energy - 10,New York Stock Exchange Inc.,USD,United States,,World Large Blend Equity,International Equities - Unhedged,IEQStock
0.0026516498929825393,ALLSTATE CORP,Growth,International Shares,Global Shares,Global Shares,Financials - 40,New York Stock Exchange Inc.,USD,United States,,World Large Blend Equity,International Equities - Unhedged,IEQStock
0.002863096854712615,AMETEK INC,Growth,International Shares,Global Shares,Global Shares,Industrials - 20,New York Stock Exchange Inc.,USD,United States,,World Large Blend Equity,International Equities - Unhedged,IEQStock
0.0005254349949592459,KENVUE INC,Growth,International Shares,Global Shares,Global Shares,Consumer Staples - 30,New York Stock Exchange Inc.,USD,United States,,World Large Blend Equity,International Equities - Unhedged,IEQStock
0.001322383482099095,OTIS WORLDWIDE CORP,Growth,International Shares,Global Shares,Global Shares,Industrials - 20,New York Stock Exchange Inc.,USD,United States,,World Large Blend Equity,International Equities - Unhedged,IEQStock
0.0032410452268637835,CENCORA INC,Growth,International Shares,Global Shares,Global Shares,Health Care - 35,New York Stock Exchange Inc.,USD,United States,,World Large Blend Equity,International Equities - Unhedged,IEQStock
0.0022690404782313724,AGILENT TECHNOLOGIES INC,Growth,International Shares,Global Shares,Global Shares,Health Care - 35,New York Stock Exchange Inc.,USD,United States,,World Large Blend Equity,International Equities - Unhedged,IEQStock
0.0016848369774714316,KINDER MORGAN INC,Growth,International Shares,Global Shares,Global Shares,Energy - 10,New York Stock Exchange Inc.,USD,United States,,World Large Blend Equity,International Equities - Unhedged,IEQStock
0.002581112680922832,REPUBLIC SERVICES INC,Growth,International Shares,Global Shares,Global Shares,Industrials - 20,New York Stock Exchange Inc.,USD,United States,,World Large Blend Equity,International Equities - Unhedged,IEQStock
0.0007319844965825991,DUPONT DE NEMOURS INC,Growth,International Shares,Global Shares,Global Shares,Materials - 15,New York Stock Exchange Inc.,USD,United States,,World Large Blend Equity,International Equities - Unhedged,IEQStock
0.003693941954365048,GARTNER INC,Growth,International Shares,Global Shares,Global Shares,Information Technology - 45,New York Stock Exchange Inc.,USD,United States,,World Large Blend Equity,International Equities - Unhedged,IEQStock
0.0026025841022778453,CUMMINS INC,Growth,International Shares,Global Shares,Global Shares,Industrials - 20,New York Stock Exchange Inc.,USD,United States,,World Large Blend Equity,International Equities - Unhedged,IEQStock
0.0016142981512688483,PUBLIC SERVICE ENTERPRISE GROUP IN,Growth,International Shares,Global Shares,Global Shares,Utilities - 55,New York Stock Exchange Inc.,USD,United States,,World Large Blend Equity,International Equities - Unhedged,IEQStock
0.001249739880282667,CONSOLIDATED EDISON INC,Growth,International Shares,Global Shares,Global Shares,Utilities - 55,New York Stock Exchange Inc.,USD,United States,,World Large Blend Equity,International Equities - Unhedged,IEQStock
0.004598917953366425,LENNAR A CORP,Growth,International Shares,Global Shares,Global Shares,Consumer Discretionary - 25,New York Stock Exchange Inc.,USD,United States,,World Large Blend Equity,International Equities - Unhedged,IEQStock
0.0009250664795604452,FIDELITY NATIONAL INFORMATION SERV,Growth,International Shares,Global Shares,Global Shares,Financials - 40,New York Stock Exchange Inc.,USD,United States,,World Large Blend Equity,International Equities - Unhedged,IEQStock
0.0012875818641437107,PPG INDUSTRIES INC,Growth,International Shares,Global Shares,Global Shares,Materials - 15,New York Stock Exchange Inc.,USD,United States,,World Large Blend Equity,International Equities - Unhedged,IEQStock
0.008381102808549321,UNITED RENTALS INC,Growth,International Shares,Global Shares,Global Shares,Industrials - 20,New York Stock Exchange Inc.,USD,United States,,World Large Blend Equity,International Equities - Unhedged,IEQStock
0.0019058395422662897,KROGER,Growth,International Shares,Global Shares,Global Shares,Consumer Staples - 30,New York Stock Exchange Inc.,USD,United States,,World Large Blend Equity,International Equities - Unhedged,IEQStock
0.0018738187461093936,ROCKWELL AUTOMATION INC,Growth,International Shares,Global Shares,Global Shares,Industrials - 20,New York Stock Exchange Inc.,USD,United States,,World Large Blend Equity,International Equities - Unhedged,IEQStock
0.0015892905113466611,VICI PPTYS INC,Growth,International Shares,Global Shares,Global Shares,Real Estate - 60,New York Stock Exchange Inc.,USD,United States,,World Large Blend Equity,International Equities - Unhedged,IEQStock
0.0016960441812566304,DEVON ENERGY CORP,Growth,International Shares,Global Shares,Global Shares,Energy - 10,New York Stock Exchange Inc.,USD,United States,,World Large Blend Equity,International Equities - Unhedged,IEQStock
0.0015878408928091537,PRUDENTIAL PLC,Growth,International Shares,Global Shares,Global Shares,Financials - 40,New York Stock Exchange Inc.,USD,United States,,World Large Blend Equity,International Equities - Unhedged,IEQStock
0.0010632230768223448,GLOBAL PAYMENTS INC,Growth,International Shares,Global Shares,Global Shares,Financials - 40,New York Stock Exchange Inc.,USD,United States,,World Large Blend Equity,International Equities - Unhedged,IEQStock
0.0013624073291534813,HERSHEY FOODS,Growth,International Shares,Global Shares,Global Shares,Consumer Staples - 30,New York Stock Exchange Inc.,USD,United States,,World Large Blend Equity,International Equities - Unhedged,IEQStock
0.0022798704486380037,VULCAN MATERIALS,Growth,International Shares,Global Shares,Global Shares,Materials - 15,New York Stock Exchange Inc.,USD,United States,,World Large Blend Equity,International Equities - Unhedged,IEQStock
0.003238839324110373,MARTIN MARIETTA MATERIALS INC,Growth,International Shares,Global Shares,Global Shares,Materials - 15,New York Stock Exchange Inc.,USD,United States,,World Large Blend Equity,International Equities - Unhedged,IEQStock
0.0044116018041291975,INGERSOLL RAND INC,Growth,International Shares,Global Shares,Global Shares,Industrials - 20,New York Stock Exchange Inc.,USD,United States,,World Large Blend Equity,International Equities - Unhedged,IEQStock
0.001714962307726556,CARDINAL HEALTH INC,Growth,International Shares,Global Shares,Global Shares,Health Care - 35,New York Stock Exchange Inc.,USD,United States,,World Large Blend Equity,International Equities - Unhedged,IEQStock
0.0011341845625619622,WEC ENERGY GROUP INC,Growth,International Shares,Global Shares,Global Shares,Utilities - 55,New York Stock Exchange Inc.,USD,United States,,World Large Blend Equity,International Equities - Unhedged,IEQStock
0.003784284947197541,TELUS CORP,Growth,International Shares,Global Shares,Global Shares,Communication Services - 50,New York Stock Exchange Inc.,USD,United States,,World Large Blend Equity,International Equities - Unhedged,IEQStock
0.0010724198792658355,AMERICAN WATER WORKS INC,Growth,International Shares,Global Shares,Global Shares,Utilities - 55,New York Stock Exchange Inc.,USD,United States,,World Large Blend Equity,International Equities - Unhedged,IEQStock
0.00221401437637616,WEST PHARMACEUTICAL SERVICES INC,Growth,International Shares,Global Shares,Global Shares,Health Care - 35,New York Stock Exchange Inc.,USD,United States,,World Large Blend Equity,International Equities - Unhedged,IEQStock
0.0011935339134102785,EDISON INTERNATIONAL,Growth,International Shares,Global Shares,Global Shares,Utilities - 55,New York Stock Exchange Inc.,USD,United States,,World Large Blend Equity,International Equities - Unhedged,IEQStock
0.008240099981308263,QUANTA SERVICES INC,Growth,International Shares,Global Shares,Global Shares,Industrials - 20,New York Stock Exchange Inc.,USD,United States,,World Large Blend Equity,International Equities - Unhedged,IEQStock
0.0010469624613069814,AVALONBAY COMMUNITIES REIT INC,Growth,International Shares,Global Shares,Global Shares,Real Estate - 60,New York Stock Exchange Inc.,USD,United States,,World Large Blend Equity,International Equities - Unhedged,IEQStock
0.001427558003843877,HP INC,Growth,International Shares,Global Shares,Global Shares,Information Technology - 45,New York Stock Exchange Inc.,USD,United States,,World Large Blend Equity,International Equities - Unhedged,IEQStock
0.000770878419025596,LYONDELLBASELL INDUSTRIES NV CLASS,Growth,International Shares,Global Shares,Global Shares,Materials - 15,New York Stock Exchange Inc.,USD,United States,,World Large Blend Equity,International Equities - Unhedged,IEQStock
0.008764276305257715,FAIR ISAAC CORP,Growth,International Shares,Global Shares,Global Shares,Information Technology - 45,New York Stock Exchange Inc.,USD,United States,,World Large Blend Equity,International Equities - Unhedged,IEQStock
0.0015009180589597828,XYLEM INC,Growth,International Shares,Global Shares,Global Shares,Industrials - 20,New York Stock Exchange Inc.,USD,United States,,World Large Blend Equity,International Equities - Unhedged,IEQStock
0.0026897021936969794,CBRE GROUP INC CLASS A,Growth,International Shares,Global Shares,Global Shares,Real Estate - 60,New York Stock Exchange Inc.,USD,United States,,World Large Blend Equity,International Equities - Unhedged,IEQStock
0.0008847146233915982,FORTIVE CORP,Growth,International Shares,Global Shares,Global Shares,Industrials - 20,New York Stock Exchange Inc.,USD,United States,,World Large Blend Equity,International Equities - Unhedged,IEQStock
0.0016097708943619154,METTLER TOLEDO INC,Growth,International Shares,Global Shares,Global Shares,Health Care - 35,New York Stock Exchange Inc.,USD,United States,,World Large Blend Equity,International Equities - Unhedged,IEQStock
0.0016960258005215125,EXTRA SPACE STORAGE REIT INC,Growth,International Shares,Global Shares,Global Shares,Real Estate - 60,New York Stock Exchange Inc.,USD,United States,,World Large Blend Equity,International Equities - Unhedged,IEQStock
0.0017511940856544982,HARTFORD FINANCIAL SERVICES GROUP,Growth,International Shares,Global Shares,Global Shares,Financials - 40,New York Stock Exchange Inc.,USD,United States,,World Large Blend Equity,International Equities - Unhedged,IEQStock
0.002674355653878318,EQUIFAX INC,Growth,International Shares,Global Shares,Global Shares,Industrials - 20,New York Stock Exchange Inc.,USD,United States,,World Large Blend Equity,International Equities - Unhedged,IEQStock
0.0019737454476121677,KEYSIGHT TECHNOLOGIES INC,Growth,International Shares,Global Shares,Global Shares,Information Technology - 45,New York Stock Exchange Inc.,USD,United States,,World Large Blend Equity,International Equities - Unhedged,IEQStock
0.001004678116671777,WEYERHAEUSER REIT,Growth,International Shares,Global Shares,Global Shares,Real Estate - 60,New York Stock Exchange Inc.,USD,United States,,World Large Blend Equity,International Equities - Unhedged,IEQStock
0.000743819602696958,ZIMMER BIOMET HOLDINGS INC,Growth,International Shares,Global Shares,Global Shares,Health Care - 35,New York Stock Exchange Inc.,USD,United States,,World Large Blend Equity,International Equities - Unhedged,IEQStock
0.001735234250805341,ROYAL CARIBBEAN GROUP LTD,Growth,International Shares,Global Shares,Global Shares,Consumer Discretionary - 25,New York Stock Exchange Inc.,USD,United States,,World Large Blend Equity,International Equities - Unhedged,IEQStock
0.0010708454508636068,CHURCH AND DWIGHT INC,Growth,International Shares,Global Shares,Global Shares,Consumer Staples - 30,New York Stock Exchange Inc.,USD,United States,,World Large Blend Equity,International Equities - Unhedged,IEQStock
0.0012194423283936706,STERIS,Growth,International Shares,Global Shares,Global Shares,Health Care - 35,New York Stock Exchange Inc.,USD,United States,,World Large Blend Equity,International Equities - Unhedged,IEQStock
0.0009429176258092066,DELTA AIR LINES INC,Growth,International Shares,Global Shares,Global Shares,Industrials - 20,New York Stock Exchange Inc.,USD,United States,,World Large Blend Equity,International Equities - Unhedged,IEQStock
0.023146925984745416,Bank Account,Defensive,Cash,Cash,Cash,ASXStock,Cash,Cash,Bank Account,Cash,Domestic Cash,Cash,Cash
0.0193607943723424,Rio Tinto Limited,Growth,Australian Shares,Australian Shares,Australian Shares,Materials - 15,ASX,AUD,Australia,,Australia Large Blend Equity,Australian Equities,ASXStock
0.0014421511594203478,TELEFONICA SA,Growth,International Shares,Global Shares,Global Shares,Communication Services - 50,Bolsa De Madrid,EUR,Spain,,World Large Blend Equity,International Equities - Unhedged,IEQStock
0.0032110383403774674,CELLNEX TELECOM SA,Growth,International Shares,Global Shares,Global Shares,Communication Services - 50,Bolsa De Madrid,EUR,Spain,,World Large Blend Equity,International Equities - Unhedged,IEQStock
0.001648147679718352,REPSOL SA,Growth,International Shares,Global Shares,Global Shares,Energy - 10,Bolsa De Madrid,EUR,Spain,,World Large Blend Equity,International Equities - Unhedged,IEQStock
0.0033922474735613964,CAIXABANK SA,Growth,International Shares,Global Shares,Global Shares,Financials - 40,Bolsa De Madrid,EUR,Spain,,World Large Blend Equity,International Equities - Unhedged,IEQStock
0.0040017738162281945,FERROVIAL SE,Growth,International Shares,Global Shares,Global Shares,Industrials - 20,Bolsa De Madrid,EUR,Spain,,World Large Blend Equity,International Equities - Unhedged,IEQStock
0.0022331810084636086,AENA SME SA,Growth,International Shares,Global Shares,Global Shares,Industrials - 20,Bolsa De Madrid,EUR,Spain,,World Large Blend Equity,International Equities - Unhedged,IEQStock
0.0011098910709784835,ACS ACTIVIDADES DE CONSTRUCCION Y,Growth,International Shares,Global Shares,Global Shares,Industrials - 20,Bolsa De Madrid,EUR,Spain,,World Large Blend Equity,International Equities - Unhedged,IEQStock
0.0005581059162100857,REDEIA CORPORACION SA,Growth,International Shares,Global Shares,Global Shares,Utilities - 55,Bolsa De Madrid,EUR,Spain,,World Large Blend Equity,International Equities - Unhedged,IEQStock
0.0005247358920196928,ENDESA SA,Growth,International Shares,Global Shares,Global Shares,Utilities - 55,Bolsa De Madrid,EUR,Spain,,World Large Blend Equity,International Equities - Unhedged,IEQStock
0.0004381781771168712,NATURGY ENERGY SA,Growth,International Shares,Global Shares,Global Shares,Utilities - 55,Bolsa De Madrid,EUR,Spain,,World Large Blend Equity,International Equities - Unhedged,IEQStock
0.00017647205036098562,ENAGAS SA,Growth,International Shares,Global Shares,Global Shares,Utilities - 55,Bolsa De Madrid,EUR,Spain,,World Large Blend Equity,International Equities - Unhedged,IEQStock
9.544345861031016e-05,GRIFOLS SA CLASS A,Growth,International Shares,Global Shares,Global Shares,Health Care - 35,Bolsa De Madrid,EUR,Spain,,World Large Blend Equity,International Equities - Unhedged,IEQStock
0.013065932547923714,IBERDROLA SA,Growth,International Shares,Global Shares,Global Shares,Utilities - 55,Bolsa De Madrid,EUR,Spain,,World Large Blend Equity,International Equities - Unhedged,IEQStock
0.012843814782809304,BANCO BILBAO VIZCAYA ARGENTARIA SA,Growth,International Shares,Global Shares,Global Shares,Financials - 40,Bolsa De Madrid,EUR,Spain,,World Large Blend Equity,International Equities - Unhedged,IEQStock
0.011482109584803618,INDUSTRIA DE DISENO TEXTIL INDITEX,Growth,International Shares,Global Shares,Global Shares,Consumer Discretionary - 25,Bolsa De Madrid,EUR,Spain,,World Large Blend Equity,International Equities - Unhedged,IEQStock
0.0030359740968682516,AMADEUS IT GROUP SA,Growth,International Shares,Global Shares,Global Shares,Consumer Discretionary - 25,Bolsa De Madrid,EUR,Spain,,World Large Blend Equity,International Equities - Unhedged,IEQStock
0.00021333872033527587,SOLVAY SA,Growth,International Shares,Global Shares,Global Shares,Materials - 15,Brussels Stock Exchange,EUR,Belgium,,World Large Blend Equity,International Equities - Unhedged,IEQStock
0.006697984501965675,DEUTSCHE BANK AG,Growth,International Shares,Global Shares,Global Shares,Financials - 40,Deutsche Boerse Markets,EUR,Germany,,World Large Blend Equity,International Equities - Unhedged,IEQStock
0.001787755842884876,VONOVIA SE,Growth,International Shares,Global Shares,Global Shares,Real Estate - 60,Deutsche Boerse Markets,EUR,Germany,,World Large Blend Equity,International Equities - Unhedged,IEQStock
0.004381852132328848,DAIMLER TRUCK HOLDING E AG,Growth,International Shares,Global Shares,Global Shares,Industrials - 20,Deutsche Boerse Markets,EUR,Germany,,World Large Blend Equity,International Equities - Unhedged,IEQStock
0.0022402755172283365,SIEMENS HEALTHINEERS AG,Growth,International Shares,Global Shares,Global Shares,Health Care - 35,Deutsche Boerse Markets,EUR,Germany,,World Large Blend Equity,International Equities - Unhedged,IEQStock
0.0025607261593949813,SYMRISE AG,Growth,International Shares,Global Shares,Global Shares,Materials - 15,Deutsche Boerse Markets,EUR,Germany,,World Large Blend Equity,International Equities - Unhedged,IEQStock
0.003418055467317475,HANNOVER RUECK,Growth,International Shares,Global Shares,Global Shares,Financials - 40,Deutsche Boerse Markets,EUR,Germany,,World Large Blend Equity,International Equities - Unhedged,IEQStock
0.0018862550113558434,BEIERSDORF AG,Growth,International Shares,Global Shares,Global Shares,Consumer Staples - 30,Deutsche Boerse Markets,EUR,Germany,,World Large Blend Equity,International Equities - Unhedged,IEQStock
0.01242927529853692,RHEINMETALL AG,Growth,International Shares,Global Shares,Global Shares,Industrials - 20,Deutsche Boerse Markets,EUR,Germany,,World Large Blend Equity,International Equities - Unhedged,IEQStock
0.0010677669985844807,HENKEL & KGAA PREF AG,Growth,International Shares,Global Shares,Global Shares,Consumer Staples - 30,Deutsche Boerse Markets,EUR,Germany,,World Large Blend Equity,International Equities - Unhedged,IEQStock
0.003719468966826533,COMMERZBANK AG,Growth,International Shares,Global Shares,Global Shares,Financials - 40,Deutsche Boerse Markets,EUR,Germany,,World Large Blend Equity,International Equities - Unhedged,IEQStock
0.0020317542286201595,BRENNTAG,Growth,International Shares,Global Shares,Global Shares,Industrials - 20,Deutsche Boerse Markets,EUR,Germany,,World Large Blend Equity,International Equities - Unhedged,IEQStock
0.0008436897118444562,FRESENIUS SE AND CO KGAA,Growth,International Shares,Global Shares,Global Shares,Health Care - 35,Deutsche Boerse Markets,EUR,Germany,,World Large Blend Equity,International Equities - Unhedged,IEQStock
0.0024299603364644107,MTU AERO ENGINES HOLDING AG,Growth,International Shares,Global Shares,Global Shares,Industrials - 20,Deutsche Boerse Markets,EUR,Germany,,World Large Blend Equity,International Equities - Unhedged,IEQStock
0.0024267379321000152,HEIDELBERG MATERIALS AG,Growth,International Shares,Global Shares,Global Shares,Materials - 15,Deutsche Boerse Markets,EUR,Germany,,World Large Blend Equity,International Equities - Unhedged,IEQStock
0.0012939650587917566,COVESTRO AG,Growth,International Shares,Global Shares,Global Shares,Materials - 15,Deutsche Boerse Markets,EUR,Germany,,World Large Blend Equity,International Equities - Unhedged,IEQStock
0.002328311022620443,SARTORIUS PREF AG,Growth,International Shares,Global Shares,Global Shares,Health Care - 35,Deutsche Boerse Markets,EUR,Germany,,World Large Blend Equity,International Equities - Unhedged,IEQStock
0.0006301011193656199,PORSCHE AUTOMOBIL HOLDING PREF,Growth,International Shares,Global Shares,Global Shares,Consumer Discretionary - 25,Deutsche Boerse Markets,EUR,Germany,,World Large Blend Equity,International Equities - Unhedged,IEQStock
0.0003540804371784219,CONTINENTAL AG,Growth,International Shares,Global Shares,Global Shares,Consumer Discretionary - 25,Deutsche Boerse Markets,EUR,Germany,,World Large Blend Equity,International Equities - Unhedged,IEQStock
0.00047340178467238076,FRESENIUS MEDICAL CARE AG,Growth,International Shares,Global Shares,Global Shares,Health Care - 35,Deutsche Boerse Markets,EUR,Germany,,World Large Blend Equity,International Equities - Unhedged,IEQStock
0.0006243422974071232,HENKEL AG,Growth,International Shares,Global Shares,Global Shares,Consumer Staples - 30,Deutsche Boerse Markets,EUR,Germany,,World Large Blend Equity,International Equities - Unhedged,IEQStock
0.0006385392038013556,DELIVERY HERO,Growth,International Shares,Global Shares,Global Shares,Consumer Discretionary - 25,Deutsche Boerse Markets,EUR,Germany,,World Large Blend Equity,International Equities - Unhedged,IEQStock
0.0004174843932722276,PUMA,Growth,International Shares,Global Shares,Global Shares,Consumer Discretionary - 25,Deutsche Boerse Markets,EUR,Germany,,World Large Blend Equity,International Equities - Unhedged,IEQStock
0.001314269843483874,GEA GROUP AG,Growth,International Shares,Global Shares,Global Shares,Industrials - 20,Deutsche Boerse Markets,EUR,Germany,,World Large Blend Equity,International Equities - Unhedged,IEQStock
0.0006098134703431549,LEG IMMOBILIEN N,Growth,International Shares,Global Shares,Global Shares,Real Estate - 60,Deutsche Boerse Markets,EUR,Germany,,World Large Blend Equity,International Equities - Unhedged,IEQStock
0.0006961850497635063,BMW PREF AG,Growth,International Shares,Global Shares,Global Shares,Consumer Discretionary - 25,Deutsche Boerse Markets,EUR,Germany,,World Large Blend Equity,International Equities - Unhedged,IEQStock
0.0005251707111759015,ZALANDO,Growth,International Shares,Global Shares,Global Shares,Consumer Discretionary - 25,Deutsche Boerse Markets,EUR,Germany,,World Large Blend Equity,International Equities - Unhedged,IEQStock
0.0015809933790658847,SIEMENS ENERGY N AG,Growth,International Shares,Global Shares,Global Shares,Industrials - 20,Deutsche Boerse Markets,EUR,Germany,,World Large Blend Equity,International Equities - Unhedged,IEQStock
0.00017676387488645988,HELLOFRESH,Growth,International Shares,Global Shares,Global Shares,Consumer Staples - 30,Deutsche Boerse Markets,EUR,Germany,,World Large Blend Equity,International Equities - Unhedged,IEQStock
0.0003160279966380449,VOLKSWAGEN AG,Growth,International Shares,Global Shares,Global Shares,Consumer Discretionary - 25,Deutsche Boerse Markets,EUR,Germany,,World Large Blend Equity,International Equities - Unhedged,IEQStock
0.047969209955915734,SAP,Growth,International Shares,Global Shares,Global Shares,Information Technology - 45,Deutsche Boerse Markets,EUR,Germany,,World Large Blend Equity,International Equities - Unhedged,IEQStock
0.02696769599034074,SIEMENS N AG,Growth,International Shares,Global Shares,Global Shares,Industrials - 20,Deutsche Boerse Markets,EUR,Germany,,World Large Blend Equity,International Equities - Unhedged,IEQStock
0.019711024860006098,ALLIANZ,Growth,International Shares,Global Shares,Global Shares,Financials - 40,Deutsche Boerse Markets,EUR,Germany,,World Large Blend Equity,International Equities - Unhedged,IEQStock
0.017467532307575813,DEUTSCHE TELEKOM N AG,Growth,International Shares,Global Shares,Global Shares,Communication Services - 50,Deutsche Boerse Markets,EUR,Germany,,World Large Blend Equity,International Equities - Unhedged,IEQStock
0.016056215941292473,MUENCHENER RUECKVERSICHERUNGS-GESE,Growth,International Shares,Global Shares,Global Shares,Financials - 40,Deutsche Boerse Markets,EUR,Germany,,World Large Blend Equity,International Equities - Unhedged,IEQStock
0.007635537335652127,MERCEDES-BENZ GROUP N AG,Growth,International Shares,Global Shares,Global Shares,Consumer Discretionary - 25,Deutsche Boerse Markets,EUR,Germany,,World Large Blend Equity,International Equities - Unhedged,IEQStock
0.001135510844301331,BAYER AG,Growth,International Shares,Global Shares,Global Shares,Health Care - 35,Deutsche Boerse Markets,EUR,Germany,,World Large Blend Equity,International Equities - Unhedged,IEQStock
0.003469191334320551,BASF N,Growth,International Shares,Global Shares,Global Shares,Materials - 15,Deutsche Boerse Markets,EUR,Germany,,World Large Blend Equity,International Equities - Unhedged,IEQStock
0.008201531617198922,INFINEON TECHNOLOGIES AG,Growth,International Shares,Global Shares,Global Shares,Information Technology - 45,Deutsche Boerse Markets,EUR,Germany,,World Large Blend Equity,International Equities - Unhedged,IEQStock
0.006095946405942681,DEUTSCHE POST AG,Growth,International Shares,Global Shares,Global Shares,Industrials - 20,Deutsche Boerse Markets,EUR,Germany,,World Large Blend Equity,International Equities - Unhedged,IEQStock
0.00781923506248319,DEUTSCHE BOERSE AG,Growth,International Shares,Global Shares,Global Shares,Financials - 40,Deutsche Boerse Markets,EUR,Germany,,World Large Blend Equity,International Equities - Unhedged,IEQStock
0.004105834670852233,ADIDAS N AG,Growth,International Shares,Global Shares,Global Shares,Consumer Discretionary - 25,Deutsche Boerse Markets,EUR,Germany,,World Large Blend Equity,International Equities - Unhedged,IEQStock
0.003491633649103375,BMW AG,Growth,International Shares,Global Shares,Global Shares,Consumer Discretionary - 25,Deutsche Boerse Markets,EUR,Germany,,World Large Blend Equity,International Equities - Unhedged,IEQStock
0.004144673991818263,E.ON N,Growth,International Shares,Global Shares,Global Shares,Utilities - 55,Deutsche Boerse Markets,EUR,Germany,,World Large Blend Equity,International Equities - Unhedged,IEQStock
0.0035162923434620395,RWE AG,Growth,International Shares,Global Shares,Global Shares,Utilities - 55,Deutsche Boerse Markets,EUR,Germany,,World Large Blend Equity,International Equities - Unhedged,IEQStock
0.0017444153150254229,VOLKSWAGEN NON-VOTING PREF AG,Growth,International Shares,Global Shares,Global Shares,Consumer Discretionary - 25,Deutsche Boerse Markets,EUR,Germany,,World Large Blend Equity,International Equities - Unhedged,IEQStock
0.0005366050384919108,DR ING HC F PORSCHE PRF AG,Growth,International Shares,Global Shares,Global Shares,Consumer Discretionary - 25,Deutsche Boerse Markets,EUR,Germany,,World Large Blend Equity,International Equities - Unhedged,IEQStock
0.0009600242415087431,QIAGEN NV,Growth,International Shares,Global Shares,Global Shares,Health Care - 35,Deutsche Boerse Xetra,EUR,Germany,,World Large Blend Equity,International Equities - Unhedged,IEQStock
0.014842500923415389,ADYEN NV,Growth,International Shares,Global Shares,Global Shares,Financials - 40,Euronext Amsterdam,EUR,Netherlands,,World Large Blend Equity,International Equities - Unhedged,IEQStock
0.04134352234239408,ASM INTERNATIONAL NV,Growth,International Shares,Global Shares,Global Shares,Information Technology - 45,Euronext Amsterdam,EUR,Netherlands,,World Large Blend Equity,International Equities - Unhedged,IEQStock
0.0019186021493314608,DSM FIRMENICH AG,Growth,International Shares,Global Shares,Global Shares,Materials - 15,Euronext Amsterdam,EUR,Netherlands,,World Large Blend Equity,International Equities - Unhedged,IEQStock
0.002887320253442945,UNIVERSAL MUSIC GROUP NV,Growth,International Shares,Global Shares,Global Shares,Communication Services - 50,Euronext Amsterdam,EUR,Netherlands,,World Large Blend Equity,International Equities - Unhedged,IEQStock
0.0014973030361202782,KONINKLIJKE PHILIPS NV,Growth,International Shares,Global Shares,Global Shares,Health Care - 35,Euronext Amsterdam,EUR,Netherlands,,World Large Blend Equity,International Equities - Unhedged,IEQStock
0.00103111152773223,AKZO NOBEL NV,Growth,International Shares,Global Shares,Global Shares,Materials - 15,Euronext Amsterdam,EUR,Netherlands,,World Large Blend Equity,International Equities - Unhedged,IEQStock
0.0016468332369390856,KONINKLIJKE KPN NV,Growth,International Shares,Global Shares,Global Shares,Communication Services - 50,Euronext Amsterdam,EUR,Netherlands,,World Large Blend Equity,International Equities - Unhedged,IEQStock
0.0014670271280246073,ARCELORMITTAL SA,Growth,International Shares,Global Shares,Global Shares,Materials - 15,Euronext Amsterdam,EUR,France,,World Large Blend Equity,International Equities - Unhedged,IEQStock
0.0016622029026055192,NN GROUP NV,Growth,International Shares,Global Shares,Global Shares,Financials - 40,Euronext Amsterdam,EUR,Netherlands,,World Large Blend Equity,International Equities - Unhedged,IEQStock
0.006784387630566089,BE SEMICONDUCTOR INDUSTRIES NV,Growth,International Shares,Global Shares,Global Shares,Information Technology - 45,Euronext Amsterdam,EUR,Netherlands,,World Large Blend Equity,International Equities - Unhedged,IEQStock
0.002489408805434199,EXOR NV,Growth,International Shares,Global Shares,Global Shares,Financials - 40,Euronext Amsterdam,EUR,Netherlands,,World Large Blend Equity,International Equities - Unhedged,IEQStock
0.0006454400357110768,HEINEKEN HOLDING NV,Growth,International Shares,Global Shares,Global Shares,Consumer Staples - 30,Euronext Amsterdam,EUR,Netherlands,,World Large Blend Equity,International Equities - Unhedged,IEQStock
0.002503777520464124,IMCD NV,Growth,International Shares,Global Shares,Global Shares,Industrials - 20,Euronext Amsterdam,EUR,Netherlands,,World Large Blend Equity,International Equities - Unhedged,IEQStock
0.0010628232740325897,AEGON LTD,Growth,International Shares,Global Shares,Global Shares,Financials - 40,Euronext Amsterdam,EUR,Netherlands,,World Large Blend Equity,International Equities - Unhedged,IEQStock
0.0007814555311634619,RANDSTAD HOLDING,Growth,International Shares,Global Shares,Global Shares,Industrials - 20,Euronext Amsterdam,EUR,Netherlands,,World Large Blend Equity,International Equities - Unhedged,IEQStock
0.00047331283234100985,ABN AMRO BANK NV,Growth,International Shares,Global Shares,Global Shares,Financials - 40,Euronext Amsterdam,EUR,Netherlands,,World Large Blend Equity,International Equities - Unhedged,IEQStock
0.17488486617876892,ASML HOLDING NV,Growth,International Shares,Global Shares,Global Shares,Information Technology - 45,Euronext Amsterdam,EUR,Netherlands,,World Large Blend Equity,International Equities - Unhedged,IEQStock
0.009372080608668235,ING GROEP NV,Growth,International Shares,Global Shares,Global Shares,Financials - 40,Euronext Amsterdam,EUR,Netherlands,,World Large Blend Equity,International Equities - Unhedged,IEQStock
0.005873473122337463,PROSUS NV,Growth,International Shares,Global Shares,Global Shares,Consumer Discretionary - 25,Euronext Amsterdam,EUR,Netherlands,,World Large Blend Equity,International Equities - Unhedged,IEQStock
0.011499477403311123,WOLTERS KLUWER NV,Growth,International Shares,Global Shares,Global Shares,Industrials - 20,Euronext Amsterdam,EUR,Netherlands,,World Large Blend Equity,International Equities - Unhedged,IEQStock
0.003954473573663399,KONINKLIJKE AHOLD DELHAIZE NV,Growth,International Shares,Global Shares,Global Shares,Consumer Staples - 30,Euronext Amsterdam,EUR,Netherlands,,World Large Blend Equity,International Equities - Unhedged,IEQStock
0.0022950493364307365,HEINEKEN NV,Growth,International Shares,Global Shares,Global Shares,Consumer Staples - 30,Euronext Amsterdam,EUR,Netherlands,,World Large Blend Equity,International Equities - Unhedged,IEQStock
0.0032298228013267227,KBC GROEP,Growth,International Shares,Global Shares,Global Shares,Financials - 40,Euronext Brussels,EUR,Belgium,,World Large Blend Equity,International Equities - Unhedged,IEQStock
0.0034385534118612257,UCB SA,Growth,International Shares,Global Shares,Global Shares,Health Care - 35,Euronext Brussels,EUR,Belgium,,World Large Blend Equity,International Equities - Unhedged,IEQStock
0.0006497184685698602,GROUPE BRUXELLES LAMBERT NV,Growth,International Shares,Global Shares,Global Shares,Financials - 40,Euronext Brussels,EUR,Belgium,,World Large Blend Equity,International Equities - Unhedged,IEQStock
0.0009097023526456113,AGEAS SA,Growth,International Shares,Global Shares,Global Shares,Financials - 40,Euronext Brussels,EUR,Belgium,,World Large Blend Equity,International Equities - Unhedged,IEQStock
0.0001342699822457277,UMICORE SA,Growth,International Shares,Global Shares,Global Shares,Materials - 15,Euronext Brussels,EUR,Belgium,,World Large Blend Equity,International Equities - Unhedged,IEQStock
0.006200096526840399,ANHEUSER-BUSCH INBEV SA,Growth,International Shares,Global Shares,Global Shares,Consumer Staples - 30,Euronext Brussels,EUR,Belgium,,World Large Blend Equity,International Equities - Unhedged,IEQStock
0.014239608344452816,ARGENX,Growth,International Shares,Global Shares,Global Shares,Health Care - 35,Euronext Brussels,EUR,Belgium,,World Large Blend Equity,International Equities - Unhedged,IEQStock
0.002991907190779044,KINGSPAN GROUP PLC,Growth,International Shares,Global Shares,Global Shares,Industrials - 20,Euronext Dublin,EUR,Ireland,,World Large Blend Equity,International Equities - Unhedged,IEQStock
0.0020404560127736905,SMURFIT KAPPA GROUP PLC,Growth,International Shares,Global Shares,Global Shares,Materials - 15,Euronext Dublin,EUR,Ireland,,World Large Blend Equity,International Equities - Unhedged,IEQStock
0.0016715484068290133,BANK OF IRELAND GROUP PLC,Growth,International Shares,Global Shares,Global Shares,Financials - 40,Euronext Dublin,EUR,Ireland,,World Large Blend Equity,International Equities - Unhedged,IEQStock
0.00916834584569884,FLUTTER ENTERTAINMENT PLC,Growth,International Shares,Global Shares,Global Shares,Consumer Discretionary - 25,Euronext Dublin,EUR,Ireland,,World Large Blend Equity,International Equities - Unhedged,IEQStock
0.0013671224282416385,EDP ENERGIAS DE PORTUGAL SA,Growth,International Shares,Global Shares,Global Shares,Utilities - 55,Euronext Lisbon,EUR,Portugal,,World Large Blend Equity,International Equities - Unhedged,IEQStock
0.001094172881778212,JERONIMO MARTINS SA,Growth,International Shares,Global Shares,Global Shares,Consumer Staples - 30,Euronext Lisbon,EUR,Portugal,,World Large Blend Equity,International Equities - Unhedged,IEQStock
0.0008411699470112559,GALP ENERGIA SGPS SA,Growth,International Shares,Global Shares,Global Shares,Energy - 10,Euronext Lisbon,EUR,Portugal,,World Large Blend Equity,International Equities - Unhedged,IEQStock
0.00633099655782804,STMICROELECTRONICS NV,Growth,International Shares,Global Shares,Global Shares,Information Technology - 45,Euronext Milan,EUR,Italy,,World Large Blend Equity,International Equities - Unhedged,IEQStock
0.004666784501037041,ASSICURAZIONI GENERALI,Growth,International Shares,Global Shares,Global Shares,Financials - 40,Euronext Milan,EUR,Italy,,World Large Blend Equity,International Equities - Unhedged,IEQStock
0.0026295305982171812,MONCLER,Growth,International Shares,Global Shares,Global Shares,Consumer Discretionary - 25,Euronext Milan,EUR,Italy,,World Large Blend Equity,International Equities - Unhedged,IEQStock
0.0018866671849475456,TERNA RETE ELETTRICA NAZIONALE,Growth,International Shares,Global Shares,Global Shares,Utilities - 55,Euronext Milan,EUR,Italy,,World Large Blend Equity,International Equities - Unhedged,IEQStock
0.005328156762152779,PRYSMIAN,Growth,International Shares,Global Shares,Global Shares,Industrials - 20,Euronext Milan,EUR,Italy,,World Large Blend Equity,International Equities - Unhedged,IEQStock
0.0011106015046254878,SNAM,Growth,International Shares,Global Shares,Global Shares,Utilities - 55,Euronext Milan,EUR,Italy,,World Large Blend Equity,International Equities - Unhedged,IEQStock
0.003022515326207304,BANCO BPM,Growth,International Shares,Global Shares,Global Shares,Financials - 40,Euronext Milan,EUR,Italy,,World Large Blend Equity,International Equities - Unhedged,IEQStock
0.0019744533373858195,MEDIOBANCA BANCA DI CREDITO FINANZ,Growth,International Shares,Global Shares,Global Shares,Financials - 40,Euronext Milan,EUR,Italy,,World Large Blend Equity,International Equities - Unhedged,IEQStock
0.0013690741327924661,TENARIS SA,Growth,International Shares,Global Shares,Global Shares,Energy - 10,Euronext Milan,EUR,Italy,,World Large Blend Equity,International Equities - Unhedged,IEQStock
0.001427604960936894,FINECOBANK BANCA FINECO,Growth,International Shares,Global Shares,Global Shares,Financials - 40,Euronext Milan,EUR,Italy,,World Large Blend Equity,International Equities - Unhedged,IEQStock
0.00043997319720747916,NEXI,Growth,International Shares,Global Shares,Global Shares,Financials - 40,Euronext Milan,EUR,Italy,,World Large Blend Equity,International Equities - Unhedged,IEQStock
0.00010271864321229842,TELECOM ITALIA,Growth,International Shares,Global Shares,Global Shares,Communication Services - 50,Euronext Milan,EUR,Italy,,World Large Blend Equity,International Equities - Unhedged,IEQStock
0.007075198424394358,ENEL,Growth,International Shares,Global Shares,Global Shares,Utilities - 55,Euronext Milan,EUR,Italy,,World Large Blend Equity,International Equities - Unhedged,IEQStock
0.024999054509401673,UNICREDIT,Growth,International Shares,Global Shares,Global Shares,Financials - 40,Euronext Milan,EUR,Italy,,World Large Blend Equity,International Equities - Unhedged,IEQStock
0.006144868419703811,STELLANTIS NV,Growth,International Shares,Global Shares,Global Shares,Consumer Discretionary - 25,Euronext Milan,EUR,Italy,,World Large Blend Equity,International Equities - Unhedged,IEQStock
0.011041252123923932,INTESA SANPAOLO,Growth,International Shares,Global Shares,Global Shares,Financials - 40,Euronext Milan,EUR,Italy,,World Large Blend Equity,International Equities - Unhedged,IEQStock
0.027029951720159758,FERRARI NV,Growth,International Shares,Global Shares,Global Shares,Consumer Discretionary - 25,Euronext Milan,EUR,Italy,,World Large Blend Equity,International Equities - Unhedged,IEQStock
0.003913837520614125,ENI,Growth,International Shares,Global Shares,Global Shares,Energy - 10,Euronext Milan,EUR,Italy,,World Large Blend Equity,International Equities - Unhedged,IEQStock
0.00013746789769408262,TELECOM ITALIA SAVING,Growth,International Shares,Global Shares,Global Shares,Communication Services - 50,Euronext Milan,EUR,Italy,,World Large Blend Equity,International Equities - Unhedged,IEQStock
0.0029822637572271024,DNB BANK,Growth,International Shares,Global Shares,Global Shares,Financials - 40,Euronext Oslo Bors,NOK,Norway,,World Large Blend Equity,International Equities - Unhedged,IEQStock
0.0008035432175649865,AKER BP,Growth,International Shares,Global Shares,Global Shares,Energy - 10,Euronext Oslo Bors,NOK,Norway,,World Large Blend Equity,International Equities - Unhedged,IEQStock
0.0012892274962973817,NORSK HYDRO,Growth,International Shares,Global Shares,Global Shares,Materials - 15,Euronext Oslo Bors,NOK,Norway,,World Large Blend Equity,International Equities - Unhedged,IEQStock
0.0008830144563591957,MOWI,Growth,International Shares,Global Shares,Global Shares,Consumer Staples - 30,Euronext Oslo Bors,NOK,Norway,,World Large Blend Equity,International Equities - Unhedged,IEQStock
0.0007971982651723767,ORKLA,Growth,International Shares,Global Shares,Global Shares,Consumer Staples - 30,Euronext Oslo Bors,NOK,Norway,,World Large Blend Equity,International Equities - Unhedged,IEQStock
0.000529028858771799,YARA INTERNATIONAL,Growth,International Shares,Global Shares,Global Shares,Materials - 15,Euronext Oslo Bors,NOK,Norway,,World Large Blend Equity,International Equities - Unhedged,IEQStock
0.0035255457328121423,EQUINOR,Growth,International Shares,Global Shares,Global Shares,Energy - 10,Euronext Oslo Bors,NOK,Norway,,World Large Blend Equity,International Equities - Unhedged,IEQStock
7.43967552661613e-05,VALEO,Growth,International Shares,Global Shares,Global Shares,Consumer Discretionary - 25,Euronext Paris,EUR,France,,World Large Blend Equity,International Equities - Unhedged,IEQStock
0.0014454056416417064,ORANGE SA,Growth,International Shares,Global Shares,Global Shares,Communication Services - 50,Euronext Paris,EUR,France,,World Large Blend Equity,International Equities - Unhedged,IEQStock
0.003820165579102124,MICHELIN,Growth,International Shares,Global Shares,Global Shares,Consumer Discretionary - 25,Euronext Paris,EUR,France,,World Large Blend Equity,International Equities - Unhedged,IEQStock
0.004994413383392305,PUBLICIS GROUPE SA,Growth,International Shares,Global Shares,Global Shares,Communication Services - 50,Euronext Paris,EUR,France,,World Large Blend Equity,International Equities - Unhedged,IEQStock
0.003235259864768721,VEOLIA ENVIRON. SA,Growth,International Shares,Global Shares,Global Shares,Utilities - 55,Euronext Paris,EUR,France,,World Large Blend Equity,International Equities - Unhedged,IEQStock
0.00171984213205395,SOCIETE GENERALE SA,Growth,International Shares,Global Shares,Global Shares,Financials - 40,Euronext Paris,EUR,France,,World Large Blend Equity,International Equities - Unhedged,IEQStock
0.002389880110841354,CREDIT AGRICOLE SA,Growth,International Shares,Global Shares,Global Shares,Financials - 40,Euronext Paris,EUR,France,,World Large Blend Equity,International Equities - Unhedged,IEQStock
0.002169048289842281,THALES SA,Growth,International Shares,Global Shares,Global Shares,Industrials - 20,Euronext Paris,EUR,France,,World Large Blend Equity,International Equities - Unhedged,IEQStock
0.0011779805563592333,EDENRED,Growth,International Shares,Global Shares,Global Shares,Financials - 40,Euronext Paris,EUR,France,,World Large Blend Equity,International Equities - Unhedged,IEQStock
0.0008318922378264899,CARREFOUR SA,Growth,International Shares,Global Shares,Global Shares,Consumer Staples - 30,Euronext Paris,EUR,France,,World Large Blend Equity,International Equities - Unhedged,IEQStock
0.0005706512678270901,SODEXO SA,Growth,International Shares,Global Shares,Global Shares,Consumer Discretionary - 25,Euronext Paris,EUR,France,,World Large Blend Equity,International Equities - Unhedged,IEQStock
0.0003702099158448935,TELEPERFORMANCE,Growth,International Shares,Global Shares,Global Shares,Industrials - 20,Euronext Paris,EUR,France,,World Large Blend Equity,International Equities - Unhedged,IEQStock
0.002119918937373974,EURONEXT NV,Growth,International Shares,Global Shares,Global Shares,Financials - 40,Euronext Paris,EUR,France,,World Large Blend Equity,International Equities - Unhedged,IEQStock
0.0006554641514271492,RENAULT SA,Growth,International Shares,Global Shares,Global Shares,Consumer Discretionary - 25,Euronext Paris,EUR,France,,World Large Blend Equity,International Equities - Unhedged,IEQStock
0.0009995574031241912,EIFFAGE SA,Growth,International Shares,Global Shares,Global Shares,Industrials - 20,Euronext Paris,EUR,France,,World Large Blend Equity,International Equities - Unhedged,IEQStock
0.0010348236750525725,EUROFINS SCIENTIFIC,Growth,International Shares,Global Shares,Global Shares,Health Care - 35,Euronext Paris,EUR,France,,World Large Blend Equity,International Equities - Unhedged,IEQStock
0.0007204188299688883,BOUYGUES SA,Growth,International Shares,Global Shares,Global Shares,Industrials - 20,Euronext Paris,EUR,France,,World Large Blend Equity,International Equities - Unhedged,IEQStock
0.0013926061037983295,BUREAU VERITAS SA,Growth,International Shares,Global Shares,Global Shares,Industrials - 20,Euronext Paris,EUR,France,,World Large Blend Equity,International Equities - Unhedged,IEQStock
0.0006860365272254835,ARKEMA SA,Growth,International Shares,Global Shares,Global Shares,Materials - 15,Euronext Paris,EUR,France,,World Large Blend Equity,International Equities - Unhedged,IEQStock
0.0002945638279466628,VIVENDI,Growth,International Shares,Global Shares,Global Shares,Communication Services - 50,Euronext Paris,EUR,France,,World Large Blend Equity,International Equities - Unhedged,IEQStock
0.0004627845477002782,GECINA SA,Growth,International Shares,Global Shares,Global Shares,Real Estate - 60,Euronext Paris,EUR,France,,World Large Blend Equity,International Equities - Unhedged,IEQStock
0.0008470236390052704,ACCOR SA,Growth,International Shares,Global Shares,Global Shares,Consumer Discretionary - 25,Euronext Paris,EUR,France,,World Large Blend Equity,International Equities - Unhedged,IEQStock
0.00070862828522274,GETLINK,Growth,International Shares,Global Shares,Global Shares,Industrials - 20,Euronext Paris,EUR,France,,World Large Blend Equity,International Equities - Unhedged,IEQStock
0.001790726427430395,SARTORIUS STEDIM BIOTECH SA,Growth,International Shares,Global Shares,Global Shares,Health Care - 35,Euronext Paris,EUR,France,,World Large Blend Equity,International Equities - Unhedged,IEQStock
0.00024267506149506385,ALSTOM SA,Growth,International Shares,Global Shares,Global Shares,Industrials - 20,Euronext Paris,EUR,France,,World Large Blend Equity,International Equities - Unhedged,IEQStock
4.86836936767293e-05,WORLDLINE SA,Growth,International Shares,Global Shares,Global Shares,Financials - 40,Euronext Paris,EUR,France,,World Large Blend Equity,International Equities - Unhedged,IEQStock
0.056683073247403036,LVMH,Growth,International Shares,Global Shares,Global Shares,Consumer Discretionary - 25,Euronext Paris,EUR,France,,World Large Blend Equity,International Equities - Unhedged,IEQStock
0.01847875993792935,TOTALENERGIES,Growth,International Shares,Global Shares,Global Shares,Energy - 10,Euronext Paris,EUR,France,,World Large Blend Equity,International Equities - Unhedged,IEQStock
0.018980995703662667,LOREAL SA,Growth,International Shares,Global Shares,Global Shares,Consumer Staples - 30,Euronext Paris,EUR,France,,World Large Blend Equity,International Equities - Unhedged,IEQStock
0.021987531089948983,LAIR LIQUIDE SOCIETE ANONYME POUR,Growth,International Shares,Global Shares,Global Shares,Materials - 15,Euronext Paris,EUR,France,,World Large Blend Equity,International Equities - Unhedged,IEQStock
0.017737373293286344,AIRBUS GROUP,Growth,International Shares,Global Shares,Global Shares,Industrials - 20,Euronext Paris,EUR,France,,World Large Blend Equity,International Equities - Unhedged,IEQStock
0.010343347461196858,BNP PARIBAS SA,Growth,International Shares,Global Shares,Global Shares,Financials - 40,Euronext Paris,EUR,France,,World Large Blend Equity,International Equities - Unhedged,IEQStock
0.03621150396219633,HERMES INTERNATIONAL,Growth,International Shares,Global Shares,Global Shares,Consumer Discretionary - 25,Euronext Paris,EUR,France,,World Large Blend Equity,International Equities - Unhedged,IEQStock
0.009036104652887624,BANCO SANTANDER SA,Growth,International Shares,Global Shares,Global Shares,Health Care - 35,Euronext Paris,EUR,France,,World Large Blend Equity,International Equities - Unhedged,IEQStock
0.014721181231663577,SAFRAN SA,Growth,International Shares,Global Shares,Global Shares,Industrials - 20,Euronext Paris,EUR,France,,World Large Blend Equity,International Equities - Unhedged,IEQStock
0.011520381373366851,AXA SA,Growth,International Shares,Global Shares,Global Shares,Financials - 40,Euronext Paris,EUR,France,,World Large Blend Equity,International Equities - Unhedged,IEQStock
0.047875466692199324,SUNCOR ENERGY INC,Growth,International Shares,Global Shares,Global Shares,Industrials - 20,Euronext Paris,EUR,France,,World Large Blend Equity,International Equities - Unhedged,IEQStock
0.002551355404272441,PERNOD RICARD SA,Growth,International Shares,Global Shares,Global Shares,Consumer Staples - 30,Euronext Paris,EUR,France,,World Large Blend Equity,International Equities - Unhedged,IEQStock
0.0017792480581500722,KERING SA,Growth,International Shares,Global Shares,Global Shares,Consumer Discretionary - 25,Euronext Paris,EUR,France,,World Large Blend Equity,International Equities - Unhedged,IEQStock
0.006847484711856958,CAPGEMINI,Growth,International Shares,Global Shares,Global Shares,Information Technology - 45,Euronext Paris,EUR,France,,World Large Blend Equity,International Equities - Unhedged,IEQStock
0.003893335460512725,ENGIE SA,Growth,International Shares,Global Shares,Global Shares,Utilities - 55,Euronext Paris,EUR,France,,World Large Blend Equity,International Equities - Unhedged,IEQStock
0.004530516149403522,DASSAULT SYSTEMES,Growth,International Shares,Global Shares,Global Shares,Information Technology - 45,Euronext Paris,EUR,France,,World Large Blend Equity,International Equities - Unhedged,IEQStock
0.012273592242196235,ESTEE LAUDER INC CLASS A,Growth,International Shares,Global Shares,Global Shares,Health Care - 35,Euronext Paris,EUR,France,,World Large Blend Equity,International Equities - Unhedged,IEQStock
0.00943080364904016,DOLLAR GENERAL CORP,Growth,International Shares,Global Shares,Global Shares,Industrials - 20,Euronext Paris,EUR,France,,World Large Blend Equity,International Equities - Unhedged,IEQStock
0.010622315277720947,COMPAGNIE DE SAINT GOBAIN SA,Growth,International Shares,Global Shares,Global Shares,Industrials - 20,Euronext Paris,EUR,France,,World Large Blend Equity,International Equities - Unhedged,IEQStock
0.0058818766671477375,LEGRAND SA,Growth,International Shares,Global Shares,Global Shares,Industrials - 20,Euronext Paris,EUR,France,,World Large Blend Equity,International Equities - Unhedged,IEQStock
0.003473781640087244,SSE PLC,Growth,International Shares,Global Shares,Global Shares,Utilities - 55,London Stock Exchange,GBP,United Kingdom,,World Large Blend Equity,International Equities - Unhedged,IEQStock
0.0009546384648809888,VODAFONE GROUP PLC,Growth,International Shares,Global Shares,Global Shares,Communication Services - 50,London Stock Exchange,GBP,United Kingdom,,World Large Blend Equity,International Equities - Unhedged,IEQStock
0.0019926123715760936,IMPERIAL BRANDS PLC,Growth,International Shares,Global Shares,Global Shares,Consumer Staples - 30,London Stock Exchange,GBP,United Kingdom,,World Large Blend Equity,International Equities - Unhedged,IEQStock
0.0030069345673593225,HALEON PLC,Growth,International Shares,Global Shares,Global Shares,Consumer Staples - 30,London Stock Exchange,GBP,United Kingdom,,World Large Blend Equity,International Equities - Unhedged,IEQStock
0.00283737353622324,STANDARD CHARTERED PLC,Growth,International Shares,Global Shares,Global Shares,Financials - 40,London Stock Exchange,GBP,United Kingdom,,World Large Blend Equity,International Equities - Unhedged,IEQStock
0.0018045131114324791,LEGAL AND GENERAL GROUP PLC,Growth,International Shares,Global Shares,Global Shares,Financials - 40,London Stock Exchange,GBP,United Kingdom,,World Large Blend Equity,International Equities - Unhedged,IEQStock
0.0014673329225842091,AVIVA PLC,Growth,International Shares,Global Shares,Global Shares,Financials - 40,London Stock Exchange,GBP,United Kingdom,,World Large Blend Equity,International Equities - Unhedged,IEQStock
0.0018387178397345466,RENTOKIL INITIAL PLC,Growth,International Shares,Global Shares,Global Shares,Industrials - 20,London Stock Exchange,GBP,United Kingdom,,World Large Blend Equity,International Equities - Unhedged,IEQStock
0.0034798442515096544,NATWEST GROUP PLC,Growth,International Shares,Global Shares,Global Shares,Financials - 40,London Stock Exchange,GBP,United Kingdom,,World Large Blend Equity,International Equities - Unhedged,IEQStock
0.003664426118516208,INTERCONTINENTAL HOTELS GROUP PLC,Growth,International Shares,Global Shares,Global Shares,Consumer Discretionary - 25,London Stock Exchange,GBP,United Kingdom,,World Large Blend Equity,International Equities - Unhedged,IEQStock
0.0025791139983795063,SAGE GROUP PLC,Growth,International Shares,Global Shares,Global Shares,Information Technology - 45,London Stock Exchange,GBP,United Kingdom,,World Large Blend Equity,International Equities - Unhedged,IEQStock
0.001779255761988321,INFORMA PLC,Growth,International Shares,Global Shares,Global Shares,Communication Services - 50,London Stock Exchange,GBP,United Kingdom,,World Large Blend Equity,International Equities - Unhedged,IEQStock
0.001843592359443742,BUNZL,Growth,International Shares,Global Shares,Global Shares,Industrials - 20,London Stock Exchange,GBP,United Kingdom,,World Large Blend Equity,International Equities - Unhedged,IEQStock
0.0018498779339774407,SEGRO REIT PLC,Growth,International Shares,Global Shares,Global Shares,Real Estate - 60,London Stock Exchange,GBP,United Kingdom,,World Large Blend Equity,International Equities - Unhedged,IEQStock
0.0035188908395579594,NEXT PLC,Growth,International Shares,Global Shares,Global Shares,Consumer Discretionary - 25,London Stock Exchange,GBP,United Kingdom,,World Large Blend Equity,International Equities - Unhedged,IEQStock
0.0007420202361346972,CENTRICA PLC,Growth,International Shares,Global Shares,Global Shares,Utilities - 55,London Stock Exchange,GBP,United Kingdom,,World Large Blend Equity,International Equities - Unhedged,IEQStock
0.0007702198098396111,SMITH AND NEPHEW PLC,Growth,International Shares,Global Shares,Global Shares,Health Care - 35,London Stock Exchange,GBP,United Kingdom,,World Large Blend Equity,International Equities - Unhedged,IEQStock
0.0010568389725903393,ASSOCIATED BRITISH FOODS PLC,Growth,International Shares,Global Shares,Global Shares,Consumer Staples - 30,London Stock Exchange,GBP,United Kingdom,,World Large Blend Equity,International Equities - Unhedged,IEQStock
0.0009228298201045008,WPP PLC,Growth,International Shares,Global Shares,Global Shares,Communication Services - 50,London Stock Exchange,GBP,United Kingdom,,World Large Blend Equity,International Equities - Unhedged,IEQStock
0.0011852150877454928,UNITED UTILITIES GROUP PLC,Growth,International Shares,Global Shares,Global Shares,Utilities - 55,London Stock Exchange,GBP,United Kingdom,,World Large Blend Equity,International Equities - Unhedged,IEQStock
0.0019355327384122398,HALMA PLC,Growth,International Shares,Global Shares,Global Shares,Information Technology - 45,London Stock Exchange,GBP,United Kingdom,,World Large Blend Equity,International Equities - Unhedged,IEQStock
0.0012070588463963952,SEVERN TRENT PLC,Growth,International Shares,Global Shares,Global Shares,Utilities - 55,London Stock Exchange,GBP,United Kingdom,,World Large Blend Equity,International Equities - Unhedged,IEQStock
0.0010362296044834339,PEARSON PLC,Growth,International Shares,Global Shares,Global Shares,Consumer Discretionary - 25,London Stock Exchange,GBP,United Kingdom,,World Large Blend Equity,International Equities - Unhedged,IEQStock
0.00024075130261830562,BURBERRY GROUP PLC,Growth,International Shares,Global Shares,Global Shares,Consumer Discretionary - 25,London Stock Exchange,GBP,United Kingdom,,World Large Blend Equity,International Equities - Unhedged,IEQStock
0.0005742858872278989,MONDI PLC,Growth,International Shares,Global Shares,Global Shares,Materials - 15,London Stock Exchange,GBP,United Kingdom,,World Large Blend Equity,International Equities - Unhedged,IEQStock
0.00065358656972548,WHITBREAD PLC,Growth,International Shares,Global Shares,Global Shares,Consumer Discretionary - 25,London Stock Exchange,GBP,United Kingdom,,World Large Blend Equity,International Equities - Unhedged,IEQStock
0.0006748450305578867,CRODA INTERNATIONAL PLC,Growth,International Shares,Global Shares,Global Shares,Materials - 15,London Stock Exchange,GBP,United Kingdom,,World Large Blend Equity,International Equities - Unhedged,IEQStock
0.0010329149757325132,INTERTEK GROUP PLC,Growth,International Shares,Global Shares,Global Shares,Industrials - 20,London Stock Exchange,GBP,United Kingdom,,World Large Blend Equity,International Equities - Unhedged,IEQStock
0.0009931019874037544,SPIRAX-SARCO ENGINEERING PLC,Growth,International Shares,Global Shares,Global Shares,Industrials - 20,London Stock Exchange,GBP,United Kingdom,,World Large Blend Equity,International Equities - Unhedged,IEQStock
0.0015746189876768926,AUTO TRADER GROUP PLC,Growth,International Shares,Global Shares,Global Shares,Communication Services - 50,London Stock Exchange,GBP,United Kingdom,,World Large Blend Equity,International Equities - Unhedged,IEQStock
0.0007074362613308388,ENTAIN PLC,Growth,International Shares,Global Shares,Global Shares,Consumer Discretionary - 25,London Stock Exchange,GBP,United Kingdom,,World Large Blend Equity,International Equities - Unhedged,IEQStock
0.0008370103864952406,SMITHS GROUP PLC,Growth,International Shares,Global Shares,Global Shares,Industrials - 20,London Stock Exchange,GBP,United Kingdom,,World Large Blend Equity,International Equities - Unhedged,IEQStock
0.0007223045006899281,BERKELEY GROUP HOLDINGS (THE) PLC,Growth,International Shares,Global Shares,Global Shares,Consumer Discretionary - 25,London Stock Exchange,GBP,United Kingdom,,World Large Blend Equity,International Equities - Unhedged,IEQStock
0.0006118205106835469,DCC PLC,Growth,International Shares,Global Shares,Global Shares,Industrials - 20,London Stock Exchange,GBP,United Kingdom,,World Large Blend Equity,International Equities - Unhedged,IEQStock
0.0005551236463038599,SAINSBURY(J) PLC,Growth,International Shares,Global Shares,Global Shares,Consumer Staples - 30,London Stock Exchange,GBP,United Kingdom,,World Large Blend Equity,International Equities - Unhedged,IEQStock
0.0006632708238758194,M&G PLC,Growth,International Shares,Global Shares,Global Shares,Financials - 40,London Stock Exchange,GBP,United Kingdom,,World Large Blend Equity,International Equities - Unhedged,IEQStock
0.0018871433234499905,ANTOFAGASTA PLC,Growth,International Shares,Global Shares,Global Shares,Materials - 15,London Stock Exchange,GBP,United Kingdom,,World Large Blend Equity,International Equities - Unhedged,IEQStock
0.0003988166339996728,LAND SECURITIES GROUP REIT PLC,Growth,International Shares,Global Shares,Global Shares,Real Estate - 60,London Stock Exchange,GBP,United Kingdom,,World Large Blend Equity,International Equities - Unhedged,IEQStock
0.000557997757993398,PHOENIX GROUP HOLDINGS PLC,Growth,International Shares,Global Shares,Global Shares,Financials - 40,London Stock Exchange,GBP,United Kingdom,,World Large Blend Equity,International Equities - Unhedged,IEQStock
0.0005294779871459651,BARRATT DEVELOPMENTS,Growth,International Shares,Global Shares,Global Shares,Consumer Discretionary - 25,London Stock Exchange,GBP,United Kingdom,,World Large Blend Equity,International Equities - Unhedged,IEQStock
0.0007518261993398148,KINGFISHER PLC,Growth,International Shares,Global Shares,Global Shares,Consumer Discretionary - 25,London Stock Exchange,GBP,United Kingdom,,World Large Blend Equity,International Equities - Unhedged,IEQStock
0.0010173031236303167,MARKS AND SPENCER GROUP PLC,Growth,International Shares,Global Shares,Global Shares,Consumer Staples - 30,London Stock Exchange,GBP,United Kingdom,,World Large Blend Equity,International Equities - Unhedged,IEQStock
0.0006400161610058278,TAYLOR WIMPEY PLC,Growth,International Shares,Global Shares,Global Shares,Consumer Discretionary - 25,London Stock Exchange,GBP,United Kingdom,,World Large Blend Equity,International Equities - Unhedged,IEQStock
0.00018790010079711454,OCADO GROUP PLC,Growth,International Shares,Global Shares,Global Shares,Consumer Staples - 30,London Stock Exchange,GBP,United Kingdom,,World Large Blend Equity,International Equities - Unhedged,IEQStock
0.0002756001842536326,ST JAMESS PLACE PLC,Growth,International Shares,Global Shares,Global Shares,Financials - 40,London Stock Exchange,GBP,United Kingdom,,World Large Blend Equity,International Equities - Unhedged,IEQStock
0.00040539883517674787,PERSIMMON PLC,Growth,International Shares,Global Shares,Global Shares,Consumer Discretionary - 25,London Stock Exchange,GBP,United Kingdom,,World Large Blend Equity,International Equities - Unhedged,IEQStock
0.00035341561820236396,SCHRODERS PLC,Growth,International Shares,Global Shares,Global Shares,Financials - 40,London Stock Exchange,GBP,United Kingdom,,World Large Blend Equity,International Equities - Unhedged,IEQStock
0.00021961216644766985,ABRDN PLC,Growth,International Shares,Global Shares,Global Shares,Financials - 40,London Stock Exchange,GBP,United Kingdom,,World Large Blend Equity,International Equities - Unhedged,IEQStock
0.00019274979326177542,HARGREAVES LANSDOWN PLC,Growth,International Shares,Global Shares,Global Shares,Financials - 40,London Stock Exchange,GBP,United Kingdom,,World Large Blend Equity,International Equities - Unhedged,IEQStock
0.023124206523705396,SHELL PLC,Growth,International Shares,Global Shares,Global Shares,Energy - 10,London Stock Exchange,GBP,United Kingdom,,World Large Blend Equity,International Equities - Unhedged,IEQStock
0.03810491794214475,ASTRAZENECA PLC,Growth,International Shares,Global Shares,Global Shares,Health Care - 35,London Stock Exchange,GBP,United Kingdom,,World Large Blend Equity,International Equities - Unhedged,IEQStock
0.015964854178652135,HSBC HOLDINGS PLC,Growth,International Shares,Global Shares,Global Shares,Financials - 40,London Stock Exchange,GBP,United Kingdom,,World Large Blend Equity,International Equities - Unhedged,IEQStock
0.014122623561225105,UNILEVER PLC,Growth,International Shares,Global Shares,Global Shares,Consumer Staples - 30,London Stock Exchange,GBP,United Kingdom,,World Large Blend Equity,International Equities - Unhedged,IEQStock
0.007776980339374,BP PLC,Growth,International Shares,Global Shares,Global Shares,Energy - 10,London Stock Exchange,GBP,United Kingdom,,World Large Blend Equity,International Equities - Unhedged,IEQStock
0.006958277104942962,DIAGEO PLC,Growth,International Shares,Global Shares,Global Shares,Consumer Staples - 30,London Stock Exchange,GBP,United Kingdom,,World Large Blend Equity,International Equities - Unhedged,IEQStock
0.008068336660942695,GLAXOSMITHKLINE,Growth,International Shares,Global Shares,Global Shares,Health Care - 35,London Stock Exchange,GBP,United Kingdom,,World Large Blend Equity,International Equities - Unhedged,IEQStock
0.018323506266814657,RELX PLC,Growth,International Shares,Global Shares,Global Shares,Industrials - 20,London Stock Exchange,GBP,United Kingdom,,World Large Blend Equity,International Equities - Unhedged,IEQStock
0.0071293531630051065,BRITISH AMERICAN TOBACCO,Growth,International Shares,Global Shares,Global Shares,Consumer Staples - 30,London Stock Exchange,GBP,United Kingdom,,World Large Blend Equity,International Equities - Unhedged,IEQStock
0.0077394082039878844,GLENCORE PLC,Growth,International Shares,Global Shares,Global Shares,Materials - 15,London Stock Exchange,GBP,United Kingdom,,World Large Blend Equity,International Equities - Unhedged,IEQStock
0.003739193015294452,RECKITT BENCKISER GROUP PLC,Growth,International Shares,Global Shares,Global Shares,Consumer Staples - 30,London Stock Exchange,GBP,United Kingdom,,World Large Blend Equity,International Equities - Unhedged,IEQStock
0.006671362516888989,NATIONAL GRID PLC,Growth,International Shares,Global Shares,Global Shares,Utilities - 55,London Stock Exchange,GBP,United Kingdom,,World Large Blend Equity,International Equities - Unhedged,IEQStock
0.011873465587045122,LONDON STOCK EXCHANGE GROUP PLC,Growth,International Shares,Global Shares,Global Shares,Financials - 40,London Stock Exchange,GBP,United Kingdom,,World Large Blend Equity,International Equities - Unhedged,IEQStock
0.007479138355620263,COMPASS GROUP PLC,Growth,International Shares,Global Shares,Global Shares,Consumer Discretionary - 25,London Stock Exchange,GBP,United Kingdom,,World Large Blend Equity,International Equities - Unhedged,IEQStock
0.02170770409349447,CRH PUBLIC LIMITED PLC,Growth,International Shares,Global Shares,Global Shares,Materials - 15,London Stock Exchange,GBP,United Kingdom,,World Large Blend Equity,International Equities - Unhedged,IEQStock
0.013647266865737763,BAE SYSTEMS PLC,Growth,International Shares,Global Shares,Global Shares,Industrials - 20,London Stock Exchange,GBP,United Kingdom,,World Large Blend Equity,International Equities - Unhedged,IEQStock
0.004249356740989551,ANGLO AMERICAN PLC,Growth,International Shares,Global Shares,Global Shares,Materials - 15,London Stock Exchange,GBP,United Kingdom,,World Large Blend Equity,International Equities - Unhedged,IEQStock
0.004284466944066095,LLOYDS BANKING GROUP PLC,Growth,International Shares,Global Shares,Global Shares,Financials - 40,London Stock Exchange,GBP,United Kingdom,,World Large Blend Equity,International Equities - Unhedged,IEQStock
0.007825163448051339,EXPERIAN PLC,Growth,International Shares,Global Shares,Global Shares,Industrials - 20,London Stock Exchange,GBP,United Kingdom,,World Large Blend Equity,International Equities - Unhedged,IEQStock
0.01018317714079847,ASHTEAD GROUP PLC,Growth,International Shares,Global Shares,Global Shares,Industrials - 20,London Stock Exchange,GBP,United Kingdom,,World Large Blend Equity,International Equities - Unhedged,IEQStock
0.005049290395607226,BARCLAYS PLC,Growth,International Shares,Global Shares,Global Shares,Financials - 40,London Stock Exchange,GBP,United Kingdom,,World Large Blend Equity,International Equities - Unhedged,IEQStock
0.012687226641148634,3I GROUP PLC,Growth,International Shares,Global Shares,Global Shares,Financials - 40,London Stock Exchange,GBP,United Kingdom,,World Large Blend Equity,International Equities - Unhedged,IEQStock
0.007819832834192644,ROLLS-ROYCE HOLDINGS PLC,Growth,International Shares,Global Shares,Global Shares,Industrials - 20,London Stock Exchange,GBP,United Kingdom,,World Large Blend Equity,International Equities - Unhedged,IEQStock
0.0036381885434641635,TRACTOR SUPPLY,Growth,International Shares,Global Shares,Global Shares,Consumer Staples - 30,London Stock Exchange,GBP,United Kingdom,,World Large Blend Equity,International Equities - Unhedged,IEQStock
0.0010305344978754677,WEIR GROUP PLC,Growth,International Shares,Global Shares,Global Shares,Industrials - 20,London Stock Exchange,GBP,United Kingdom,,World Large Blend Equity,International Equities - Unhedged,IEQStock
0.0016467011062811163,INTERMEDIATE CAPITAL GROUP PLC,Growth,International Shares,Global Shares,Global Shares,Financials - 40,London Stock Exchange,GBP,United Kingdom,,World Large Blend Equity,International Equities - Unhedged,IEQStock
0.0009720704343404176,SMITH (DS) PLC,Growth,International Shares,Global Shares,Global Shares,Materials - 15,London Stock Exchange,GBP,United Kingdom,,World Large Blend Equity,International Equities - Unhedged,IEQStock
0.0008718138008540175,RIGHTMOVE PLC,Growth,International Shares,Global Shares,Global Shares,Communication Services - 50,London Stock Exchange,GBP,United Kingdom,,World Large Blend Equity,International Equities - Unhedged,IEQStock
0.0011186722998523452,IMI PLC,Growth,International Shares,Global Shares,Global Shares,Industrials - 20,London Stock Exchange,GBP,United Kingdom,,World Large Blend Equity,International Equities - Unhedged,IEQStock
0.00022682959242642558,JOHNSON MATTHEY PLC,Growth,International Shares,Global Shares,Global Shares,Materials - 15,London Stock Exchange,GBP,United Kingdom,,World Large Blend Equity,International Equities - Unhedged,IEQStock
0.0003189677938519609,BRITISH LAND REIT PLC,Growth,International Shares,Global Shares,Global Shares,Real Estate - 60,London Stock Exchange,GBP,United Kingdom,,World Large Blend Equity,International Equities - Unhedged,IEQStock
0.002913347571712163,GENMAB,Growth,International Shares,Global Shares,Global Shares,Health Care - 35,Nasdaq Omx Nordic Copenhagen,DKK,Denmark,,World Large Blend Equity,International Equities - Unhedged,IEQStock
0.0031792269470895885,DANSKE BANK,Growth,International Shares,Global Shares,Global Shares,Financials - 40,Nasdaq Omx Nordic Copenhagen,DKK,Denmark,,World Large Blend Equity,International Equities - Unhedged,IEQStock
0.002412525965451403,COLOPLAST B,Growth,International Shares,Global Shares,Global Shares,Health Care - 35,Nasdaq Omx Nordic Copenhagen,DKK,Denmark,,World Large Blend Equity,International Equities - Unhedged,IEQStock
0.0012790774164839248,CARLSBERG AS CL B,Growth,International Shares,Global Shares,Global Shares,Consumer Staples - 30,Nasdaq Omx Nordic Copenhagen,DKK,Denmark,,World Large Blend Equity,International Equities - Unhedged,IEQStock
0.005404634618381099,PANDORA,Growth,International Shares,Global Shares,Global Shares,Consumer Discretionary - 25,Nasdaq Omx Nordic Copenhagen,DKK,Denmark,,World Large Blend Equity,International Equities - Unhedged,IEQStock
0.0008829050192918942,ORSTED,Growth,International Shares,Global Shares,Global Shares,Utilities - 55,Nasdaq Omx Nordic Copenhagen,DKK,Denmark,,World Large Blend Equity,International Equities - Unhedged,IEQStock
0.0007357517504136999,TRYG,Growth,International Shares,Global Shares,Global Shares,Financials - 40,Nasdaq Omx Nordic Copenhagen,DKK,Denmark,,World Large Blend Equity,International Equities - Unhedged,IEQStock
0.0008445961037787692,A P MOLLER MAERSK B,Growth,International Shares,Global Shares,Global Shares,Industrials - 20,Nasdaq Omx Nordic Copenhagen,DKK,Denmark,,World Large Blend Equity,International Equities - Unhedged,IEQStock
0.0004334654895019228,A P MOLLER MAERSK,Growth,International Shares,Global Shares,Global Shares,Industrials - 20,Nasdaq Omx Nordic Copenhagen,DKK,Denmark,,World Large Blend Equity,International Equities - Unhedged,IEQStock
0.21750222481491244,NOVO NORDISK CLASS B,Growth,International Shares,Global Shares,Global Shares,Health Care - 35,Nasdaq Omx Nordic Copenhagen,DKK,Denmark,,World Large Blend Equity,International Equities - Unhedged,IEQStock
0.009631308742749742,DSV,Growth,International Shares,Global Shares,Global Shares,Industrials - 20,Nasdaq Omx Nordic Copenhagen,DKK,Denmark,,World Large Blend Equity,International Equities - Unhedged,IEQStock
0.00377786414903947,VESTAS WIND SYSTEMS,Growth,International Shares,Global Shares,Global Shares,Industrials - 20,Nasdaq Omx Nordic Copenhagen,DKK,Denmark,,World Large Blend Equity,International Equities - Unhedged,IEQStock
0.0001753928370154721,GN STORE NORD,Growth,International Shares,Global Shares,Global Shares,Consumer Discretionary - 25,Nasdaq OMX Nordic Copenhagen,EUR,Denmark,,World Large Blend Equity,International Equities - Unhedged,IEQStock
0.002147550532910695,SAMPO,Growth,International Shares,Global Shares,Global Shares,Financials - 40,Nasdaq OMX Nordic Helsinki,EUR,Finland,,World Large Blend Equity,International Equities - Unhedged,IEQStock
0.002204708784199467,UPM-KYMMENE,Growth,International Shares,Global Shares,Global Shares,Materials - 15,Nasdaq OMX Nordic Helsinki,EUR,Finland,,World Large Blend Equity,International Equities - Unhedged,IEQStock
0.0016509363463083143,NOKIA,Growth,International Shares,Global Shares,Global Shares,Information Technology - 45,Nasdaq OMX Nordic Helsinki,EUR,Finland,,World Large Blend Equity,International Equities - Unhedged,IEQStock
0.0023175225118693484,KONE,Growth,International Shares,Global Shares,Global Shares,Industrials - 20,Nasdaq OMX Nordic Helsinki,EUR,Finland,,World Large Blend Equity,International Equities - Unhedged,IEQStock
0.0002557150865158423,NESTE,Growth,International Shares,Global Shares,Global Shares,Energy - 10,Nasdaq OMX Nordic Helsinki,EUR,Finland,,World Large Blend Equity,International Equities - Unhedged,IEQStock
0.0007566808236999742,STORA ENSO CLASS R,Growth,International Shares,Global Shares,Global Shares,Materials - 15,Nasdaq OMX Nordic Helsinki,EUR,Finland,,World Large Blend Equity,International Equities - Unhedged,IEQStock
0.0007762502133641113,ELISA,Growth,International Shares,Global Shares,Global Shares,Communication Services - 50,Nasdaq OMX Nordic Helsinki,EUR,Finland,,World Large Blend Equity,International Equities - Unhedged,IEQStock
0.002114718352354402,METSO OYJ NPV,Growth,International Shares,Global Shares,Global Shares,Industrials - 20,Nasdaq OMX Nordic Helsinki,EUR,Finland,,World Large Blend Equity,International Equities - Unhedged,IEQStock
0.0009409473579452862,WARTSILA,Growth,International Shares,Global Shares,Global Shares,Industrials - 20,Nasdaq OMX Nordic Helsinki,EUR,Finland,,World Large Blend Equity,International Equities - Unhedged,IEQStock
0.0003778105815572604,FORTUM,Growth,International Shares,Global Shares,Global Shares,Utilities - 55,Nasdaq OMX Nordic Helsinki,EUR,Finland,,World Large Blend Equity,International Equities - Unhedged,IEQStock
0.00022268078142829195,KESKO CLASS B,Growth,International Shares,Global Shares,Global Shares,Consumer Staples - 30,Nasdaq OMX Nordic Helsinki,EUR,Finland,,World Large Blend Equity,International Equities - Unhedged,IEQStock
0.0060624483771573,ASSA ABLOY B,Growth,International Shares,Global Shares,Global Shares,Industrials - 20,Nasdaq OMX Nordic Stockholm,SEK,Sweden,,World Large Blend Equity,International Equities - Unhedged,IEQStock
0.004058247928963931,SANDVIK,Growth,International Shares,Global Shares,Global Shares,Industrials - 20,Nasdaq OMX Nordic Stockholm,SEK,Sweden,,World Large Blend Equity,International Equities - Unhedged,IEQStock
0.002560064644023311,SKANDINAVISKA ENSKILDA BANKEN,Growth,International Shares,Global Shares,Global Shares,Financials - 40,Nasdaq OMX Nordic Stockholm,SEK,Sweden,,World Large Blend Equity,International Equities - Unhedged,IEQStock
0.0006248314523917719,HEXAGON CLASS B,Growth,International Shares,Global Shares,Global Shares,Information Technology - 45,Nasdaq OMX Nordic Stockholm,SEK,Sweden,,World Large Blend Equity,International Equities - Unhedged,IEQStock
0.007504376093843164,ATLAS COPCO CLASS B,Growth,International Shares,Global Shares,Global Shares,Industrials - 20,Nasdaq OMX Nordic Stockholm,SEK,Sweden,,World Large Blend Equity,International Equities - Unhedged,IEQStock
0.005049784069435984,EVOLUTION,Growth,International Shares,Global Shares,Global Shares,Consumer Discretionary - 25,Nasdaq OMX Nordic Stockholm,SEK,Sweden,,World Large Blend Equity,International Equities - Unhedged,IEQStock
0.0022158098427180234,SWEDBANK,Growth,International Shares,Global Shares,Global Shares,Financials - 40,Nasdaq OMX Nordic Stockholm,SEK,Sweden,,World Large Blend Equity,International Equities - Unhedged,IEQStock
0.001948960880580299,ERICSSON B,Growth,International Shares,Global Shares,Global Shares,Information Technology - 45,Nasdaq OMX Nordic Stockholm,SEK,Sweden,,World Large Blend Equity,International Equities - Unhedged,IEQStock
0.002164205239147847,SVENSKA HANDELSBANKEN-A SHS,Growth,International Shares,Global Shares,Global Shares,Financials - 40,Nasdaq OMX Nordic Stockholm,SEK,Sweden,,World Large Blend Equity,International Equities - Unhedged,IEQStock
0.002064365859958812,ESSITY CLASS B,Growth,International Shares,Global Shares,Global Shares,Consumer Staples - 30,Nasdaq OMX Nordic Stockholm,SEK,Sweden,,World Large Blend Equity,International Equities - Unhedged,IEQStock
0.002902617781315406,EPIROC CLASS A,Growth,International Shares,Global Shares,Global Shares,Industrials - 20,Nasdaq OMX Nordic Stockholm,SEK,Sweden,,World Large Blend Equity,International Equities - Unhedged,IEQStock
0.00290726732935754,ALFA LAVAL,Growth,International Shares,Global Shares,Global Shares,Industrials - 20,Nasdaq OMX Nordic Stockholm,SEK,Sweden,,World Large Blend Equity,International Equities - Unhedged,IEQStock
0.00048280439125079894,NIBE INDUSTRIER CLASS B,Growth,International Shares,Global Shares,Global Shares,Industrials - 20,Nasdaq OMX Nordic Stockholm,SEK,Sweden,,World Large Blend Equity,International Equities - Unhedged,IEQStock
0.001071602988413092,HENNES & MAURITZ,Growth,International Shares,Global Shares,Global Shares,Consumer Discretionary - 25,Nasdaq OMX Nordic Stockholm,SEK,Sweden,,World Large Blend Equity,International Equities - Unhedged,IEQStock
0.0017490546469632628,SVENSKA CELLULOSA B,Growth,International Shares,Global Shares,Global Shares,Materials - 15,Nasdaq OMX Nordic Stockholm,SEK,Sweden,,World Large Blend Equity,International Equities - Unhedged,IEQStock
0.0012866109117881752,BOLIDEN,Growth,International Shares,Global Shares,Global Shares,Materials - 15,Nasdaq OMX Nordic Stockholm,SEK,Sweden,,World Large Blend Equity,International Equities - Unhedged,IEQStock
0.0012776522041349659,SKF B,Growth,International Shares,Global Shares,Global Shares,Industrials - 20,Nasdaq OMX Nordic Stockholm,SEK,Sweden,,World Large Blend Equity,International Equities - Unhedged,IEQStock
0.001484013132023882,EPIROC CLASS B,Growth,International Shares,Global Shares,Global Shares,Industrials - 20,Nasdaq OMX Nordic Stockholm,SEK,Sweden,,World Large Blend Equity,International Equities - Unhedged,IEQStock
0.0003933400893741499,TELIA COMPANY,Growth,International Shares,Global Shares,Global Shares,Communication Services - 50,Nasdaq OMX Nordic Stockholm,SEK,Sweden,,World Large Blend Equity,International Equities - Unhedged,IEQStock
0.00098135811699837,SKANSKA B,Growth,International Shares,Global Shares,Global Shares,Industrials - 20,Nasdaq OMX Nordic Stockholm,SEK,Sweden,,World Large Blend Equity,International Equities - Unhedged,IEQStock
0.0010893132109922885,INDUSTRIVARDEN SERIES,Growth,International Shares,Global Shares,Global Shares,Financials - 40,Nasdaq OMX Nordic Stockholm,SEK,Sweden,,World Large Blend Equity,International Equities - Unhedged,IEQStock
0.0010678581133941386,INDUSTRIVARDEN A,Growth,International Shares,Global Shares,Global Shares,Financials - 40,Nasdaq OMX Nordic Stockholm,SEK,Sweden,,World Large Blend Equity,International Equities - Unhedged,IEQStock
0.0010020778463814325,GETINGE B,Growth,International Shares,Global Shares,Global Shares,Health Care - 35,Nasdaq OMX Nordic Stockholm,SEK,Sweden,,World Large Blend Equity,International Equities - Unhedged,IEQStock
0.00042667744067055173,TELE2 B,Growth,International Shares,Global Shares,Global Shares,Communication Services - 50,Nasdaq OMX Nordic Stockholm,SEK,Sweden,,World Large Blend Equity,International Equities - Unhedged,IEQStock
0.014932291567568224,ATLAS COPCO CLASS A,Growth,International Shares,Global Shares,Global Shares,Industrials - 20,Nasdaq OMX Nordic Stockholm,SEK,Sweden,,World Large Blend Equity,International Equities - Unhedged,IEQStock
0.010945775810162978,VOLVO CLASS B,Growth,International Shares,Global Shares,Global Shares,Industrials - 20,Nasdaq OMX Nordic Stockholm,SEK,Sweden,,World Large Blend Equity,International Equities - Unhedged,IEQStock
0.001985367763470396,RYANAIR HOLDINGS ADR REPRESENTING,Growth,International Shares,Global Shares,Global Shares,Industrials - 20,NASDAQ Stock Market,USA,United States,,World Large Blend Equity,International Equities - Unhedged,IEQStock
0.0022665379285825363,MELROSE INDUSTRIES PLC,Growth,International Shares,Global Shares,Global Shares,Energy - 10,New York Stock Exchange Inc.,USD,United States,,World Large Blend Equity,International Equities - Unhedged,IEQStock
0.0020633660276670996,EQT,Growth,International Shares,Global Shares,Global Shares,Energy - 10,New York Stock Exchange Inc.,USD,United States,,World Large Blend Equity,International Equities - Unhedged,IEQStock
0.003141172171320132,MERCK & CO INC,Growth,International Shares,Global Shares,Global Shares,Health Care - 35,New York Stock Exchange Inc.,USD,United States,,World Large Blend Equity,International Equities - Unhedged,IEQStock
0.001247509428033809,TE CONNECTIVITY LTD,Growth,International Shares,Global Shares,Global Shares,Information Technology - 45,New York Stock Exchange Inc.,USD,United States,,World Large Blend Equity,International Equities - Unhedged,IEQStock
0.0011499565965050794,ARCHER DANIELS MIDLAND,Growth,International Shares,Global Shares,Global Shares,Consumer Staples - 30,New York Stock Exchange Inc.,USD,United States,,World Large Blend Equity,International Equities - Unhedged,IEQStock
0.004165327101866308,PRUDENTIAL PLC,Growth,International Shares,Global Shares,Global Shares,Financials - 40,New York Stock Exchange Inc.,USD,United States,,World Large Blend Equity,International Equities - Unhedged,IEQStock
0.003969249750532343,SWISS LIFE HOLDING AG,Growth,International Shares,Global Shares,Global Shares,Financials - 40,SIX Swiss Exchange,CHF,Switzerland,,World Large Blend Equity,International Equities - Unhedged,IEQStock
0.0028669866792600954,GEBERIT AG,Growth,International Shares,Global Shares,Global Shares,Industrials - 20,SIX Swiss Exchange,CHF,Switzerland,,World Large Blend Equity,International Equities - Unhedged,IEQStock
0.002548245285657368,KUEHNE UND NAGEL INTERNATIONAL AG,Growth,International Shares,Global Shares,Global Shares,Industrials - 20,SIX Swiss Exchange,CHF,Switzerland,,World Large Blend Equity,International Equities - Unhedged,IEQStock
0.0035418369518812436,STRAUMANN HOLDING AG,Growth,International Shares,Global Shares,Global Shares,Health Care - 35,SIX Swiss Exchange,CHF,Switzerland,,World Large Blend Equity,International Equities - Unhedged,IEQStock
0.0015529169260725304,SWISSCOM AG,Growth,International Shares,Global Shares,Global Shares,Communication Services - 50,SIX Swiss Exchange,CHF,Switzerland,,World Large Blend Equity,International Equities - Unhedged,IEQStock
0.0034175593166359064,LOGITECH INTERNATIONAL SA,Growth,International Shares,Global Shares,Global Shares,Information Technology - 45,SIX Swiss Exchange,CHF,Switzerland,,World Large Blend Equity,International Equities - Unhedged,IEQStock
0.0021340866559277994,CHOCOLADEFABRIKEN LINDT & SPRUENGL,Growth,International Shares,Global Shares,Global Shares,Consumer Staples - 30,SIX Swiss Exchange,CHF,Switzerland,,World Large Blend Equity,International Equities - Unhedged,IEQStock
0.0015457404181245273,SGS SA,Growth,International Shares,Global Shares,Global Shares,Industrials - 20,SIX Swiss Exchange,CHF,Switzerland,,World Large Blend Equity,International Equities - Unhedged,IEQStock
0.0029309499028405167,SONOVA HOLDING AG,Growth,International Shares,Global Shares,Global Shares,Health Care - 35,SIX Swiss Exchange,CHF,Switzerland,,World Large Blend Equity,International Equities - Unhedged,IEQStock
0.001753277596457856,CHOCOLADEFABRIKEN LINDT & SPRUENGL,Growth,International Shares,Global Shares,Global Shares,Consumer Staples - 30,SIX Swiss Exchange,CHF,Switzerland,,World Large Blend Equity,International Equities - Unhedged,IEQStock
0.001764904149178219,JULIUS BAER GRUPPE AG,Growth,International Shares,Global Shares,Global Shares,Financials - 40,SIX Swiss Exchange,CHF,Switzerland,,World Large Blend Equity,International Equities - Unhedged,IEQStock
0.002212027177083563,SANDOZ GROUP AG,Growth,International Shares,Global Shares,Global Shares,Health Care - 35,SIX Swiss Exchange,CHF,Switzerland,,World Large Blend Equity,International Equities - Unhedged,IEQStock
0.005776584744855883,VAT GROUP AG,Growth,International Shares,Global Shares,Global Shares,Industrials - 20,SIX Swiss Exchange,CHF,Switzerland,,World Large Blend Equity,International Equities - Unhedged,IEQStock
0.0013773332066716708,SCHINDLER HOLDING PAR AG,Growth,International Shares,Global Shares,Global Shares,Industrials - 20,SIX Swiss Exchange,CHF,Switzerland,,World Large Blend Equity,International Equities - Unhedged,IEQStock
0.00039412227004216496,THE SWATCH GROUP AG,Growth,International Shares,Global Shares,Global Shares,Consumer Discretionary - 25,SIX Swiss Exchange,CHF,Switzerland,,World Large Blend Equity,International Equities - Unhedged,IEQStock
0.0011374665674455087,SIG GROUP N AG,Growth,International Shares,Global Shares,Global Shares,Materials - 15,SIX Swiss Exchange,CHF,Switzerland,,World Large Blend Equity,International Equities - Unhedged,IEQStock
0.00037707026939133353,ADECCO GROUP AG,Growth,International Shares,Global Shares,Global Shares,Industrials - 20,SIX Swiss Exchange,CHF,Switzerland,,World Large Blend Equity,International Equities - Unhedged,IEQStock
0.0009144870253646699,ROCHE HOLDING AG,Growth,International Shares,Global Shares,Global Shares,Health Care - 35,SIX Swiss Exchange,CHF,Switzerland,,World Large Blend Equity,International Equities - Unhedged,IEQStock
0.0008790333051060923,SWISS PRIME SITE AG,Growth,International Shares,Global Shares,Global Shares,Real Estate - 60,SIX Swiss Exchange,CHF,Switzerland,,World Large Blend Equity,International Equities - Unhedged,IEQStock
0.0009148827732034295,BALOISE HOLDING AG,Growth,International Shares,Global Shares,Global Shares,Financials - 40,SIX Swiss Exchange,CHF,Switzerland,,World Large Blend Equity,International Equities - Unhedged,IEQStock
0.0005267278617258205,BARRY CALLEBAUT AG,Growth,International Shares,Global Shares,Global Shares,Consumer Staples - 30,SIX Swiss Exchange,CHF,Switzerland,,World Large Blend Equity,International Equities - Unhedged,IEQStock
0.00027029238021780385,TEMENOS AG,Growth,International Shares,Global Shares,Global Shares,Information Technology - 45,SIX Swiss Exchange,CHF,Switzerland,,World Large Blend Equity,International Equities - Unhedged,IEQStock
0.0006883699491498677,SCHINDLER HOLDING AG,Growth,International Shares,Global Shares,Global Shares,Industrials - 20,SIX Swiss Exchange,CHF,Switzerland,,World Large Blend Equity,International Equities - Unhedged,IEQStock
0.00013127091924236846,THE SWATCH GROUP AG,Growth,International Shares,Global Shares,Global Shares,Consumer Discretionary - 25,SIX Swiss Exchange,CHF,Switzerland,,World Large Blend Equity,International Equities - Unhedged,IEQStock
0.02878885756111174,NESTLE SA,Growth,International Shares,Global Shares,Global Shares,Consumer Staples - 30,SIX Swiss Exchange,CHF,Switzerland,,World Large Blend Equity,International Equities - Unhedged,IEQStock
0.02262091165070276,NOVARTIS AG,Growth,International Shares,Global Shares,Global Shares,Health Care - 35,SIX Swiss Exchange,CHF,Switzerland,,World Large Blend Equity,International Equities - Unhedged,IEQStock
0.02113315479826472,ROCHE HOLDING PAR AG,Growth,International Shares,Global Shares,Global Shares,Health Care - 35,SIX Swiss Exchange,CHF,Switzerland,,World Large Blend Equity,International Equities - Unhedged,IEQStock
0.020361946978319095,UBS GROUP AG,Growth,International Shares,Global Shares,Global Shares,Financials - 40,SIX Swiss Exchange,CHF,Switzerland,,World Large Blend Equity,International Equities - Unhedged,IEQStock
0.013756453774029068,ZURICH INSURANCE GROUP AG,Growth,International Shares,Global Shares,Global Shares,Financials - 40,SIX Swiss Exchange,CHF,Switzerland,,World Large Blend Equity,International Equities - Unhedged,IEQStock
0.01697905295769367,COMPAGNIE FINANCIERE RICHEMONT SA,Growth,International Shares,Global Shares,Global Shares,Consumer Discretionary - 25,SIX Swiss Exchange,CHF,Switzerland,,World Large Blend Equity,International Equities - Unhedged,IEQStock
0.019131444842870878,ABB LTD,Growth,International Shares,Global Shares,Global Shares,Industrials - 20,SIX Swiss Exchange,CHF,Switzerland,,World Large Blend Equity,International Equities - Unhedged,IEQStock
0.005849266243931014,ALCON AG,Growth,International Shares,Global Shares,Global Shares,Health Care - 35,SIX Swiss Exchange,CHF,Switzerland,,World Large Blend Equity,International Equities - Unhedged,IEQStock
0.009265081304650397,SIKA AG,Growth,International Shares,Global Shares,Global Shares,Materials - 15,SIX Swiss Exchange,CHF,Switzerland,,World Large Blend Equity,International Equities - Unhedged,IEQStock
0.009635640658090314,HOLCIM LTD AG,Growth,International Shares,Global Shares,Global Shares,Materials - 15,SIX Swiss Exchange,CHF,Switzerland,,World Large Blend Equity,International Equities - Unhedged,IEQStock
0.004321991161787899,SWISS RE AG,Growth,International Shares,Global Shares,Global Shares,Financials - 40,SIX Swiss Exchange,CHF,Switzerland,,World Large Blend Equity,International Equities - Unhedged,IEQStock
0.0063364694375377065,GIVAUDAN SA,Growth,International Shares,Global Shares,Global Shares,Materials - 15,SIX Swiss Exchange,CHF,Switzerland,,World Large Blend Equity,International Equities - Unhedged,IEQStock
0.008029978924044107,LONZA GROUP AG,Growth,International Shares,Global Shares,Global Shares,Health Care - 35,SIX Swiss Exchange,CHF,Switzerland,,World Large Blend Equity,International Equities - Unhedged,IEQStock
0.006405530934249884,PARTNERS GROUP HOLDING AG,Growth,International Shares,Global Shares,Global Shares,Financials - 40,SIX Swiss Exchange,CHF,Switzerland,,World Large Blend Equity,International Equities - Unhedged,IEQStock
0.00956131874022497,BROOKFIELD CORP CLASS A,Growth,International Shares,Global Shares,Global Shares,Financials - 40,Toronto Stock Exchange,CAD,Canada,,World Large Blend Equity,International Equities - Unhedged,IEQStock
0.0024698087949771657,ERSTE GROUP BANK AG,Growth,International Shares,Global Shares,Global Shares,Financials - 40,Vienna Stock Exchange,EUR,Austria,,World Large Blend Equity,International Equities - Unhedged,IEQStock
0.0012924064163858948,VERBUND AG,Growth,International Shares,Global Shares,Global Shares,Utilities - 55,Vienna Stock Exchange,EUR,Austria,,World Large Blend Equity,International Equities - Unhedged,IEQStock
0.0006375063109901518,OMV AG,Growth,International Shares,Global Shares,Global Shares,Energy - 10,Vienna Stock Exchange,EUR,Austria,,World Large Blend Equity,International Equities - Unhedged,IEQStock
0.1342682002973832,iShares Core S&P/ASX 200 ETF,Growth,Australian Shares,Australian Shares,Australian Shares,ETF Index,Core,AUD,Core,,Australia Large Blend Equity,Australian Equities,ETF
0.05309700985474551,iShares Core Cash ETF,Defensive,Cash,Cash,Cash,ETF Index,Cash,Cash,Bank Bills,,Domestic Cash,Cash,ETF
0.027153610058816374,The A2 Milk Company Limited,Growth,Australian Shares,Australian Shares,Australian Shares,Consumer Staples - 30,ASX,AUD,Australia,,Australia Large Blend Equity,Australian Equities,ASXStock
0.025936364861509024,AGL Energy Limited.,Growth,Australian Shares,Australian Shares,Australian Shares,Utilities - 55,ASX,AUD,Australia,,Australia Large Blend Equity,Australian Equities,ASXStock
0.02859245129621386,Amcor PLC,Growth,Australian Shares,Australian Shares,Australian Shares,Materials - 15,ASX,AUD,Australia,,Australia Large Blend Equity,Australian Equities,ASXStock
0.025655669541244028,AMP Limited,Growth,Australian Shares,Australian Shares,Australian Shares,Financials - 40,ASX,AUD,Australia,,Australia Large Blend Equity,Australian Equities,ASXStock
0.016846959661052922,ANZ Group Holdings Limited,Growth,Australian Shares,Australian Shares,Australian Shares,Financials - 40,ASX,AUD,Australia,,Australia Large Blend Equity,Australian Equities,ASXStock
0.022225947442315864,ASX Limited,Growth,Australian Shares,Australian Shares,Australian Shares,Financials - 40,ASX,AUD,Australia,,Australia Large Blend Equity,Australian Equities,ASXStock
0.02147462092940524,Alumina Limited,Growth,Australian Shares,Australian Shares,Australian Shares,Materials - 15,ASX,AUD,Australia,,Australia Large Blend Equity,Australian Equities,ASXStock
0.033344442601298804,Aurizon Holdings Limited,Growth,Australian Shares,Australian Shares,Australian Shares,Industrials - 20,ASX,AUD,Australia,,Australia Large Blend Equity,Australian Equities,ASXStock
0.03426318620945616,Bendigo and Adelaide Bank Limited,Growth,Australian Shares,Australian Shares,Australian Shares,Financials - 40,ASX,AUD,Australia,,Australia Large Blend Equity,Australian Equities,ASXStock
0.016245730902346937,Bank of Queensland Limited,Growth,Australian Shares,Australian Shares,Australian Shares,Financials - 40,ASX,AUD,Australia,,Australia Large Blend Equity,Australian Equities,ASXStock
0.08437823834335122,Coles Group Limited,Growth,Australian Shares,Australian Shares,Australian Shares,Consumer Staples - 30,ASX,AUD,Australia,,Australia Large Blend Equity,Australian Equities,ASXStock
0.17859471973301258,CSR Limited,Growth,Australian Shares,Australian Shares,Australian Shares,Materials - 15,ASX,AUD,Australia,,Australia Large Blend Equity,Australian Equities,ASXStock
0.009827983320521214,Downer EDI Limited,Growth,Australian Shares,Australian Shares,Australian Shares,Industrials - 20,ASX,AUD,Australia,,Australia Large Blend Equity,Australian Equities,ASXStock
0.008425894247596934,Fletcher Building Limited,Growth,Australian Shares,Australian Shares,Australian Shares,Industrials - 20,ASX,AUD,Australia,,Australia Large Blend Equity,Australian Equities,ASXStock
0.01834782735736634,Healius Limited,Growth,Australian Shares,Australian Shares,Australian Shares,Health Care - 35,ASX,AUD,Australia,,Australia Large Blend Equity,Australian Equities,ASXStock
0.02888094195146537,Harvey Norman Holdings Limited,Growth,Australian Shares,Australian Shares,Australian Shares,Consumer Discretionary - 25,ASX,AUD,Australia,,Australia Large Blend Equity,Australian Equities,ASXStock
0.05660080043655019,Insurance Australia Group Limited,Growth,Australian Shares,Australian Shares,Australian Shares,Financials - 40,ASX,AUD,Australia,,Australia Large Blend Equity,Australian Equities,ASXStock
0.020676434509392293,Insignia Financial Ltd,Growth,Australian Shares,Australian Shares,Australian Shares,Financials - 40,ASX,AUD,Australia,,Australia Large Blend Equity,Australian Equities,ASXStock
0.09602377245676973,JB Hi-Fi Limited,Growth,Australian Shares,Australian Shares,Australian Shares,Consumer Discretionary - 25,ASX,AUD,Australia,,Australia Large Blend Equity,Australian Equities,ASXStock
0.07913349226565503,Medibank Private Limited,Growth,Australian Shares,Australian Shares,Australian Shares,Financials - 40,ASX,AUD,Australia,,Australia Large Blend Equity,Australian Equities,ASXStock
0.11031083346611256,News Corporation..,Growth,Australian Shares,Australian Shares,Australian Shares,Communication Services - 50,ASX,AUD,Australia,,Australia Large Blend Equity,Australian Equities,ASXStock
0.08517194338508065,QBE Insurance Group Limited,Growth,Australian Shares,Australian Shares,Australian Shares,Financials - 40,ASX,AUD,Australia,,Australia Large Blend Equity,Australian Equities,ASXStock
0.0012097717663988024,The Star Entertainment Group Limited,Growth,Australian Shares,Australian Shares,Australian Shares,Consumer Discretionary - 25,ASX,AUD,Australia,,Australia Large Blend Equity,Australian Equities,ASXStock
0.06623221496076473,Santos Limited,Growth,Australian Shares,Australian Shares,Australian Shares,Energy - 10,ASX,AUD,Australia,,Australia Large Blend Equity,Australian Equities,ASXStock
0.023284673806320377,Super Retail Group Limited,Growth,Australian Shares,Australian Shares,Australian Shares,Consumer Discretionary - 25,ASX,AUD,Australia,,Australia Large Blend Equity,Australian Equities,ASXStock
0.0030659519111265045,TABCORP Holdings Limited,Growth,Australian Shares,Australian Shares,Australian Shares,Consumer Discretionary - 25,ASX,AUD,Australia,,Australia Large Blend Equity,Australian Equities,ASXStock
0.018809612341373072,Treasury Wine Estates Limited,Growth,Australian Shares,Australian Shares,Australian Shares,Consumer Staples - 30,ASX,AUD,Australia,,Australia Large Blend Equity,Australian Equities,ASXStock
0.025775709131815525,Viva Energy Group Limited,Growth,Australian Shares,Australian Shares,Australian Shares,Energy - 10,ASX,AUD,Australia,,Australia Large Blend Equity,Australian Equities,ASXStock
0.06580370257842398,Westpac Banking Corporation,Growth,Australian Shares,Australian Shares,Australian Shares,Financials - 40,ASX,AUD,Australia,,Australia Large Blend Equity,Australian Equities,ASXStock
0.013357458614106456,Bank Account,Defensive,Cash,Cash,Cash,ASXStock,Cash,Cash,Bank Account,Cash,Domestic Cash,Cash,Cash
0.09192530283891623,ALS Limited,Growth,Australian Shares,Australian Shares,Australian Shares,Industrials - 20,ASX,AUD,Australia,,Australia Large Blend Equity,Australian Equities,ASXStock
0.11323108754094766,ANZ Group Holdings Limited,Growth,Australian Shares,Australian Shares,Australian Shares,Financials - 40,ASX,AUD,Australia,,Australia Large Blend Equity,Australian Equities,ASXStock
0.015960976470229284,ASX Limited,Growth,Australian Shares,Australian Shares,Australian Shares,Financials - 40,ASX,AUD,Australia,,Australia Large Blend Equity,Australian Equities,ASXStock
0.03948093014773323,Alumina Limited,Growth,Australian Shares,Australian Shares,Australian Shares,Materials - 15,ASX,AUD,Australia,,Australia Large Blend Equity,Australian Equities,ASXStock
0.04647479303839888,Aurizon Holdings Limited,Growth,Australian Shares,Australian Shares,Australian Shares,Industrials - 20,ASX,AUD,Australia,,Australia Large Blend Equity,Australian Equities,ASXStock
0.25183947413616453,BHP Group Limited,Growth,Australian Shares,Australian Shares,Australian Shares,Materials - 15,ASX,AUD,Australia,,Australia Large Blend Equity,Australian Equities,ASXStock
0.0589010950308395,Boral Limited,Growth,Australian Shares,Australian Shares,Australian Shares,Materials - 15,ASX,AUD,Australia,,Australia Large Blend Equity,Australian Equities,ASXStock
0.074074039406626,BlueScope Steel Limited,Growth,Australian Shares,Australian Shares,Australian Shares,Materials - 15,ASX,AUD,Australia,,Australia Large Blend Equity,Australian Equities,ASXStock
0.08214818341956664,Brambles Limited,Growth,Australian Shares,Australian Shares,Australian Shares,Industrials - 20,ASX,AUD,Australia,,Australia Large Blend Equity,Australian Equities,ASXStock
0.1751837567040812,Commonwealth Bank of Australia,Growth,Australian Shares,Australian Shares,Australian Shares,Financials - 40,ASX,AUD,Australia,,Australia Large Blend Equity,Australian Equities,ASXStock
0.05638239320852713,Champion Iron Limited,Growth,Australian Shares,Australian Shares,Australian Shares,Materials - 15,ASX,AUD,Australia,,Australia Large Blend Equity,Australian Equities,ASXStock
0.010640728116220993,Chorus Limited,Growth,Australian Shares,Australian Shares,Australian Shares,Communication Services - 50,ASX,AUD,Australia,,Australia Large Blend Equity,Australian Equities,ASXStock
0.05262312008271076,Coles Group Limited,Growth,Australian Shares,Australian Shares,Australian Shares,Consumer Staples - 30,ASX,AUD,Australia,,Australia Large Blend Equity,Australian Equities,ASXStock
0.03767195888254538,Computershare Limited,Growth,Australian Shares,Australian Shares,Australian Shares,Industrials - 20,ASX,AUD,Australia,,Australia Large Blend Equity,Australian Equities,ASXStock
0.06615652844416804,CSL Limited,Growth,Australian Shares,Australian Shares,Australian Shares,Health Care - 35,ASX,AUD,Australia,,Australia Large Blend Equity,Australian Equities,ASXStock
0.03242361873252508,Cleanaway Waste Management Limited,Growth,Australian Shares,Australian Shares,Australian Shares,Industrials - 20,ASX,AUD,Australia,,Australia Large Blend Equity,Australian Equities,ASXStock
0.032541694349209255,Deterra Royalties Limited,Growth,Australian Shares,Australian Shares,Australian Shares,Materials - 15,ASX,AUD,Australia,,Australia Large Blend Equity,Australian Equities,ASXStock
0.011282790424044354,Elders Limited,Growth,Australian Shares,Australian Shares,Australian Shares,Consumer Staples - 30,ASX,AUD,Australia,,Australia Large Blend Equity,Australian Equities,ASXStock
0.020581568467105873,Fletcher Building Limited,Growth,Australian Shares,Australian Shares,Australian Shares,Industrials - 20,ASX,AUD,Australia,,Australia Large Blend Equity,Australian Equities,ASXStock
0.011593836426548156,Healius Limited,Growth,Australian Shares,Australian Shares,Australian Shares,Health Care - 35,ASX,AUD,Australia,,Australia Large Blend Equity,Australian Equities,ASXStock
0.02597922873188258,Insurance Australia Group Limited,Growth,Australian Shares,Australian Shares,Australian Shares,Financials - 40,ASX,AUD,Australia,,Australia Large Blend Equity,Australian Equities,ASXStock
0.020784285991683967,IGO Limited,Growth,Australian Shares,Australian Shares,Australian Shares,Materials - 15,ASX,AUD,Australia,,Australia Large Blend Equity,Australian Equities,ASXStock
0.03187918351260337,Incitec Pivot Limited,Growth,Australian Shares,Australian Shares,Australian Shares,Materials - 15,ASX,AUD,Australia,,Australia Large Blend Equity,Australian Equities,ASXStock
0.17597360180186913,James Hardie Industries PLC,Growth,Australian Shares,Australian Shares,Australian Shares,Materials - 15,ASX,AUD,Australia,,Australia Large Blend Equity,Australian Equities,ASXStock
0.01627170386505656,Lendlease Group,Growth,Australian Shares,Australian Shares,Australian Shares,Real Estate - 60,ASX,AUD,Australia,,Australia Large Blend Equity,Australian Equities,ASXStock
0.031754761625476136,Medibank Private Limited,Growth,Australian Shares,Australian Shares,Australian Shares,Financials - 40,ASX,AUD,Australia,,Australia Large Blend Equity,Australian Equities,ASXStock
0.018047554376414282,Macquarie Group Limited,Growth,Australian Shares,Australian Shares,Australian Shares,Financials - 40,ASX,AUD,Australia,,Australia Large Blend Equity,Australian Equities,ASXStock
0.037912775756380135,Metcash Limited,Growth,Australian Shares,Australian Shares,Australian Shares,Consumer Staples - 30,ASX,AUD,Australia,,Australia Large Blend Equity,Australian Equities,ASXStock
0.0856536418412683,National Australia Bank Limited,Growth,Australian Shares,Australian Shares,Australian Shares,Financials - 40,ASX,AUD,Australia,,Australia Large Blend Equity,Australian Equities,ASXStock
0.08388978226389238,News Corporation..,Growth,Australian Shares,Australian Shares,Australian Shares,Communication Services - 50,ASX,AUD,Australia,,Australia Large Blend Equity,Australian Equities,ASXStock
0.06420372968038537,Origin Energy Limited,Growth,Australian Shares,Australian Shares,Australian Shares,Utilities - 55,ASX,AUD,Australia,,Australia Large Blend Equity,Australian Equities,ASXStock
0.01995910245876496,Orica Limited,Growth,Australian Shares,Australian Shares,Australian Shares,Materials - 15,ASX,AUD,Australia,,Australia Large Blend Equity,Australian Equities,ASXStock
0.07554140994839297,QBE Insurance Group Limited,Growth,Australian Shares,Australian Shares,Australian Shares,Financials - 40,ASX,AUD,Australia,,Australia Large Blend Equity,Australian Equities,ASXStock
0.032056751857225736,Ramsay Health Care Limited,Growth,Australian Shares,Australian Shares,Australian Shares,Health Care - 35,ASX,AUD,Australia,,Australia Large Blend Equity,Australian Equities,ASXStock
0.1791105112539687,Rio Tinto Limited,Growth,Australian Shares,Australian Shares,Australian Shares,Materials - 15,ASX,AUD,Australia,,Australia Large Blend Equity,Australian Equities,ASXStock
0.02885146199044731,ResMed Inc.,Growth,Australian Shares,Australian Shares,Australian Shares,Health Care - 35,ASX,AUD,Australia,,Australia Large Blend Equity,Australian Equities,ASXStock
0.07369065044106042,South32 Limited,Growth,Australian Shares,Australian Shares,Australian Shares,Materials - 15,ASX,AUD,Australia,,Australia Large Blend Equity,Australian Equities,ASXStock
0.04770434829679204,Seek Limited,Growth,Australian Shares,Australian Shares,Australian Shares,Communication Services - 50,ASX,AUD,Australia,,Australia Large Blend Equity,Australian Equities,ASXStock
0.0532650290205474,Stockland,Growth,Australian Shares,Australian Shares,Australian Shares,Real Estate - 60,ASX,AUD,Australia,,Australia Large Blend Equity,Australian Equities,ASXStock
0.023215811714801318,Sonic Healthcare Limited,Growth,Australian Shares,Australian Shares,Australian Shares,Health Care - 35,ASX,AUD,Australia,,Australia Large Blend Equity,Australian Equities,ASXStock
0.09520115543249681,Santos Limited,Growth,Australian Shares,Australian Shares,Australian Shares,Energy - 10,ASX,AUD,Australia,,Australia Large Blend Equity,Australian Equities,ASXStock
0.07255319144266122,Suncorp Group Limited,Growth,Australian Shares,Australian Shares,Australian Shares,Financials - 40,ASX,AUD,Australia,,Australia Large Blend Equity,Australian Equities,ASXStock
0.1333436159341793,Telstra Group Limited,Growth,Australian Shares,Australian Shares,Australian Shares,Communication Services - 50,ASX,AUD,Australia,,Australia Large Blend Equity,Australian Equities,ASXStock
0.02005355363778011,Vicinity Centres,Growth,Australian Shares,Australian Shares,Australian Shares,Real Estate - 60,ASX,AUD,Australia,,Australia Large Blend Equity,Australian Equities,ASXStock
0.07812680341757104,Westpac Banking Corporation,Growth,Australian Shares,Australian Shares,Australian Shares,Financials - 40,ASX,AUD,Australia,,Australia Large Blend Equity,Australian Equities,ASXStock
0.07825039908687541,Woodside Energy Group Ltd,Growth,Australian Shares,Australian Shares,Australian Shares,Energy - 10,ASX,AUD,Australia,,Australia Large Blend Equity,Australian Equities,ASXStock
0.21281345460287454,Wesfarmers Limited,Growth,Australian Shares,Australian Shares,Australian Shares,Consumer Discretionary - 25,ASX,AUD,Australia,,Australia Large Blend Equity,Australian Equities,ASXStock
0.01932109861430473,Worley Limited,Growth,Australian Shares,Australian Shares,Australian Shares,Industrials - 20,ASX,AUD,Australia,,Australia Large Blend Equity,Australian Equities,ASXStock
0.02371511338100777,Woolworths Group Limited,Growth,Australian Shares,Australian Shares,Australian Shares,Consumer Staples - 30,ASX,AUD,Australia,,Australia Large Blend Equity,Australian Equities,ASXStock
0.005376000980297448,Waypoint REIT,Growth,Australian Shares,Australian Shares,Australian Shares,Real Estate - 60,ASX,AUD,Australia,,Australia Large Blend Equity,Australian Equities,ASXStock
0.015729148318270346,Bank Account,Defensive,Cash,Cash,Cash,ASXStock,Cash,Cash,Bank Account,Cash,Domestic Cash,Cash,Cash
0.09952435716898565,Altium Limited,Growth,Australian Shares,Australian Shares,Australian Shares,Information Technology - 45,ASX,AUD,Australia,,Australia Large Blend Equity,Australian Equities,ASXStock
0.00973241198939212,AMP Limited,Growth,Australian Shares,Australian Shares,Australian Shares,Financials - 40,ASX,AUD,Australia,,Australia Large Blend Equity,Australian Equities,ASXStock
0.01879491367064987,ASX Limited,Growth,Australian Shares,Australian Shares,Australian Shares,Financials - 40,ASX,AUD,Australia,,Australia Large Blend Equity,Australian Equities,ASXStock
0.036633209782991796,BHP Group Limited,Growth,Australian Shares,Australian Shares,Australian Shares,Materials - 15,ASX,AUD,Australia,,Australia Large Blend Equity,Australian Equities,ASXStock
0.08789676082919957,Commonwealth Bank of Australia,Growth,Australian Shares,Australian Shares,Australian Shares,Financials - 40,ASX,AUD,Australia,,Australia Large Blend Equity,Australian Equities,ASXStock
0.06343037446231573,Cochlear Limited,Growth,Australian Shares,Australian Shares,Australian Shares,Health Care - 35,ASX,AUD,Australia,,Australia Large Blend Equity,Australian Equities,ASXStock
0.05453201697796487,CSL Limited,Growth,Australian Shares,Australian Shares,Australian Shares,Health Care - 35,ASX,AUD,Australia,,Australia Large Blend Equity,Australian Equities,ASXStock
0.008988067485973888,Corporate Travel Management Limited,Growth,Australian Shares,Australian Shares,Australian Shares,Consumer Discretionary - 25,ASX,AUD,Australia,,Australia Large Blend Equity,Australian Equities,ASXStock
0.011921653069131462,Deterra Royalties Limited,Growth,Australian Shares,Australian Shares,Australian Shares,Materials - 15,ASX,AUD,Australia,,Australia Large Blend Equity,Australian Equities,ASXStock
0.12576092529998004,Fortescue Ltd,Growth,Australian Shares,Australian Shares,Australian Shares,Materials - 15,ASX,AUD,Australia,,Australia Large Blend Equity,Australian Equities,ASXStock
0.02569834521970795,IGO Limited,Growth,Australian Shares,Australian Shares,Australian Shares,Materials - 15,ASX,AUD,Australia,,Australia Large Blend Equity,Australian Equities,ASXStock
0.07438188825607835,Macquarie Group Limited,Growth,Australian Shares,Australian Shares,Australian Shares,Financials - 40,ASX,AUD,Australia,,Australia Large Blend Equity,Australian Equities,ASXStock
0.01900856882521482,National Australia Bank Limited,Growth,Australian Shares,Australian Shares,Australian Shares,Financials - 40,ASX,AUD,Australia,,Australia Large Blend Equity,Australian Equities,ASXStock
0.031134316533868146,Newmont Corporation,Growth,Australian Shares,Australian Shares,Australian Shares,Materials - 15,ASX,AUD,Australia,,Australia Large Blend Equity,Australian Equities,ASXStock
0.07244002171123054,Pro Medicus Limited,Growth,Australian Shares,Australian Shares,Australian Shares,Health Care - 35,ASX,AUD,Australia,,Australia Large Blend Equity,Australian Equities,ASXStock
0.06792857173135215,QBE Insurance Group Limited,Growth,Australian Shares,Australian Shares,Australian Shares,Financials - 40,ASX,AUD,Australia,,Australia Large Blend Equity,Australian Equities,ASXStock
0.004403997876508482,Ramsay Health Care Limited,Growth,Australian Shares,Australian Shares,Australian Shares,Health Care - 35,ASX,AUD,Australia,,Australia Large Blend Equity,Australian Equities,ASXStock
0.09324542965976042,Rio Tinto Limited,Growth,Australian Shares,Australian Shares,Australian Shares,Materials - 15,ASX,AUD,Australia,,Australia Large Blend Equity,Australian Equities,ASXStock
0.039627858007943065,Transurban Group,Growth,Australian Shares,Australian Shares,Australian Shares,Industrials - 20,ASX,AUD,Australia,,Australia Large Blend Equity,Australian Equities,ASXStock
0.036637840496980954,Telstra Group Limited,Growth,Australian Shares,Australian Shares,Australian Shares,Communication Services - 50,ASX,AUD,Australia,,Australia Large Blend Equity,Australian Equities,ASXStock
0.38267867366298264,Telix Pharmaceuticals Limited,Growth,Australian Shares,Australian Shares,Australian Shares,Health Care - 35,ASX,AUD,Australia,,Australia Large Blend Equity,Australian Equities,ASXStock
0.018561056356031558,Treasury Wine Estates Limited,Growth,Australian Shares,Australian Shares,Australian Shares,Consumer Staples - 30,ASX,AUD,Australia,,Australia Large Blend Equity,Australian Equities,ASXStock
0.03685762510359829,Woodside Energy Group Ltd,Growth,Australian Shares,Australian Shares,Australian Shares,Energy - 10,ASX,AUD,Australia,,Australia Large Blend Equity,Australian Equities,ASXStock
0.058473176907206596,Wesfarmers Limited,Growth,Australian Shares,Australian Shares,Australian Shares,Consumer Discretionary - 25,ASX,AUD,Australia,,Australia Large Blend Equity,Australian Equities,ASXStock
0.017376068448652617,Woolworths Group Limited,Growth,Australian Shares,Australian Shares,Australian Shares,Consumer Staples - 30,ASX,AUD,Australia,,Australia Large Blend Equity,Australian Equities,ASXStock
0.0605102197306924,Xero Limited,Growth,Australian Shares,Australian Shares,Australian Shares,Information Technology - 45,ASX,AUD,Australia,,Australia Large Blend Equity,Australian Equities,ASXStock
0.19353177953555176,iShares Core S&P/ASX 200 ETF,Growth,Australian Shares,Australian Shares,Australian Shares,ETF Index,Core,AUD,Core,,Australia Large Blend Equity,Australian Equities,ETF
0.05843129905961202,Bank Account,Defensive,Cash,Cash,Cash,ASXStock,Cash,Cash,Bank Account,Cash,Domestic Cash,Cash,Cash
0.18378525299983373,Aristocrat Leisure Limited,Growth,Australian Shares,Australian Shares,Australian Shares,Consumer Discretionary - 25,ASX,AUD,Australia,,Australia Large Blend Equity,Australian Equities,ASXStock
0.05098140990932233,ANZ Group Holdings Limited,Growth,Australian Shares,Australian Shares,Australian Shares,Financials - 40,ASX,AUD,Australia,,Australia Large Blend Equity,Australian Equities,ASXStock
0.37969231559536654,BHP Group Limited,Growth,Australian Shares,Australian Shares,Australian Shares,Materials - 15,ASX,AUD,Australia,,Australia Large Blend Equity,Australian Equities,ASXStock
0.11350625623396475,Breville Group Limited,Growth,Australian Shares,Australian Shares,Australian Shares,Consumer Discretionary - 25,ASX,AUD,Australia,,Australia Large Blend Equity,Australian Equities,ASXStock
0.16018351611038964,Commonwealth Bank of Australia,Growth,Australian Shares,Australian Shares,Australian Shares,Financials - 40,ASX,AUD,Australia,,Australia Large Blend Equity,Australian Equities,ASXStock
0.08477928801082225,Computershare Limited,Growth,Australian Shares,Australian Shares,Australian Shares,Industrials - 20,ASX,AUD,Australia,,Australia Large Blend Equity,Australian Equities,ASXStock
0.2629010744910463,CSL Limited,Growth,Australian Shares,Australian Shares,Australian Shares,Health Care - 35,ASX,AUD,Australia,,Australia Large Blend Equity,Australian Equities,ASXStock
0.045009989144758976,Cleanaway Waste Management Limited,Growth,Australian Shares,Australian Shares,Australian Shares,Industrials - 20,ASX,AUD,Australia,,Australia Large Blend Equity,Australian Equities,ASXStock
0.019318608778125898,Evolution Mining Limited,Growth,Australian Shares,Australian Shares,Australian Shares,Materials - 15,ASX,AUD,Australia,,Australia Large Blend Equity,Australian Equities,ASXStock
0.0004968080164876647,Flight Centre Travel Group Limited,Growth,Australian Shares,Australian Shares,Australian Shares,Consumer Discretionary - 25,ASX,AUD,Australia,,Australia Large Blend Equity,Australian Equities,ASXStock
0.10417939929572646,Fisher & Paykel Healthcare Corporation Limited,Growth,Australian Shares,Australian Shares,Australian Shares,Health Care - 35,ASX,AUD,Australia,,Australia Large Blend Equity,Australian Equities,ASXStock
0.20332510487420224,Goodman Group,Growth,Australian Shares,Australian Shares,Australian Shares,Real Estate - 60,ASX,AUD,Australia,,Australia Large Blend Equity,Australian Equities,ASXStock
0.0876920604490813,Idp Education Limited,Growth,Australian Shares,Australian Shares,Australian Shares,Consumer Discretionary - 25,ASX,AUD,Australia,,Australia Large Blend Equity,Australian Equities,ASXStock
0.03006302629670387,IRESS Limited,Growth,Australian Shares,Australian Shares,Australian Shares,Information Technology - 45,ASX,AUD,Australia,,Australia Large Blend Equity,Australian Equities,ASXStock
0.268076724600094,James Hardie Industries PLC,Growth,Australian Shares,Australian Shares,Australian Shares,Materials - 15,ASX,AUD,Australia,,Australia Large Blend Equity,Australian Equities,ASXStock
0.009830794941545418,Lendlease Group,Growth,Australian Shares,Australian Shares,Australian Shares,Real Estate - 60,ASX,AUD,Australia,,Australia Large Blend Equity,Australian Equities,ASXStock
0.11770467399812984,Lynas Rare Earths Limited,Growth,Australian Shares,Australian Shares,Australian Shares,Materials - 15,ASX,AUD,Australia,,Australia Large Blend Equity,Australian Equities,ASXStock
0.12374305711555797,Mineral Resources Limited,Growth,Australian Shares,Australian Shares,Australian Shares,Materials - 15,ASX,AUD,Australia,,Australia Large Blend Equity,Australian Equities,ASXStock
0.01782129062231215,Macquarie Group Limited,Growth,Australian Shares,Australian Shares,Australian Shares,Financials - 40,ASX,AUD,Australia,,Australia Large Blend Equity,Australian Equities,ASXStock
0.0798151404732167,National Australia Bank Limited,Growth,Australian Shares,Australian Shares,Australian Shares,Financials - 40,ASX,AUD,Australia,,Australia Large Blend Equity,Australian Equities,ASXStock
0.040191100188274285,Northern Star Resources Ltd,Growth,Australian Shares,Australian Shares,Australian Shares,Materials - 15,ASX,AUD,Australia,,Australia Large Blend Equity,Australian Equities,ASXStock
0.07242494542899919,Pilbara Minerals Limited,Growth,Australian Shares,Australian Shares,Australian Shares,Materials - 15,ASX,AUD,Australia,,Australia Large Blend Equity,Australian Equities,ASXStock
0.05601390674057923,QBE Insurance Group Limited,Growth,Australian Shares,Australian Shares,Australian Shares,Financials - 40,ASX,AUD,Australia,,Australia Large Blend Equity,Australian Equities,ASXStock
0.08080576497936208,Qube Holdings Limited,Growth,Australian Shares,Australian Shares,Australian Shares,Industrials - 20,ASX,AUD,Australia,,Australia Large Blend Equity,Australian Equities,ASXStock
0.11628168542289918,REA Group Ltd,Growth,Australian Shares,Australian Shares,Australian Shares,Communication Services - 50,ASX,AUD,Australia,,Australia Large Blend Equity,Australian Equities,ASXStock
0.0644017480247087,Rio Tinto Limited,Growth,Australian Shares,Australian Shares,Australian Shares,Materials - 15,ASX,AUD,Australia,,Australia Large Blend Equity,Australian Equities,ASXStock
0.059232260528198105,ResMed Inc.,Growth,Australian Shares,Australian Shares,Australian Shares,Health Care - 35,ASX,AUD,Australia,,Australia Large Blend Equity,Australian Equities,ASXStock
0.0010163014917746675,South32 Limited,Growth,Australian Shares,Australian Shares,Australian Shares,Materials - 15,ASX,AUD,Australia,,Australia Large Blend Equity,Australian Equities,ASXStock
0.046903328850055485,Seek Limited,Growth,Australian Shares,Australian Shares,Australian Shares,Communication Services - 50,ASX,AUD,Australia,,Australia Large Blend Equity,Australian Equities,ASXStock
0.0556102923578915,Santos Limited,Growth,Australian Shares,Australian Shares,Australian Shares,Energy - 10,ASX,AUD,Australia,,Australia Large Blend Equity,Australian Equities,ASXStock
0.08935272277777406,Telstra Group Limited,Growth,Australian Shares,Australian Shares,Australian Shares,Communication Services - 50,ASX,AUD,Australia,,Australia Large Blend Equity,Australian Equities,ASXStock
0.011453989344440347,Westpac Banking Corporation,Growth,Australian Shares,Australian Shares,Australian Shares,Financials - 40,ASX,AUD,Australia,,Australia Large Blend Equity,Australian Equities,ASXStock
0.03867796463792764,Woodside Energy Group Ltd,Growth,Australian Shares,Australian Shares,Australian Shares,Energy - 10,ASX,AUD,Australia,,Australia Large Blend Equity,Australian Equities,ASXStock
0.0773017725067258,Woolworths Group Limited,Growth,Australian Shares,Australian Shares,Australian Shares,Consumer Staples - 30,ASX,AUD,Australia,,Australia Large Blend Equity,Australian Equities,ASXStock
0.6314956021056846,Vanguard MSCI Index International Shares ETF,Growth,International Shares,Global Shares,Global Shares,ETF Index,Developed ,AUD,Developed ,,World Large Blend Equity,International Equities - Unhedged,ETF
0.0008494942651879857,BANCO BILBAO VIZCAYA ARGENTARIA SA,Growth,International Shares,Global Shares,Global Shares,Financials - 40,Bolsa De Madrid,EUR,Spain,,World Large Blend Equity,International Equities - Unhedged,IEQStock
0.11936383081808065,ASML HOLDING NV,Growth,International Shares,Global Shares,Global Shares,Information Technology - 45,Euronext Amsterdam,EUR,Netherlands,,World Large Blend Equity,International Equities - Unhedged,IEQStock
0.039639427062052215,ADEVINTA,Growth,International Shares,Global Shares,Global Shares,Communication Services - 50,Euronext Oslo Bors,NOK,Norway,,World Large Blend Equity,International Equities - Unhedged,IEQStock
0.07809014711222226,TOTALENERGIES,Growth,International Shares,Global Shares,Global Shares,Energy - 10,Euronext Paris,EUR,France,,World Large Blend Equity,International Equities - Unhedged,IEQStock
0.02697133401038946,ASTRAZENECA PLC,Growth,International Shares,Global Shares,Global Shares,Health Care - 35,London Stock Exchange,GBP,United Kingdom,,World Large Blend Equity,International Equities - Unhedged,IEQStock
0.060680205602426936,GLENCORE PLC,Growth,International Shares,Global Shares,Global Shares,Materials - 15,London Stock Exchange,GBP,United Kingdom,,World Large Blend Equity,International Equities - Unhedged,IEQStock
0.3082462116505087,NOVO NORDISK CLASS B,Growth,International Shares,Global Shares,Global Shares,Health Care - 35,Nasdaq Omx Nordic Copenhagen,DKK,Denmark,,World Large Blend Equity,International Equities - Unhedged,IEQStock
0.2968854150531433,MICROSOFT CORP,Growth,International Shares,Global Shares,Global Shares,Information Technology - 45,NASDAQ Stock Market,USD,United States,,World Large Blend Equity,International Equities - Unhedged,IEQStock
0.1167216834356887,AMAZON COM INC,Growth,International Shares,Global Shares,Global Shares,Consumer Discretionary - 25,NASDAQ Stock Market,USD,United States,,World Large Blend Equity,International Equities - Unhedged,IEQStock
3.561583742006034,NVIDIA CORP,Growth,International Shares,Global Shares,Global Shares,Information Technology - 45,NASDAQ Stock Market,USD,United States,,World Large Blend Equity,International Equities - Unhedged,IEQStock
0.3969799006827003,META PLATFORMS INC CLASS A,Growth,International Shares,Global Shares,Global Shares,Communication Services - 50,NASDAQ Stock Market,USD,United States,,World Large Blend Equity,International Equities - Unhedged,IEQStock
0.21802429664253642,ALPHABET INC CLASS C,Growth,International Shares,Global Shares,Global Shares,Communication Services - 50,NASDAQ Stock Market,USD,United States,,World Large Blend Equity,International Equities - Unhedged,IEQStock
0.008849578667914512,BROADCOM INC,Growth,International Shares,Global Shares,Global Shares,Information Technology - 45,NASDAQ Stock Market,USD,United States,,World Large Blend Equity,International Equities - Unhedged,IEQStock
0.18865635057031077,ADVANCED MICRO DEVICES INC,Growth,International Shares,Global Shares,Global Shares,Information Technology - 45,NASDAQ Stock Market,USD,United States,,World Large Blend Equity,International Equities - Unhedged,IEQStock
0.020275143265842063,INTUIT INC,Growth,International Shares,Global Shares,Global Shares,Information Technology - 45,NASDAQ Stock Market,USD,United States,,World Large Blend Equity,International Equities - Unhedged,IEQStock
0.13312043705069437,LAM RESEARCH CORP,Growth,International Shares,Global Shares,Global Shares,Information Technology - 45,NASDAQ Stock Market,USD,United States,,World Large Blend Equity,International Equities - Unhedged,IEQStock
0.03788159715970791,MICRON TECHNOLOGY INC,Growth,International Shares,Global Shares,Global Shares,Information Technology - 45,NASDAQ Stock Market,USD,United States,,World Large Blend Equity,International Equities - Unhedged,IEQStock
0.11186357380187457,SYNOPSYS INC,Growth,International Shares,Global Shares,Global Shares,Information Technology - 45,NASDAQ Stock Market,USD,United States,,World Large Blend Equity,International Equities - Unhedged,IEQStock
0.11728144902028008,UNITEDHEALTH GROUP INC,Growth,International Shares,Global Shares,Global Shares,Health Care - 35,New York Stock Exchange Inc.,USD,United States,,World Large Blend Equity,International Equities - Unhedged,IEQStock
0.35345672054338984,ELI LILLY,Growth,International Shares,Global Shares,Global Shares,Health Care - 35,New York Stock Exchange Inc.,USD,United States,,World Large Blend Equity,International Equities - Unhedged,IEQStock
0.06992589616253247,VISA INC CLASS A,Growth,International Shares,Global Shares,Global Shares,Financials - 40,New York Stock Exchange Inc.,USD,United States,,World Large Blend Equity,International Equities - Unhedged,IEQStock
0.151569165643202,SERVICENOW INC,Growth,International Shares,Global Shares,Global Shares,Information Technology - 45,New York Stock Exchange Inc.,USD,United States,,World Large Blend Equity,International Equities - Unhedged,IEQStock
0.00994041126352693,CIGNA,Growth,International Shares,Global Shares,Global Shares,Health Care - 35,New York Stock Exchange Inc.,USD,United States,,World Large Blend Equity,International Equities - Unhedged,IEQStock
0.028963135964213054,SCHLUMBERGER NV,Growth,International Shares,Global Shares,Global Shares,Energy - 10,New York Stock Exchange Inc.,USD,United States,,World Large Blend Equity,International Equities - Unhedged,IEQStock
0.006804290883878081,HUMANA INC,Growth,International Shares,Global Shares,Global Shares,Health Care - 35,New York Stock Exchange Inc.,USD,United States,,World Large Blend Equity,International Equities - Unhedged,IEQStock
0.007943278648704881,FORD MOTOR CO,Growth,International Shares,Global Shares,Global Shares,Consumer Discretionary - 25,New York Stock Exchange Inc.,USD,United States,,World Large Blend Equity,International Equities - Unhedged,IEQStock
0.08361215256108906,D R HORTON INC,Growth,International Shares,Global Shares,Global Shares,Consumer Discretionary - 25,New York Stock Exchange Inc.,USD,United States,,World Large Blend Equity,International Equities - Unhedged,IEQStock
0.020188192599501546,CANADIAN NATURAL RESOURCES LTD,Growth,International Shares,Global Shares,Global Shares,Energy - 10,Toronto Stock Exchange,CAD,Canada,,World Large Blend Equity,International Equities - Unhedged,IEQStock
