Current Weight,Name,G0,G1,G2,G3,G4,G5,G6,G7,G8,PeerGroup,OptimiserCategory,Type
3.1846436957175075,iShares MSCI Emerging Markets ETF,Growth,International Shares,Global Shares,Global Shares,ETF Index,Emerging Markets,AUD,Emerging Markets,,Emerging Markets Equity,International Equities - Emerging,ETF
0.3785534883996494,iShares MSCI EAFE ETF,Growth,International Shares,Global Shares,Global Shares,ETF Index,Developed EX us,AUD,Developed ex. US,,World ex US Large Blend Equity,International Equities - Unhedged,ETF
3.473517482135599,iShares Core Composite Bond ETF,Defensive,Long Duration,Australian Fixed Interest,Australian Fixed Interest,ETF Index,,,Core Australian Bonds,,Australian Bonds,Australian Fixed Interest,ETF
1.9329946741368156,iShares Government Inflation ETF,Defensive,Long Duration,Global Fixed Interest,Global Fixed Interest,ETF Index,,,Inflation Linked Bonds,,Inflation linked Bonds,Inflation Linked Government Bonds,ETF
0.5783765449636737,iShares Treasury ETF,Defensive,Long Duration,Australian Fixed Interest,Australian Fixed Interest,ETF Index,,,Global Government Bonds,,Australian Bonds,Australian Fixed Interest,ETF
0.6114195795053591,iShares Core Global Corporate Bond (hedged) ETF,Defensive,Long Duration,Global Fixed Interest,Global Fixed Interest,ETF Index,,,Global IG Credit,,Diversified Credit,Floating High Yield Credit,ETF
0.6132467563943171,iShares Global High Yield Bond (hedged) ETF,Defensive,Long Duration,Global Fixed Interest,Global Fixed Interest,ETF Index,,,Global HY Credit,,Yield Credit Equity,Floating High Yield Credit,ETF
0.30594543860205486,iShares USD EM Bond (hedged) ETF,Defensive,Long Duration,Global Fixed Interest,Global Fixed Interest,ETF Index,,,Emerging Market Debt,,Global Bonds ,International Fixed Interest,ETF
0.500842185559745,iShares Core Cash ETF,Defensive,Cash,Cash,Cash,ETF Index,Cash,Cash,Bank Bills,,Domestic Cash,Cash,ETF
2.0030682369276436,Bank Account,Defensive,Cash,Cash,Cash,ASXStock,Cash,Cash,Bank Account,Cash,Domestic Cash,Cash,Cash
8.195737560780984,ClearBridge RARE Infrastructure Value Fund (Hedged),Growth,Real Assets,Global Listed Infrastructure,,Active Manager,,,Global Infrastructure - Currency Hedged,,Global Infrastructure - Currency Hedged,Global Listed Infrastructure - hedged,MF
3.6586660738020473,Australian Ethical Shares fund,Growth,Australian Shares,Australian Shares,,Passive,,,Australian Ethical Equities,,Australia Other Equity,Australian Equities - Ethical,MF
7.429163162494443,Martin Currie Sustainable Equity Fund,Growth,Australian Shares,Australian Shares,,Active Manager,,,Australian Shares ESG,,Australia Other Equity,Australian Equities,MF
3.7501644159363754,Alphinity Sustainable Share Fund,Growth,Australian Shares,Australian Shares,,Active Manager,,,Australian Shares ESG,,Australia Other Equity,Australian Equities,MF
6.425347068649822,iShares Core MSCI Australia ESG ETF,Growth,Australian Shares,Australian Shares,,ETF,,,Australian Shares ESG,,Australia Other Equity,Australian Equities,ETF
11.220450085704204,Vanguard Ethically Conscious International Shares Fund,Growth,International Shares,International Shares,,Passive,,,Global Shares ESG,,World Other Equity,International Equities - Unhedged,MF
8.314353054317209,Nanuk New World Fund,Growth,International Shares,International Shares,,Active Manager,,,Global Shares ESG / Thematic,,World Other Equity,International Equities - Unhedged,MF
8.366301178368502,Impax Sustainable Leaders Fund,Growth,International Shares,International Shares,,Active Manager,,,Global Shares ESG,,World Other Equity,International Equities - Unhedged,MF
13.955899869125332,Pendal Sustainable Australian Fixed Interest ,Defensive,Long Duration,Australian Fixed Interest,,Active Manager,,,Australian Bonds ESG,,Global Bonds ,International Fixed Interest,MF
1.785886959117971,PIMCO ESG Global Bond Fund (International),Defensive,Long Duration,Global Fixed Interest,,Active Manager,,,Global Bonds ESG,,Global Bonds ,International Fixed Interest,MF
1.7857333246157454,Perpetual Ethical SRI Credit Fund (International),Defensive,Long Duration,Global Fixed Interest,,Active Manager,,,Global Credit ESG,,Diversified Credit,International Fixed Interest,MF
0.01612232788187037,Bank Account,Defensive,Cash,Cash,Cash,ASXStock,Cash,Cash,Bank Account,Cash,Domestic Cash,Cash,Cash
0.0008078019771434709,CBOE GLOBAL MARKETS INC,Growth,International Shares,Global Shares,Global Shares,Financials - 40,Cboe BZX formerly known as BATS,USD,United States,,World Large Blend Equity,International Equities - Unhedged,IEQStock
0.002088644038141299,DEUTSCHE TELEKOM N AG,Growth,International Shares,Global Shares,Global Shares,Communication Services - 50,Deutsche Boerse Markets,EUR,Germany,,World Large Blend Equity,International Equities - Unhedged,IEQStock
0.002520605523604786,ESTEE LAUDER INC CLASS A,Growth,International Shares,Global Shares,Global Shares,Health Care - 35,Euronext Paris,EUR,France,,World Large Blend Equity,International Equities - Unhedged,IEQStock
0.0016126876894871822,DOLLAR GENERAL CORP,Growth,International Shares,Global Shares,Global Shares,Industrials - 20,Euronext Paris,EUR,France,,World Large Blend Equity,International Equities - Unhedged,IEQStock
0.0004438644956410552,ANGLO AMERICAN PLC,Growth,International Shares,Global Shares,Global Shares,Materials - 15,London Stock Exchange,GBP,United Kingdom,,World Large Blend Equity,International Equities - Unhedged,IEQStock
0.001377591416135046,TRACTOR SUPPLY,Growth,International Shares,Global Shares,Global Shares,Consumer Staples - 30,London Stock Exchange,GBP,United Kingdom,,World Large Blend Equity,International Equities - Unhedged,IEQStock
0.0011714544145957433,T ROWE PRICE GROUP INC,Growth,International Shares,Global Shares,Global Shares,Financials - 40,NASDAQ Stock Market,USD,United States,,World Large Blend Equity,International Equities - Unhedged,IEQStock
0.0014608128516734582,ULTA BEAUTY INC,Growth,International Shares,Global Shares,Global Shares,Consumer Discretionary - 25,NASDAQ Stock Market,USD,United States,,World Large Blend Equity,International Equities - Unhedged,IEQStock
0.0007706599457748025,VERISIGN INC,Growth,International Shares,Global Shares,Global Shares,Information Technology - 45,NASDAQ Stock Market,USD,United States,,World Large Blend Equity,International Equities - Unhedged,IEQStock
0.00038821247572025234,ILLUMINA INC,Growth,International Shares,Global Shares,Global Shares,Health Care - 35,NASDAQ Stock Market,USD,United States,,World Large Blend Equity,International Equities - Unhedged,IEQStock
0.0017994793352955796,FIFTH THIRD BANCORP,Growth,International Shares,Global Shares,Global Shares,Financials - 40,NASDAQ Stock Market,USD,United States,,World Large Blend Equity,International Equities - Unhedged,IEQStock
0.0018059099423433308,PTC INC,Growth,International Shares,Global Shares,Global Shares,Information Technology - 45,NASDAQ Stock Market,USD,United States,,World Large Blend Equity,International Equities - Unhedged,IEQStock
0.0021961498011740513,NASDAQ INC,Growth,International Shares,Global Shares,Global Shares,Financials - 40,NASDAQ Stock Market,USD,United States,,World Large Blend Equity,International Equities - Unhedged,IEQStock
0.0028074076613608108,STEEL DYNAMICS INC,Growth,International Shares,Global Shares,Global Shares,Materials - 15,NASDAQ Stock Market,USD,United States,,World Large Blend Equity,International Equities - Unhedged,IEQStock
0.0012715707329630178,HOLOGIC INC,Growth,International Shares,Global Shares,Global Shares,Health Care - 35,NASDAQ Stock Market,USD,United States,,World Large Blend Equity,International Equities - Unhedged,IEQStock
0.0010694515432026722,AKAMAI TECHNOLOGIES INC,Growth,International Shares,Global Shares,Global Shares,Information Technology - 45,NASDAQ Stock Market,USD,United States,,World Large Blend Equity,International Equities - Unhedged,IEQStock
0.00131430247234583,COOPER INC,Growth,International Shares,Global Shares,Global Shares,Health Care - 35,NASDAQ Stock Market,USD,United States,,World Large Blend Equity,International Equities - Unhedged,IEQStock
0.0011208834773200121,EXPEDIA GROUP INC,Growth,International Shares,Global Shares,Global Shares,Consumer Discretionary - 25,NASDAQ Stock Market,USD,United States,,World Large Blend Equity,International Equities - Unhedged,IEQStock
0.0012488372137033246,NETAPP INC,Growth,International Shares,Global Shares,Global Shares,Information Technology - 45,NASDAQ Stock Market,USD,United States,,World Large Blend Equity,International Equities - Unhedged,IEQStock
0.001175542602372783,CINCINNATI FINANCIAL CORP,Growth,International Shares,Global Shares,Global Shares,Financials - 40,NASDAQ Stock Market,USD,United States,,World Large Blend Equity,International Equities - Unhedged,IEQStock
0.0001118367731320079,WALGREEN BOOTS ALLIANCE INC,Growth,International Shares,Global Shares,Global Shares,Consumer Staples - 30,NASDAQ Stock Market,USD,United States,,World Large Blend Equity,International Equities - Unhedged,IEQStock
0.0012055763275572156,PRINCIPAL FINANCIAL GROUP INC,Growth,International Shares,Global Shares,Global Shares,Financials - 40,NASDAQ Stock Market,USD,United States,,World Large Blend Equity,International Equities - Unhedged,IEQStock
0.0029603359713222042,FIRST SOLAR INC,Growth,International Shares,Global Shares,Global Shares,Information Technology - 45,NASDAQ Stock Market,USD,United States,,World Large Blend Equity,International Equities - Unhedged,IEQStock
0.006255451796951016,AXON ENTERPRISE INC,Growth,International Shares,Global Shares,Global Shares,Industrials - 20,NASDAQ Stock Market,USD,United States,,World Large Blend Equity,International Equities - Unhedged,IEQStock
0.0010565128244165109,HUNTINGTON BANCSHARES INC,Growth,International Shares,Global Shares,Global Shares,Financials - 40,NASDAQ Stock Market,USD,United States,,World Large Blend Equity,International Equities - Unhedged,IEQStock
0.0007771288981275921,NORTHERN TRUST CORP,Growth,International Shares,Global Shares,Global Shares,Financials - 40,NASDAQ Stock Market,USD,United States,,World Large Blend Equity,International Equities - Unhedged,IEQStock
0.001254598893840346,JB HUNT TRANSPORT SERVICES INC,Growth,International Shares,Global Shares,Global Shares,Industrials - 20,NASDAQ Stock Market,USD,United States,,World Large Blend Equity,International Equities - Unhedged,IEQStock
0.0008444917771375788,SKYWORKS SOLUTIONS INC,Growth,International Shares,Global Shares,Global Shares,Information Technology - 45,NASDAQ Stock Market,USD,United States,,World Large Blend Equity,International Equities - Unhedged,IEQStock
0.00079082979425828,ALIGN TECHNOLOGY INC,Growth,International Shares,Global Shares,Global Shares,Health Care - 35,NASDAQ Stock Market,USD,United States,,World Large Blend Equity,International Equities - Unhedged,IEQStock
0.0011416293670994616,WESTERN DIGITAL CORP,Growth,International Shares,Global Shares,Global Shares,Information Technology - 45,NASDAQ Stock Market,USD,United States,,World Large Blend Equity,International Equities - Unhedged,IEQStock
0.0016808309793671999,SEAGATE TECHNOLOGY HOLDINGS PLC,Growth,International Shares,Global Shares,Global Shares,Information Technology - 45,NASDAQ Stock Market,USD,United States,,World Large Blend Equity,International Equities - Unhedged,IEQStock
0.0021872690041983924,TERADYNE INC,Growth,International Shares,Global Shares,Global Shares,Information Technology - 45,NASDAQ Stock Market,USD,United States,,World Large Blend Equity,International Equities - Unhedged,IEQStock
0.0015721886763253824,POOL CORP,Growth,International Shares,Global Shares,Global Shares,Consumer Discretionary - 25,NASDAQ Stock Market,USD,United States,,World Large Blend Equity,International Equities - Unhedged,IEQStock
0.0006883046450391704,ALLIANT ENERGY CORP,Growth,International Shares,Global Shares,Global Shares,Utilities - 55,NASDAQ Stock Market,USD,United States,,World Large Blend Equity,International Equities - Unhedged,IEQStock
0.0006040232599311308,UNITED AIRLINES HOLDINGS INC,Growth,International Shares,Global Shares,Global Shares,Industrials - 20,NASDAQ Stock Market,USD,United States,,World Large Blend Equity,International Equities - Unhedged,IEQStock
0.0007514294498571002,LKQ CORP,Growth,International Shares,Global Shares,Global Shares,Consumer Discretionary - 25,NASDAQ Stock Market,USD,United States,,World Large Blend Equity,International Equities - Unhedged,IEQStock
0.0010067145893591276,NORDSON CORP,Growth,International Shares,Global Shares,Global Shares,Industrials - 20,NASDAQ Stock Market,USD,United States,,World Large Blend Equity,International Equities - Unhedged,IEQStock
0.0007069747300645091,HOST HOTELS & RESORTS REIT INC,Growth,International Shares,Global Shares,Global Shares,Real Estate - 60,NASDAQ Stock Market,USD,United States,,World Large Blend Equity,International Equities - Unhedged,IEQStock
0.0004357514677449481,APA CORP,Growth,International Shares,Global Shares,Global Shares,Energy - 10,NASDAQ Stock Market,USD,United States,,World Large Blend Equity,International Equities - Unhedged,IEQStock
0.0005160142842680281,EVERGY INC,Growth,International Shares,Global Shares,Global Shares,Utilities - 55,NASDAQ Stock Market,USD,United States,,World Large Blend Equity,International Equities - Unhedged,IEQStock
0.0018864050921709719,INSULET CORP,Growth,International Shares,Global Shares,Global Shares,Health Care - 35,NASDAQ Stock Market,USD,United States,,World Large Blend Equity,International Equities - Unhedged,IEQStock
0.0006790219430062836,VIATRIS INC,Growth,International Shares,Global Shares,Global Shares,Health Care - 35,NASDAQ Stock Market,USD,United States,,World Large Blend Equity,International Equities - Unhedged,IEQStock
0.011345385542748785,ENPHASE ENERGY INC,Growth,International Shares,Global Shares,Global Shares,Information Technology - 45,NASDAQ Stock Market,USD,United States,,World Large Blend Equity,International Equities - Unhedged,IEQStock
0.0011627280774519147,ZEBRA TECHNOLOGIES CORP CLASS A,Growth,International Shares,Global Shares,Global Shares,Information Technology - 45,NASDAQ Stock Market,USD,United States,,World Large Blend Equity,International Equities - Unhedged,IEQStock
0.0012924162048386406,GEN DIGITAL INC,Growth,International Shares,Global Shares,Global Shares,Information Technology - 45,NASDAQ Stock Market,USD,United States,,World Large Blend Equity,International Equities - Unhedged,IEQStock
0.0008910122309203548,TRIMBLE INC,Growth,International Shares,Global Shares,Global Shares,Information Technology - 45,NASDAQ Stock Market,USD,United States,,World Large Blend Equity,International Equities - Unhedged,IEQStock
0.000696964297390396,JACK HENRY AND ASSOCIATES INC,Growth,International Shares,Global Shares,Global Shares,Financials - 40,NASDAQ Stock Market,USD,United States,,World Large Blend Equity,International Equities - Unhedged,IEQStock
0.0005649405513731152,INCYTE CORP,Growth,International Shares,Global Shares,Global Shares,Health Care - 35,NASDAQ Stock Market,USD,United States,,World Large Blend Equity,International Equities - Unhedged,IEQStock
0.0005900754080991293,REGENCY CENTERS REIT CORP,Growth,International Shares,Global Shares,Global Shares,Real Estate - 60,NASDAQ Stock Market,USD,United States,,World Large Blend Equity,International Equities - Unhedged,IEQStock
0.0005939059253982646,CH ROBINSON WORLDWIDE INC,Growth,International Shares,Global Shares,Global Shares,Industrials - 20,NASDAQ Stock Market,USD,United States,,World Large Blend Equity,International Equities - Unhedged,IEQStock
0.0003573871118045929,CAESARS ENTERTAINMENT INC,Growth,International Shares,Global Shares,Global Shares,Consumer Discretionary - 25,NASDAQ Stock Market,USD,United States,,World Large Blend Equity,International Equities - Unhedged,IEQStock
0.0009879833808604825,BIO TECHNE CORP,Growth,International Shares,Global Shares,Global Shares,Health Care - 35,NASDAQ Stock Market,USD,United States,,World Large Blend Equity,International Equities - Unhedged,IEQStock
0.0006995829250542446,F5 INC,Growth,International Shares,Global Shares,Global Shares,Information Technology - 45,NASDAQ Stock Market,USD,United States,,World Large Blend Equity,International Equities - Unhedged,IEQStock
0.00031368022825934046,WYNN RESORTS LTD,Growth,International Shares,Global Shares,Global Shares,Consumer Discretionary - 25,NASDAQ Stock Market,USD,United States,,World Large Blend Equity,International Equities - Unhedged,IEQStock
0.0005687412171154782,QORVO INC,Growth,International Shares,Global Shares,Global Shares,Information Technology - 45,NASDAQ Stock Market,USD,United States,,World Large Blend Equity,International Equities - Unhedged,IEQStock
0.00040830168910544287,MATCH GROUP INC,Growth,International Shares,Global Shares,Global Shares,Communication Services - 50,NASDAQ Stock Market,USD,United States,,World Large Blend Equity,International Equities - Unhedged,IEQStock
0.0003684591973264321,HENRY SCHEIN INC,Growth,International Shares,Global Shares,Global Shares,Health Care - 35,NASDAQ Stock Market,USD,United States,,World Large Blend Equity,International Equities - Unhedged,IEQStock
0.0006638128046974512,MARKETAXESS HOLDINGS INC,Growth,International Shares,Global Shares,Global Shares,Financials - 40,NASDAQ Stock Market,USD,United States,,World Large Blend Equity,International Equities - Unhedged,IEQStock
0.0007757745806447899,NEWS CORP CLASS A,Growth,International Shares,Global Shares,Global Shares,Communication Services - 50,NASDAQ Stock Market,USD,United States,,World Large Blend Equity,International Equities - Unhedged,IEQStock
0.0003494078963407804,ETSY INC,Growth,International Shares,Global Shares,Global Shares,Consumer Discretionary - 25,NASDAQ Stock Market,USD,United States,,World Large Blend Equity,International Equities - Unhedged,IEQStock
0.000341410645820884,FOX CORP CLASS A,Growth,International Shares,Global Shares,Global Shares,Communication Services - 50,NASDAQ Stock Market,USD,United States,,World Large Blend Equity,International Equities - Unhedged,IEQStock
0.00021397950948713612,PARAMOUNT GLOBAL CLASS B,Growth,International Shares,Global Shares,Global Shares,Communication Services - 50,NASDAQ Stock Market,USD,United States,,World Large Blend Equity,International Equities - Unhedged,IEQStock
0.00020120152196335923,DENTSPLY SIRONA INC,Growth,International Shares,Global Shares,Global Shares,Health Care - 35,NASDAQ Stock Market,USD,United States,,World Large Blend Equity,International Equities - Unhedged,IEQStock
0.00026100206893523765,HASBRO INC,Growth,International Shares,Global Shares,Global Shares,Consumer Discretionary - 25,NASDAQ Stock Market,USD,United States,,World Large Blend Equity,International Equities - Unhedged,IEQStock
0.0004129029990342476,ZIONS BANCORPORATION,Growth,International Shares,Global Shares,Global Shares,Financials - 40,NASDAQ Stock Market,USD,United States,,World Large Blend Equity,International Equities - Unhedged,IEQStock
0.00016057124961507915,FOX CORP CLASS B,Growth,International Shares,Global Shares,Global Shares,Communication Services - 50,NASDAQ Stock Market,USD,United States,,World Large Blend Equity,International Equities - Unhedged,IEQStock
0.44858936347607975,MICROSOFT CORP,Growth,International Shares,Global Shares,Global Shares,Information Technology - 45,NASDAQ Stock Market,USD,United States,,World Large Blend Equity,International Equities - Unhedged,IEQStock
0.6256582497784008,APPLE INC,Growth,International Shares,Global Shares,Global Shares,Information Technology - 45,NASDAQ Stock Market,USD,United States,,World Large Blend Equity,International Equities - Unhedged,IEQStock
0.13553965454669945,AMAZON COM INC,Growth,International Shares,Global Shares,Global Shares,Consumer Discretionary - 25,NASDAQ Stock Market,USD,United States,,World Large Blend Equity,International Equities - Unhedged,IEQStock
2.0693914039324506,NVIDIA CORP,Growth,International Shares,Global Shares,Global Shares,Information Technology - 45,NASDAQ Stock Market,USD,United States,,World Large Blend Equity,International Equities - Unhedged,IEQStock
0.10846255358020353,ALPHABET INC CLASS A,Growth,International Shares,Global Shares,Global Shares,Communication Services - 50,NASDAQ Stock Market,USD,United States,,World Large Blend Equity,International Equities - Unhedged,IEQStock
0.1392020014814572,META PLATFORMS INC CLASS A,Growth,International Shares,Global Shares,Global Shares,Communication Services - 50,NASDAQ Stock Market,USD,United States,,World Large Blend Equity,International Equities - Unhedged,IEQStock
0.09429179319774533,ALPHABET INC CLASS C,Growth,International Shares,Global Shares,Global Shares,Communication Services - 50,NASDAQ Stock Market,USD,United States,,World Large Blend Equity,International Equities - Unhedged,IEQStock
0.3020165244369242,TESLA INC,Growth,International Shares,Global Shares,Global Shares,Consumer Discretionary - 25,NASDAQ Stock Market,USD,United States,,World Large Blend Equity,International Equities - Unhedged,IEQStock
0.1146669894045286,BROADCOM INC,Growth,International Shares,Global Shares,Global Shares,Information Technology - 45,NASDAQ Stock Market,USD,United States,,World Large Blend Equity,International Equities - Unhedged,IEQStock
0.022531880529518714,ADOBE INC,Growth,International Shares,Global Shares,Global Shares,Information Technology - 45,NASDAQ Stock Market,USD,United States,,World Large Blend Equity,International Equities - Unhedged,IEQStock
0.05311868301743015,COSTCO WHOLESALE CORP,Growth,International Shares,Global Shares,Global Shares,Consumer Staples - 30,NASDAQ Stock Market,USD,United States,,World Large Blend Equity,International Equities - Unhedged,IEQStock
0.014086337550506438,PEPSICO INC,Growth,International Shares,Global Shares,Global Shares,Consumer Staples - 30,NASDAQ Stock Market,USD,United States,,World Large Blend Equity,International Equities - Unhedged,IEQStock
0.010414996863444121,CISCO SYSTEMS INC,Growth,International Shares,Global Shares,Global Shares,Information Technology - 45,NASDAQ Stock Market,USD,United States,,World Large Blend Equity,International Equities - Unhedged,IEQStock
0.02418612881903451,NETFLIX INC,Growth,International Shares,Global Shares,Global Shares,Communication Services - 50,NASDAQ Stock Market,USD,United States,,World Large Blend Equity,International Equities - Unhedged,IEQStock
0.023142096419285912,LINDE PLC,Growth,International Shares,Global Shares,Global Shares,Materials - 15,NASDAQ Stock Market,USD,United States,,World Large Blend Equity,International Equities - Unhedged,IEQStock
0.07439317684390989,ADVANCED MICRO DEVICES INC,Growth,International Shares,Global Shares,Global Shares,Information Technology - 45,NASDAQ Stock Market,USD,United States,,World Large Blend Equity,International Equities - Unhedged,IEQStock
0.009117035776585486,COMCAST CORP CLASS A,Growth,International Shares,Global Shares,Global Shares,Communication Services - 50,NASDAQ Stock Market,USD,United States,,World Large Blend Equity,International Equities - Unhedged,IEQStock
0.0037783031335476857,INTEL CORPORATION CORP,Growth,International Shares,Global Shares,Global Shares,Information Technology - 45,NASDAQ Stock Market,USD,United States,,World Large Blend Equity,International Equities - Unhedged,IEQStock
0.010893985501212757,AMGEN INC,Growth,International Shares,Global Shares,Global Shares,Health Care - 35,NASDAQ Stock Market,USD,United States,,World Large Blend Equity,International Equities - Unhedged,IEQStock
0.021037520621722948,INTUIT INC,Growth,International Shares,Global Shares,Global Shares,Information Technology - 45,NASDAQ Stock Market,USD,United States,,World Large Blend Equity,International Equities - Unhedged,IEQStock
0.018021266202229838,QUALCOMM INC,Growth,International Shares,Global Shares,Global Shares,Information Technology - 45,NASDAQ Stock Market,USD,United States,,World Large Blend Equity,International Equities - Unhedged,IEQStock
0.013198740563018183,TEXAS INSTRUMENT INC,Growth,International Shares,Global Shares,Global Shares,Information Technology - 45,NASDAQ Stock Market,USD,United States,,World Large Blend Equity,International Equities - Unhedged,IEQStock
0.008299915516320323,HONEYWELL INTERNATIONAL INC,Growth,International Shares,Global Shares,Global Shares,Industrials - 20,NASDAQ Stock Market,USD,United States,,World Large Blend Equity,International Equities - Unhedged,IEQStock
0.028673545931513864,APPLIED MATERIAL INC,Growth,International Shares,Global Shares,Global Shares,Information Technology - 45,NASDAQ Stock Market,USD,United States,,World Large Blend Equity,International Equities - Unhedged,IEQStock
0.006617880859097347,STARBUCKS CORP,Growth,International Shares,Global Shares,Global Shares,Consumer Discretionary - 25,NASDAQ Stock Market,USD,United States,,World Large Blend Equity,International Equities - Unhedged,IEQStock
0.01315812616558087,BOOKING HOLDINGS INC,Growth,International Shares,Global Shares,Global Shares,Consumer Discretionary - 25,NASDAQ Stock Market,USD,United States,,World Large Blend Equity,International Equities - Unhedged,IEQStock
0.0059647426310155,GILEAD SCIENCES INC,Growth,International Shares,Global Shares,Global Shares,Health Care - 35,NASDAQ Stock Market,USD,United States,,World Large Blend Equity,International Equities - Unhedged,IEQStock
0.014788050790508737,INTUITIVE SURGICAL INC,Growth,International Shares,Global Shares,Global Shares,Health Care - 35,NASDAQ Stock Market,USD,United States,,World Large Blend Equity,International Equities - Unhedged,IEQStock
0.012529642121204077,VERTEX PHARMACEUTICALS INC,Growth,International Shares,Global Shares,Global Shares,Health Care - 35,NASDAQ Stock Market,USD,United States,,World Large Blend Equity,International Equities - Unhedged,IEQStock
0.006909602736444035,MONDELEZ INTERNATIONAL INC CLASS A,Growth,International Shares,Global Shares,Global Shares,Consumer Staples - 30,NASDAQ Stock Market,USD,United States,,World Large Blend Equity,International Equities - Unhedged,IEQStock
0.008553355800593613,AUTOMATIC DATA PROCESSING INC,Growth,International Shares,Global Shares,Global Shares,Industrials - 20,NASDAQ Stock Market,USD,United States,,World Large Blend Equity,International Equities - Unhedged,IEQStock
0.008701682191784613,REGENERON PHARMACEUTICALS INC,Growth,International Shares,Global Shares,Global Shares,Health Care - 35,NASDAQ Stock Market,USD,United States,,World Large Blend Equity,International Equities - Unhedged,IEQStock
0.022052692398470606,LAM RESEARCH CORP,Growth,International Shares,Global Shares,Global Shares,Information Technology - 45,NASDAQ Stock Market,USD,United States,,World Large Blend Equity,International Equities - Unhedged,IEQStock
0.009659263471450998,ANALOG DEVICES INC,Growth,International Shares,Global Shares,Global Shares,Information Technology - 45,NASDAQ Stock Market,USD,United States,,World Large Blend Equity,International Equities - Unhedged,IEQStock
0.011669976305459013,MICRON TECHNOLOGY INC,Growth,International Shares,Global Shares,Global Shares,Information Technology - 45,NASDAQ Stock Market,USD,United States,,World Large Blend Equity,International Equities - Unhedged,IEQStock
0.003818223726578402,CME GROUP INC CLASS A,Growth,International Shares,Global Shares,Global Shares,Financials - 40,NASDAQ Stock Market,USD,United States,,World Large Blend Equity,International Equities - Unhedged,IEQStock
0.012058748650148186,T MOBILE US INC,Growth,International Shares,Global Shares,Global Shares,Communication Services - 50,NASDAQ Stock Market,USD,United States,,World Large Blend Equity,International Equities - Unhedged,IEQStock
0.01871497106714701,SYNOPSYS INC,Growth,International Shares,Global Shares,Global Shares,Information Technology - 45,NASDAQ Stock Market,USD,United States,,World Large Blend Equity,International Equities - Unhedged,IEQStock
0.020399367271863336,PALO ALTO NETWORKS INC,Growth,International Shares,Global Shares,Global Shares,Information Technology - 45,NASDAQ Stock Market,USD,United States,,World Large Blend Equity,International Equities - Unhedged,IEQStock
0.00790642470378402,EQUINIX REIT INC,Growth,International Shares,Global Shares,Global Shares,Real Estate - 60,NASDAQ Stock Market,USD,United States,,World Large Blend Equity,International Equities - Unhedged,IEQStock
0.018467900288295192,CADENCE DESIGN SYSTEMS INC,Growth,International Shares,Global Shares,Global Shares,Information Technology - 45,NASDAQ Stock Market,USD,United States,,World Large Blend Equity,International Equities - Unhedged,IEQStock
0.02285228589671662,KLA CORP,Growth,International Shares,Global Shares,Global Shares,Information Technology - 45,NASDAQ Stock Market,USD,United States,,World Large Blend Equity,International Equities - Unhedged,IEQStock
0.00446132699963704,CSX CORP,Growth,International Shares,Global Shares,Global Shares,Industrials - 20,NASDAQ Stock Market,USD,United States,,World Large Blend Equity,International Equities - Unhedged,IEQStock
0.002590076827229423,PAYPAL HOLDINGS INC,Growth,International Shares,Global Shares,Global Shares,Financials - 40,NASDAQ Stock Market,USD,United States,,World Large Blend Equity,International Equities - Unhedged,IEQStock
0.007574766318700375,OREILLY AUTOMOTIVE INC,Growth,International Shares,Global Shares,Global Shares,Consumer Discretionary - 25,NASDAQ Stock Market,USD,United States,,World Large Blend Equity,International Equities - Unhedged,IEQStock
0.004513474082961767,ROPER TECHNOLOGIES INC,Growth,International Shares,Global Shares,Global Shares,Information Technology - 45,NASDAQ Stock Market,USD,United States,,World Large Blend Equity,International Equities - Unhedged,IEQStock
0.0039125859866846815,AIRBNB INC CLASS A,Growth,International Shares,Global Shares,Global Shares,Consumer Discretionary - 25,NASDAQ Stock Market,USD,United States,,World Large Blend Equity,International Equities - Unhedged,IEQStock
0.005417511861182016,MARRIOTT INTERNATIONAL INC CLASS A,Growth,International Shares,Global Shares,Global Shares,Consumer Discretionary - 25,NASDAQ Stock Market,USD,United States,,World Large Blend Equity,International Equities - Unhedged,IEQStock
0.007238029033350635,NXP SEMICONDUCTORS NV,Growth,International Shares,Global Shares,Global Shares,Information Technology - 45,NASDAQ Stock Market,USD,United States,,World Large Blend Equity,International Equities - Unhedged,IEQStock
0.00554086488480124,LULULEMON ATHLETICA INC,Growth,International Shares,Global Shares,Global Shares,Consumer Discretionary - 25,NASDAQ Stock Market,USD,United States,,World Large Blend Equity,International Equities - Unhedged,IEQStock
0.010292874272938195,CINTAS CORP,Growth,International Shares,Global Shares,Global Shares,Industrials - 20,NASDAQ Stock Market,USD,United States,,World Large Blend Equity,International Equities - Unhedged,IEQStock
0.003966580418282065,PACCAR INC,Growth,International Shares,Global Shares,Global Shares,Industrials - 20,NASDAQ Stock Market,USD,United States,,World Large Blend Equity,International Equities - Unhedged,IEQStock
0.0046346385909732234,AUTODESK INC,Growth,International Shares,Global Shares,Global Shares,Information Technology - 45,NASDAQ Stock Market,USD,United States,,World Large Blend Equity,International Equities - Unhedged,IEQStock
0.001857401111410244,CHARTER COMMUNICATIONS INC CLASS A,Growth,International Shares,Global Shares,Global Shares,Communication Services - 50,NASDAQ Stock Market,USD,United States,,World Large Blend Equity,International Equities - Unhedged,IEQStock
0.002984645370516383,ROSS STORES INC,Growth,International Shares,Global Shares,Global Shares,Consumer Discretionary - 25,NASDAQ Stock Market,USD,United States,,World Large Blend Equity,International Equities - Unhedged,IEQStock
0.0038041860493143987,MONSTER BEVERAGE CORP,Growth,International Shares,Global Shares,Global Shares,Consumer Staples - 30,NASDAQ Stock Market,USD,United States,,World Large Blend Equity,International Equities - Unhedged,IEQStock
0.003955623803481359,MICROCHIP TECHNOLOGY INC,Growth,International Shares,Global Shares,Global Shares,Information Technology - 45,NASDAQ Stock Market,USD,United States,,World Large Blend Equity,International Equities - Unhedged,IEQStock
0.002348073016914625,AMERICAN ELECTRIC POWER INC,Growth,International Shares,Global Shares,Global Shares,Utilities - 55,NASDAQ Stock Market,USD,United States,,World Large Blend Equity,International Equities - Unhedged,IEQStock
0.001740375296077575,COPART INC,Growth,International Shares,Global Shares,Global Shares,Industrials - 20,NASDAQ Stock Market,USD,United States,,World Large Blend Equity,International Equities - Unhedged,IEQStock
0.0017771876224232962,EXELON CORP,Growth,International Shares,Global Shares,Global Shares,Utilities - 55,NASDAQ Stock Market,USD,United States,,World Large Blend Equity,International Equities - Unhedged,IEQStock
0.01111692527335373,CONSTELLATION ENERGY CORP,Growth,International Shares,Global Shares,Global Shares,Utilities - 55,NASDAQ Stock Market,USD,United States,,World Large Blend Equity,International Equities - Unhedged,IEQStock
0.004562314364932649,DEXCOM INC,Growth,International Shares,Global Shares,Global Shares,Health Care - 35,NASDAQ Stock Market,USD,United States,,World Large Blend Equity,International Equities - Unhedged,IEQStock
0.0034551212385661987,PAYCHEX INC,Growth,International Shares,Global Shares,Global Shares,Industrials - 20,NASDAQ Stock Market,USD,United States,,World Large Blend Equity,International Equities - Unhedged,IEQStock
0.0008407607997426928,BIOGEN INC,Growth,International Shares,Global Shares,Global Shares,Health Care - 35,NASDAQ Stock Market,USD,United States,,World Large Blend Equity,International Equities - Unhedged,IEQStock
0.004740795573196846,OLD DOMINION FREIGHT LINE INC,Growth,International Shares,Global Shares,Global Shares,Industrials - 20,NASDAQ Stock Market,USD,United States,,World Large Blend Equity,International Equities - Unhedged,IEQStock
0.0038875245201655884,IDEXX LABORATORIES INC,Growth,International Shares,Global Shares,Global Shares,Health Care - 35,NASDAQ Stock Market,USD,United States,,World Large Blend Equity,International Equities - Unhedged,IEQStock
0.002282629353926506,BAKER HUGHES CLASS A,Growth,International Shares,Global Shares,Global Shares,Energy - 10,NASDAQ Stock Market,USD,United States,,World Large Blend Equity,International Equities - Unhedged,IEQStock
0.0032563788542256562,VERISK ANALYTICS INC,Growth,International Shares,Global Shares,Global Shares,Industrials - 20,NASDAQ Stock Market,USD,United States,,World Large Blend Equity,International Equities - Unhedged,IEQStock
0.004410897411240044,FASTENAL,Growth,International Shares,Global Shares,Global Shares,Industrials - 20,NASDAQ Stock Market,USD,United States,,World Large Blend Equity,International Equities - Unhedged,IEQStock
0.001708524089412368,COGNIZANT TECHNOLOGY SOLUTIONS COR,Growth,International Shares,Global Shares,Global Shares,Information Technology - 45,NASDAQ Stock Market,USD,United States,,World Large Blend Equity,International Equities - Unhedged,IEQStock
0.001971679534428371,XCEL ENERGY INC,Growth,International Shares,Global Shares,Global Shares,Utilities - 55,NASDAQ Stock Market,USD,United States,,World Large Blend Equity,International Equities - Unhedged,IEQStock
0.009021965440514791,FORTINET INC,Growth,International Shares,Global Shares,Global Shares,Information Technology - 45,NASDAQ Stock Market,USD,United States,,World Large Blend Equity,International Equities - Unhedged,IEQStock
0.0024708043095941186,ELECTRONIC ARTS INC,Growth,International Shares,Global Shares,Global Shares,Communication Services - 50,NASDAQ Stock Market,USD,United States,,World Large Blend Equity,International Equities - Unhedged,IEQStock
0.004171547474472598,ARCH CAPITAL GROUP LTD,Growth,International Shares,Global Shares,Global Shares,Financials - 40,NASDAQ Stock Market,USD,United States,,World Large Blend Equity,International Equities - Unhedged,IEQStock
0.002788873129654806,COSTAR GROUP INC,Growth,International Shares,Global Shares,Global Shares,Real Estate - 60,NASDAQ Stock Market,USD,United States,,World Large Blend Equity,International Equities - Unhedged,IEQStock
0.0011797041465236688,KEURIG DR PEPPER INC,Growth,International Shares,Global Shares,Global Shares,Consumer Staples - 30,NASDAQ Stock Market,USD,United States,,World Large Blend Equity,International Equities - Unhedged,IEQStock
0.005518300364776847,ON SEMICONDUCTOR CORP,Growth,International Shares,Global Shares,Global Shares,Information Technology - 45,NASDAQ Stock Market,USD,United States,,World Large Blend Equity,International Equities - Unhedged,IEQStock
0.0023671879607872694,DIAMONDBACK ENERGY INC,Growth,International Shares,Global Shares,Global Shares,Energy - 10,NASDAQ Stock Market,USD,United States,,World Large Blend Equity,International Equities - Unhedged,IEQStock
0.002626410027045797,CDW CORP,Growth,International Shares,Global Shares,Global Shares,Information Technology - 45,NASDAQ Stock Market,USD,United States,,World Large Blend Equity,International Equities - Unhedged,IEQStock
0.003422243408783814,GE HEALTHCARE TECHNOLOGIES INC,Growth,International Shares,Global Shares,Global Shares,Health Care - 35,NASDAQ Stock Market,USD,United States,,World Large Blend Equity,International Equities - Unhedged,IEQStock
0.0010047975470420846,KRAFT HEINZ,Growth,International Shares,Global Shares,Global Shares,Consumer Staples - 30,NASDAQ Stock Market,USD,United States,,World Large Blend Equity,International Equities - Unhedged,IEQStock
0.0007585551376373318,WARNER BROS. DISCOVERY INC SERIES,Growth,International Shares,Global Shares,Global Shares,Communication Services - 50,NASDAQ Stock Market,USD,United States,,World Large Blend Equity,International Equities - Unhedged,IEQStock
0.0019289231429589922,WILLIS TOWERS WATSON PLC,Growth,International Shares,Global Shares,Global Shares,Financials - 40,NASDAQ Stock Market,USD,United States,,World Large Blend Equity,International Equities - Unhedged,IEQStock
0.002897191409184649,ANSYS INC,Growth,International Shares,Global Shares,Global Shares,Information Technology - 45,NASDAQ Stock Market,USD,United States,,World Large Blend Equity,International Equities - Unhedged,IEQStock
0.005751540358311805,MODERNA INC,Growth,International Shares,Global Shares,Global Shares,Health Care - 35,NASDAQ Stock Market,USD,United States,,World Large Blend Equity,International Equities - Unhedged,IEQStock
0.0008093760883589737,DOLLAR TREE INC,Growth,International Shares,Global Shares,Global Shares,Consumer Staples - 30,NASDAQ Stock Market,USD,United States,,World Large Blend Equity,International Equities - Unhedged,IEQStock
0.001603019607646488,SBA COMMUNICATIONS REIT CORP CLASS,Growth,International Shares,Global Shares,Global Shares,Real Estate - 60,NASDAQ Stock Market,USD,United States,,World Large Blend Equity,International Equities - Unhedged,IEQStock
0.0073867497140852265,MONOLITHIC POWER SYSTEMS INC,Growth,International Shares,Global Shares,Global Shares,Information Technology - 45,NASDAQ Stock Market,USD,United States,,World Large Blend Equity,International Equities - Unhedged,IEQStock
0.0019860359806701355,EBAY INC,Growth,International Shares,Global Shares,Global Shares,Consumer Discretionary - 25,NASDAQ Stock Market,USD,United States,,World Large Blend Equity,International Equities - Unhedged,IEQStock
0.0015228279811144723,TAKE TWO INTERACTIVE SOFTWARE INC,Growth,International Shares,Global Shares,Global Shares,Communication Services - 50,NASDAQ Stock Market,USD,United States,,World Large Blend Equity,International Equities - Unhedged,IEQStock
0.0008947972483376712,APTIV PLC,Growth,International Shares,Global Shares,Global Shares,Consumer Discretionary - 25,New York Stock Exchange Inc.,USD,United States,,World Large Blend Equity,International Equities - Unhedged,IEQStock
0.002846098144823158,DISCOVER FINANCIAL SERVICES,Growth,International Shares,Global Shares,Global Shares,Financials - 40,New York Stock Exchange Inc.,USD,United States,,World Large Blend Equity,International Equities - Unhedged,IEQStock
0.0014263013883358863,STATE STREET CORP,Growth,International Shares,Global Shares,Global Shares,Financials - 40,New York Stock Exchange Inc.,USD,United States,,World Large Blend Equity,International Equities - Unhedged,IEQStock
0.0015270425477251803,CORNING INC,Growth,International Shares,Global Shares,Global Shares,Information Technology - 45,New York Stock Exchange Inc.,USD,United States,,World Large Blend Equity,International Equities - Unhedged,IEQStock
0.0021236919650689566,BROADRIDGE FINANCIAL SOLUTIONS INC,Growth,International Shares,Global Shares,Global Shares,Industrials - 20,New York Stock Exchange Inc.,USD,United States,,World Large Blend Equity,International Equities - Unhedged,IEQStock
0.0009696595833883333,COTERRA ENERGY INC,Growth,International Shares,Global Shares,Global Shares,Energy - 10,New York Stock Exchange Inc.,USD,United States,,World Large Blend Equity,International Equities - Unhedged,IEQStock
0.0017432058969428924,ENTERGY CORP,Growth,International Shares,Global Shares,Global Shares,Utilities - 55,New York Stock Exchange Inc.,USD,United States,,World Large Blend Equity,International Equities - Unhedged,IEQStock
0.0010787617716019643,AMEREN CORP,Growth,International Shares,Global Shares,Global Shares,Utilities - 55,New York Stock Exchange Inc.,USD,United States,,World Large Blend Equity,International Equities - Unhedged,IEQStock
0.0022326807464828876,MOLINA HEALTHCARE INC,Growth,International Shares,Global Shares,Global Shares,Health Care - 35,New York Stock Exchange Inc.,USD,United States,,World Large Blend Equity,International Equities - Unhedged,IEQStock
0.0014301947423932906,HEWLETT PACKARD ENTERPRISE,Growth,International Shares,Global Shares,Global Shares,Information Technology - 45,New York Stock Exchange Inc.,USD,United States,,World Large Blend Equity,International Equities - Unhedged,IEQStock
0.001318489871608934,M&T BANK CORP,Growth,International Shares,Global Shares,Global Shares,Financials - 40,New York Stock Exchange Inc.,USD,United States,,World Large Blend Equity,International Equities - Unhedged,IEQStock
0.0008178622381965824,EVERSOURCE ENERGY,Growth,International Shares,Global Shares,Global Shares,Utilities - 55,New York Stock Exchange Inc.,USD,United States,,World Large Blend Equity,International Equities - Unhedged,IEQStock
0.002593888291875725,WESTINGHOUSE AIR BRAKE TECHNOLOGIE,Growth,International Shares,Global Shares,Global Shares,Industrials - 20,New York Stock Exchange Inc.,USD,United States,,World Large Blend Equity,International Equities - Unhedged,IEQStock
0.0036407161568564566,NVR INC,Growth,International Shares,Global Shares,Global Shares,Consumer Discretionary - 25,New York Stock Exchange Inc.,USD,United States,,World Large Blend Equity,International Equities - Unhedged,IEQStock
0.003744325918048322,TARGA RESOURCES CORP,Growth,International Shares,Global Shares,Global Shares,Energy - 10,New York Stock Exchange Inc.,USD,United States,,World Large Blend Equity,International Equities - Unhedged,IEQStock
0.0009284162470989501,PPL CORP,Growth,International Shares,Global Shares,Global Shares,Utilities - 55,New York Stock Exchange Inc.,USD,United States,,World Large Blend Equity,International Equities - Unhedged,IEQStock
0.0009649556072949268,GENUINE PARTS,Growth,International Shares,Global Shares,Global Shares,Consumer Discretionary - 25,New York Stock Exchange Inc.,USD,United States,,World Large Blend Equity,International Equities - Unhedged,IEQStock
0.006233286638894742,HOWMET AEROSPACE INC,Growth,International Shares,Global Shares,Global Shares,Industrials - 20,New York Stock Exchange Inc.,USD,United States,,World Large Blend Equity,International Equities - Unhedged,IEQStock
0.0016090869370944264,RAYMOND JAMES INC,Growth,International Shares,Global Shares,Global Shares,Financials - 40,New York Stock Exchange Inc.,USD,United States,,World Large Blend Equity,International Equities - Unhedged,IEQStock
0.00089987635096596,FIRSTENERGY CORP,Growth,International Shares,Global Shares,Global Shares,Utilities - 55,New York Stock Exchange Inc.,USD,United States,,World Large Blend Equity,International Equities - Unhedged,IEQStock
0.0008611577678644168,EQUITY RESIDENTIAL REIT,Growth,International Shares,Global Shares,Global Shares,Real Estate - 60,New York Stock Exchange Inc.,USD,United States,,World Large Blend Equity,International Equities - Unhedged,IEQStock
0.0014593105835864948,LABORATORY CORPORATION OF AMERICA,Growth,International Shares,Global Shares,Global Shares,Health Care - 35,New York Stock Exchange Inc.,USD,United States,,World Large Blend Equity,International Equities - Unhedged,IEQStock
0.0005981957754212717,INTERNATIONAL FLAVORS & FRAGRANCES,Growth,International Shares,Global Shares,Global Shares,Materials - 15,New York Stock Exchange Inc.,USD,United States,,World Large Blend Equity,International Equities - Unhedged,IEQStock
0.0021556009899433627,DOVER CORP,Growth,International Shares,Global Shares,Global Shares,Industrials - 20,New York Stock Exchange Inc.,USD,United States,,World Large Blend Equity,International Equities - Unhedged,IEQStock
0.004831147009676417,PULTEGROUP INC,Growth,International Shares,Global Shares,Global Shares,Consumer Discretionary - 25,New York Stock Exchange Inc.,USD,United States,,World Large Blend Equity,International Equities - Unhedged,IEQStock
0.0012635986078065532,INVITATION HOMES INC,Growth,International Shares,Global Shares,Global Shares,Real Estate - 60,New York Stock Exchange Inc.,USD,United States,,World Large Blend Equity,International Equities - Unhedged,IEQStock
0.0012944613547562218,DARDEN RESTAURANTS INC,Growth,International Shares,Global Shares,Global Shares,Consumer Discretionary - 25,New York Stock Exchange Inc.,USD,United States,,World Large Blend Equity,International Equities - Unhedged,IEQStock
0.00177625429708304,TELEDYNE TECHNOLOGIES INC,Growth,International Shares,Global Shares,Global Shares,Information Technology - 45,New York Stock Exchange Inc.,USD,United States,,World Large Blend Equity,International Equities - Unhedged,IEQStock
0.0009029348351389361,VENTAS REIT INC,Growth,International Shares,Global Shares,Global Shares,Real Estate - 60,New York Stock Exchange Inc.,USD,United States,,World Large Blend Equity,International Equities - Unhedged,IEQStock
0.002530461308230615,GARMIN LTD,Growth,International Shares,Global Shares,Global Shares,Consumer Discretionary - 25,New York Stock Exchange Inc.,USD,United States,,World Large Blend Equity,International Equities - Unhedged,IEQStock
0.0004381423652817957,BAXTER INTERNATIONAL INC,Growth,International Shares,Global Shares,Global Shares,Health Care - 35,New York Stock Exchange Inc.,USD,United States,,World Large Blend Equity,International Equities - Unhedged,IEQStock
0.002106104855016492,TYLER TECHNOLOGIES INC,Growth,International Shares,Global Shares,Global Shares,Information Technology - 45,New York Stock Exchange Inc.,USD,United States,,World Large Blend Equity,International Equities - Unhedged,IEQStock
0.003083904303193562,IRON MOUNTAIN INC,Growth,International Shares,Global Shares,Global Shares,Real Estate - 60,New York Stock Exchange Inc.,USD,United States,,World Large Blend Equity,International Equities - Unhedged,IEQStock
0.0014340984161050497,FLEETCOR TECHNOLOGIES INC,Growth,International Shares,Global Shares,Global Shares,Financials - 40,New York Stock Exchange Inc.,USD,United States,,World Large Blend Equity,International Equities - Unhedged,IEQStock
0.0008450015139828098,CENTERPOINT ENERGY INC,Growth,International Shares,Global Shares,Global Shares,Utilities - 55,New York Stock Exchange Inc.,USD,United States,,World Large Blend Equity,International Equities - Unhedged,IEQStock
0.0014661431158076385,FACTSET RESEARCH SYSTEMS INC,Growth,International Shares,Global Shares,Global Shares,Financials - 40,New York Stock Exchange Inc.,USD,United States,,World Large Blend Equity,International Equities - Unhedged,IEQStock
0.0009022936685552204,JACOBS SOLUTIONS INC,Growth,International Shares,Global Shares,Global Shares,Industrials - 20,New York Stock Exchange Inc.,USD,United States,,World Large Blend Equity,International Equities - Unhedged,IEQStock
0.0024536545323174844,BROWN & BROWN INC,Growth,International Shares,Global Shares,Global Shares,Financials - 40,New York Stock Exchange Inc.,USD,United States,,World Large Blend Equity,International Equities - Unhedged,IEQStock
0.0010552789010911047,EVEREST GROUP LTD,Growth,International Shares,Global Shares,Global Shares,Financials - 40,New York Stock Exchange Inc.,USD,United States,,World Large Blend Equity,International Equities - Unhedged,IEQStock
0.0006647307428018636,CLOROX,Growth,International Shares,Global Shares,Global Shares,Consumer Staples - 30,New York Stock Exchange Inc.,USD,United States,,World Large Blend Equity,International Equities - Unhedged,IEQStock
0.0014117807880408705,EXPEDITORS INTERNATIONAL OF WASHIN,Growth,International Shares,Global Shares,Global Shares,Industrials - 20,New York Stock Exchange Inc.,USD,United States,,World Large Blend Equity,International Equities - Unhedged,IEQStock
0.0009673006298008022,ATMOS ENERGY CORP,Growth,International Shares,Global Shares,Global Shares,Utilities - 55,New York Stock Exchange Inc.,USD,United States,,World Large Blend Equity,International Equities - Unhedged,IEQStock
0.0003631279747710931,MCCORMICK & CO NON-VOTING INC,Growth,International Shares,Global Shares,Global Shares,Consumer Staples - 30,New York Stock Exchange Inc.,USD,United States,,World Large Blend Equity,International Equities - Unhedged,IEQStock
0.0009060398085904703,CMS ENERGY CORP,Growth,International Shares,Global Shares,Global Shares,Utilities - 55,New York Stock Exchange Inc.,USD,United States,,World Large Blend Equity,International Equities - Unhedged,IEQStock
0.0008046980215963551,LAS VEGAS SANDS CORP,Growth,International Shares,Global Shares,Global Shares,Consumer Discretionary - 25,New York Stock Exchange Inc.,USD,United States,,World Large Blend Equity,International Equities - Unhedged,IEQStock
0.0008327493296082285,BALL CORP,Growth,International Shares,Global Shares,Global Shares,Materials - 15,New York Stock Exchange Inc.,USD,United States,,World Large Blend Equity,International Equities - Unhedged,IEQStock
0.0010160407592115638,BUNGE GLOBAL SA,Growth,International Shares,Global Shares,Global Shares,Consumer Staples - 30,New York Stock Exchange Inc.,USD,United States,,World Large Blend Equity,International Equities - Unhedged,IEQStock
0.0007819361158488369,ALEXANDRIA REAL ESTATE EQUITIES RE,Growth,International Shares,Global Shares,Global Shares,Real Estate - 60,New York Stock Exchange Inc.,USD,United States,,World Large Blend Equity,International Equities - Unhedged,IEQStock
0.0013835614698527534,WATERS CORP,Growth,International Shares,Global Shares,Global Shares,Health Care - 35,New York Stock Exchange Inc.,USD,United States,,World Large Blend Equity,International Equities - Unhedged,IEQStock
0.0010473721828654088,VERALTO CORP,Growth,International Shares,Global Shares,Global Shares,Industrials - 20,New York Stock Exchange Inc.,USD,United States,,World Large Blend Equity,International Equities - Unhedged,IEQStock
0.0011300445322563262,TEXTRON INC,Growth,International Shares,Global Shares,Global Shares,Industrials - 20,New York Stock Exchange Inc.,USD,United States,,World Large Blend Equity,International Equities - Unhedged,IEQStock
0.0008911851316606617,OMNICOM GROUP INC,Growth,International Shares,Global Shares,Global Shares,Communication Services - 50,New York Stock Exchange Inc.,USD,United States,,World Large Blend Equity,International Equities - Unhedged,IEQStock
0.001221338679200597,CF INDUSTRIES HOLDINGS INC,Growth,International Shares,Global Shares,Global Shares,Materials - 15,New York Stock Exchange Inc.,USD,United States,,World Large Blend Equity,International Equities - Unhedged,IEQStock
0.0027779825223921625,HUBBELL INC,Growth,International Shares,Global Shares,Global Shares,Industrials - 20,New York Stock Exchange Inc.,USD,United States,,World Large Blend Equity,International Equities - Unhedged,IEQStock
0.0012016043697272252,QUEST DIAGNOSTICS INC,Growth,International Shares,Global Shares,Global Shares,Health Care - 35,New York Stock Exchange Inc.,USD,United States,,World Large Blend Equity,International Equities - Unhedged,IEQStock
0.0010986015956044256,IDEX CORP,Growth,International Shares,Global Shares,Global Shares,Industrials - 20,New York Stock Exchange Inc.,USD,United States,,World Large Blend Equity,International Equities - Unhedged,IEQStock
0.0014411235409045786,REGIONS FINANCIAL CORP,Growth,International Shares,Global Shares,Global Shares,Financials - 40,New York Stock Exchange Inc.,USD,United States,,World Large Blend Equity,International Equities - Unhedged,IEQStock
0.0007943191628585163,ALBEMARLE CORP,Growth,International Shares,Global Shares,Global Shares,Materials - 15,New York Stock Exchange Inc.,USD,United States,,World Large Blend Equity,International Equities - Unhedged,IEQStock
0.0014893765174495341,AVERY DENNISON CORP,Growth,International Shares,Global Shares,Global Shares,Materials - 15,New York Stock Exchange Inc.,USD,United States,,World Large Blend Equity,International Equities - Unhedged,IEQStock
0.0010508877199466803,EPAM SYSTEMS INC,Growth,International Shares,Global Shares,Global Shares,Information Technology - 45,New York Stock Exchange Inc.,USD,United States,,World Large Blend Equity,International Equities - Unhedged,IEQStock
0.0014683810840292342,SNAP ON INC,Growth,International Shares,Global Shares,Global Shares,Industrials - 20,New York Stock Exchange Inc.,USD,United States,,World Large Blend Equity,International Equities - Unhedged,IEQStock
0.0022451693029969712,LEIDOS HOLDINGS INC,Growth,International Shares,Global Shares,Global Shares,Industrials - 20,New York Stock Exchange Inc.,USD,United States,,World Large Blend Equity,International Equities - Unhedged,IEQStock
0.0017727109785951106,PACKAGING CORP OF AMERICA,Growth,International Shares,Global Shares,Global Shares,Materials - 15,New York Stock Exchange Inc.,USD,United States,,World Large Blend Equity,International Equities - Unhedged,IEQStock
0.00042517357425004193,SOUTHWEST AIRLINES,Growth,International Shares,Global Shares,Global Shares,Industrials - 20,New York Stock Exchange Inc.,USD,United States,,World Large Blend Equity,International Equities - Unhedged,IEQStock
0.0010220477986113655,MID AMERICA APARTMENT COMMUNITIES,Growth,International Shares,Global Shares,Global Shares,Real Estate - 60,New York Stock Exchange Inc.,USD,United States,,World Large Blend Equity,International Equities - Unhedged,IEQStock
0.0018127191536948738,WR BERKLEY CORP,Growth,International Shares,Global Shares,Global Shares,Financials - 40,New York Stock Exchange Inc.,USD,United States,,World Large Blend Equity,International Equities - Unhedged,IEQStock
0.0006825250382894232,LAMB WESTON HOLDINGS INC,Growth,International Shares,Global Shares,Global Shares,Consumer Staples - 30,New York Stock Exchange Inc.,USD,United States,,World Large Blend Equity,International Equities - Unhedged,IEQStock
0.0007481035067643281,ESSEX PROPERTY TRUST REIT INC,Growth,International Shares,Global Shares,Global Shares,Real Estate - 60,New York Stock Exchange Inc.,USD,United States,,World Large Blend Equity,International Equities - Unhedged,IEQStock
0.0009142147593476761,KELLANOVA,Growth,International Shares,Global Shares,Global Shares,Consumer Staples - 30,New York Stock Exchange Inc.,USD,United States,,World Large Blend Equity,International Equities - Unhedged,IEQStock
0.0007090504624820994,TYSON FOODS INC CLASS A,Growth,International Shares,Global Shares,Global Shares,Consumer Staples - 30,New York Stock Exchange Inc.,USD,United States,,World Large Blend Equity,International Equities - Unhedged,IEQStock
0.0006433514128185438,AMCOR PLC,Growth,International Shares,Global Shares,Global Shares,Materials - 15,New York Stock Exchange Inc.,USD,United States,,World Large Blend Equity,International Equities - Unhedged,IEQStock
0.0005016008733121608,STANLEY BLACK & DECKER INC,Growth,International Shares,Global Shares,Global Shares,Industrials - 20,New York Stock Exchange Inc.,USD,United States,,World Large Blend Equity,International Equities - Unhedged,IEQStock
0.0006566794682862277,CONAGRA BRANDS INC,Growth,International Shares,Global Shares,Global Shares,Consumer Staples - 30,New York Stock Exchange Inc.,USD,United States,,World Large Blend Equity,International Equities - Unhedged,IEQStock
0.0010781605184162673,DOMINOS PIZZA INC,Growth,International Shares,Global Shares,Global Shares,Consumer Discretionary - 25,New York Stock Exchange Inc.,USD,United States,,World Large Blend Equity,International Equities - Unhedged,IEQStock
0.0011034672628855307,BEST BUY CO INC,Growth,International Shares,Global Shares,Global Shares,Consumer Discretionary - 25,New York Stock Exchange Inc.,USD,United States,,World Large Blend Equity,International Equities - Unhedged,IEQStock
0.00028838366755136447,CARNIVAL CORP,Growth,International Shares,Global Shares,Global Shares,Consumer Discretionary - 25,New York Stock Exchange Inc.,USD,United States,,World Large Blend Equity,International Equities - Unhedged,IEQStock
0.001766113702748322,MASCO CORP,Growth,International Shares,Global Shares,Global Shares,Industrials - 20,New York Stock Exchange Inc.,USD,United States,,World Large Blend Equity,International Equities - Unhedged,IEQStock
0.0015189156362216511,SYNCHRONY FINANCIAL,Growth,International Shares,Global Shares,Global Shares,Financials - 40,New York Stock Exchange Inc.,USD,United States,,World Large Blend Equity,International Equities - Unhedged,IEQStock
0.0011528031243433685,LIVE NATION ENTERTAINMENT INC,Growth,International Shares,Global Shares,Global Shares,Communication Services - 50,New York Stock Exchange Inc.,USD,United States,,World Large Blend Equity,International Equities - Unhedged,IEQStock
0.0009155632553257025,CITIZENS FINANCIAL GROUP INC,Growth,International Shares,Global Shares,Global Shares,Financials - 40,New York Stock Exchange Inc.,USD,United States,,World Large Blend Equity,International Equities - Unhedged,IEQStock
0.000840738721653834,LOEWS CORP,Growth,International Shares,Global Shares,Global Shares,Financials - 40,New York Stock Exchange Inc.,CAD,Canada,,World Large Blend Equity,International Equities - Unhedged,IEQStock
0.0007030363185160138,INTERNATIONAL PAPER,Growth,International Shares,Global Shares,Global Shares,Materials - 15,New York Stock Exchange Inc.,USD,United States,,World Large Blend Equity,International Equities - Unhedged,IEQStock
0.0005884710607828833,JM SMUCKER,Growth,International Shares,Global Shares,Global Shares,Consumer Staples - 30,New York Stock Exchange Inc.,USD,United States,,World Large Blend Equity,International Equities - Unhedged,IEQStock
0.0009048243488779137,CELANESE CORP,Growth,International Shares,Global Shares,Global Shares,Materials - 15,New York Stock Exchange Inc.,USD,United States,,World Large Blend Equity,International Equities - Unhedged,IEQStock
0.0007882071074087,KIMCO REALTY REIT CORP,Growth,International Shares,Global Shares,Global Shares,Real Estate - 60,New York Stock Exchange Inc.,USD,United States,,World Large Blend Equity,International Equities - Unhedged,IEQStock
0.0006907235430620608,INTERPUBLIC GROUP OF COMPANIES INC,Growth,International Shares,Global Shares,Global Shares,Communication Services - 50,New York Stock Exchange Inc.,USD,United States,,World Large Blend Equity,International Equities - Unhedged,IEQStock
0.0004700958677494991,MOLSON COORS BREWING CLASS B,Growth,International Shares,Global Shares,Global Shares,Consumer Staples - 30,New York Stock Exchange Inc.,USD,United States,,World Large Blend Equity,International Equities - Unhedged,IEQStock
0.0005527242631454047,AES CORP,Growth,International Shares,Global Shares,Global Shares,Utilities - 55,New York Stock Exchange Inc.,USD,United States,,World Large Blend Equity,International Equities - Unhedged,IEQStock
0.00048468118628608583,BROWN FORMAN CORP CLASS B,Growth,International Shares,Global Shares,Global Shares,Consumer Staples - 30,New York Stock Exchange Inc.,USD,United States,,World Large Blend Equity,International Equities - Unhedged,IEQStock
0.0007366115161478552,MGM RESORTS INTERNATIONAL,Growth,International Shares,Global Shares,Global Shares,Consumer Discretionary - 25,New York Stock Exchange Inc.,USD,United States,,World Large Blend Equity,International Equities - Unhedged,IEQStock
0.0009527266098861203,ROLLINS INC,Growth,International Shares,Global Shares,Global Shares,Industrials - 20,New York Stock Exchange Inc.,USD,United States,,World Large Blend Equity,International Equities - Unhedged,IEQStock
0.000446373747197006,MOSAIC,Growth,International Shares,Global Shares,Global Shares,Materials - 15,New York Stock Exchange Inc.,USD,United States,,World Large Blend Equity,International Equities - Unhedged,IEQStock
0.0007317247795789521,REVVITY INC,Growth,International Shares,Global Shares,Global Shares,Health Care - 35,New York Stock Exchange Inc.,USD,United States,,World Large Blend Equity,International Equities - Unhedged,IEQStock
0.0005656800050135991,KEYCORP,Growth,International Shares,Global Shares,Global Shares,Financials - 40,New York Stock Exchange Inc.,USD,United States,,World Large Blend Equity,International Equities - Unhedged,IEQStock
0.0011064439334692367,NRG ENERGY INC,Growth,International Shares,Global Shares,Global Shares,Utilities - 55,New York Stock Exchange Inc.,USD,United States,,World Large Blend Equity,International Equities - Unhedged,IEQStock
0.0006722441980164428,NISOURCE INC,Growth,International Shares,Global Shares,Global Shares,Utilities - 55,New York Stock Exchange Inc.,USD,United States,,World Large Blend Equity,International Equities - Unhedged,IEQStock
0.0009970464007240374,CERIDIAN HCM HOLDING INC,Growth,International Shares,Global Shares,Global Shares,Industrials - 20,New York Stock Exchange Inc.,USD,United States,,World Large Blend Equity,International Equities - Unhedged,IEQStock
0.0005592415914884927,CARMAX INC,Growth,International Shares,Global Shares,Global Shares,Consumer Discretionary - 25,New York Stock Exchange Inc.,USD,United States,,World Large Blend Equity,International Equities - Unhedged,IEQStock
0.001271614601128001,PENTAIR,Growth,International Shares,Global Shares,Global Shares,Industrials - 20,New York Stock Exchange Inc.,USD,United States,,World Large Blend Equity,International Equities - Unhedged,IEQStock
0.0006867776980883784,GLOBE LIFE INC,Growth,International Shares,Global Shares,Global Shares,Financials - 40,New York Stock Exchange Inc.,USD,United States,,World Large Blend Equity,International Equities - Unhedged,IEQStock
0.0005161206339501597,UDR REIT INC,Growth,International Shares,Global Shares,Global Shares,Real Estate - 60,New York Stock Exchange Inc.,USD,United States,,World Large Blend Equity,International Equities - Unhedged,IEQStock
0.0003770112848539639,TELEFLEX INC,Growth,International Shares,Global Shares,Global Shares,Health Care - 35,New York Stock Exchange Inc.,USD,United States,,World Large Blend Equity,International Equities - Unhedged,IEQStock
0.0006819067398345285,WESTROCK,Growth,International Shares,Global Shares,Global Shares,Materials - 15,New York Stock Exchange Inc.,USD,United States,,World Large Blend Equity,International Equities - Unhedged,IEQStock
0.000231287255983758,HORMEL FOODS CORP,Growth,International Shares,Global Shares,Global Shares,Consumer Staples - 30,New York Stock Exchange Inc.,USD,United States,,World Large Blend Equity,International Equities - Unhedged,IEQStock
0.000764749624155083,CHARLES RIVER LABORATORIES INTERNA,Growth,International Shares,Global Shares,Global Shares,Health Care - 35,New York Stock Exchange Inc.,USD,United States,,World Large Blend Equity,International Equities - Unhedged,IEQStock
0.00047105664924369415,HUNTINGTON INGALLS INDUSTRIES INC,Growth,International Shares,Global Shares,Global Shares,Industrials - 20,New York Stock Exchange Inc.,USD,United States,,World Large Blend Equity,International Equities - Unhedged,IEQStock
0.0006373945246302587,CAMDEN PROPERTY TRUST REIT,Growth,International Shares,Global Shares,Global Shares,Real Estate - 60,New York Stock Exchange Inc.,USD,United States,,World Large Blend Equity,International Equities - Unhedged,IEQStock
0.0006966919055537661,EASTMAN CHEMICAL,Growth,International Shares,Global Shares,Global Shares,Materials - 15,New York Stock Exchange Inc.,USD,United States,,World Large Blend Equity,International Equities - Unhedged,IEQStock
0.0003875746570021678,HEALTHPEAK PROPERTIES INC,Growth,International Shares,Global Shares,Global Shares,Real Estate - 60,New York Stock Exchange Inc.,USD,United States,,World Large Blend Equity,International Equities - Unhedged,IEQStock
0.00084903840248842,ALLEGION PLC,Growth,International Shares,Global Shares,Global Shares,Industrials - 20,New York Stock Exchange Inc.,USD,United States,,World Large Blend Equity,International Equities - Unhedged,IEQStock
0.0005682991002377921,A O SMITH CORP,Growth,International Shares,Global Shares,Global Shares,Industrials - 20,New York Stock Exchange Inc.,USD,United States,,World Large Blend Equity,International Equities - Unhedged,IEQStock
0.0004670902493931193,JUNIPER NETWORKS INC,Growth,International Shares,Global Shares,Global Shares,Information Technology - 45,New York Stock Exchange Inc.,USD,United States,,World Large Blend Equity,International Equities - Unhedged,IEQStock
0.0006925565442321702,ASSURANT INC,Growth,International Shares,Global Shares,Global Shares,Financials - 40,New York Stock Exchange Inc.,USD,United States,,World Large Blend Equity,International Equities - Unhedged,IEQStock
0.0005515881458438514,PAYCOM SOFTWARE INC,Growth,International Shares,Global Shares,Global Shares,Industrials - 20,New York Stock Exchange Inc.,USD,United States,,World Large Blend Equity,International Equities - Unhedged,IEQStock
0.0003330192069652938,PINNACLE WEST CORP,Growth,International Shares,Global Shares,Global Shares,Utilities - 55,New York Stock Exchange Inc.,USD,United States,,World Large Blend Equity,International Equities - Unhedged,IEQStock
0.0005663681838930589,UNIVERSAL HEALTH SERVICES INC CLAS,Growth,International Shares,Global Shares,Global Shares,Health Care - 35,New York Stock Exchange Inc.,USD,United States,,World Large Blend Equity,International Equities - Unhedged,IEQStock
0.000346920619261004,BOSTON PROPERTIES REIT INC,Growth,International Shares,Global Shares,Global Shares,Real Estate - 60,New York Stock Exchange Inc.,USD,United States,,World Large Blend Equity,International Equities - Unhedged,IEQStock
0.0003847510010372607,ROBERT HALF,Growth,International Shares,Global Shares,Global Shares,Industrials - 20,New York Stock Exchange Inc.,USD,United States,,World Large Blend Equity,International Equities - Unhedged,IEQStock
0.00048091028877120376,CAMPBELL SOUP,Growth,International Shares,Global Shares,Global Shares,Consumer Staples - 30,New York Stock Exchange Inc.,USD,United States,,World Large Blend Equity,International Equities - Unhedged,IEQStock
0.00031279655193367135,BORGWARNER INC,Growth,International Shares,Global Shares,Global Shares,Consumer Discretionary - 25,New York Stock Exchange Inc.,USD,United States,,World Large Blend Equity,International Equities - Unhedged,IEQStock
0.0005358493200518677,BATH AND BODY WORKS INC,Growth,International Shares,Global Shares,Global Shares,Consumer Discretionary - 25,New York Stock Exchange Inc.,USD,United States,,World Large Blend Equity,International Equities - Unhedged,IEQStock
0.0003034116343734522,FEDERAL REALTY INVESTMENT TRUST RE,Growth,International Shares,Global Shares,Global Shares,Real Estate - 60,New York Stock Exchange Inc.,USD,United States,,World Large Blend Equity,International Equities - Unhedged,IEQStock
0.0002262717039076619,FRANKLIN RESOURCES INC,Growth,International Shares,Global Shares,Global Shares,Financials - 40,New York Stock Exchange Inc.,USD,United States,,World Large Blend Equity,International Equities - Unhedged,IEQStock
0.0003280335438403269,FMC CORP,Growth,International Shares,Global Shares,Global Shares,Materials - 15,New York Stock Exchange Inc.,USD,United States,,World Large Blend Equity,International Equities - Unhedged,IEQStock
0.0010762866059419805,GENERAC HOLDINGS INC,Growth,International Shares,Global Shares,Global Shares,Industrials - 20,New York Stock Exchange Inc.,USD,United States,,World Large Blend Equity,International Equities - Unhedged,IEQStock
0.00045428391150284877,TAPESTRY INC,Growth,International Shares,Global Shares,Global Shares,Consumer Discretionary - 25,New York Stock Exchange Inc.,USD,United States,,World Large Blend Equity,International Equities - Unhedged,IEQStock
0.0004984013119014386,BIO RAD LABORATORIES INC CLASS A,Growth,International Shares,Global Shares,Global Shares,Health Care - 35,New York Stock Exchange Inc.,USD,United States,,World Large Blend Equity,International Equities - Unhedged,IEQStock
0.0006072764043936861,CATALENT INC,Growth,International Shares,Global Shares,Global Shares,Health Care - 35,New York Stock Exchange Inc.,USD,United States,,World Large Blend Equity,International Equities - Unhedged,IEQStock
0.0003129617795110966,WHIRLPOOL CORP,Growth,International Shares,Global Shares,Global Shares,Consumer Discretionary - 25,New York Stock Exchange Inc.,USD,United States,,World Large Blend Equity,International Equities - Unhedged,IEQStock
0.0003347021740650566,INVESCO LTD,Growth,International Shares,Global Shares,Global Shares,Financials - 40,New York Stock Exchange Inc.,USD,United States,,World Large Blend Equity,International Equities - Unhedged,IEQStock
0.00019315594737969962,NORWEGIAN CRUISE LINE HOLDINGS LTD,Growth,International Shares,Global Shares,Global Shares,Consumer Discretionary - 25,New York Stock Exchange Inc.,USD,United States,,World Large Blend Equity,International Equities - Unhedged,IEQStock
0.0002996946517665662,COMERICA INC,Growth,International Shares,Global Shares,Global Shares,Financials - 40,New York Stock Exchange Inc.,USD,United States,,World Large Blend Equity,International Equities - Unhedged,IEQStock
4.966166067996874e-05,VF CORP,Growth,International Shares,Global Shares,Global Shares,Consumer Discretionary - 25,New York Stock Exchange Inc.,USD,United States,,World Large Blend Equity,International Equities - Unhedged,IEQStock
0.0003090705380607257,RALPH LAUREN CORP CLASS A,Growth,International Shares,Global Shares,Global Shares,Consumer Discretionary - 25,New York Stock Exchange Inc.,USD,United States,,World Large Blend Equity,International Equities - Unhedged,IEQStock
0.00018547123662963287,MOHAWK INDUSTRIES INC,Growth,International Shares,Global Shares,Global Shares,Consumer Discretionary - 25,New York Stock Exchange Inc.,USD,United States,,World Large Blend Equity,International Equities - Unhedged,IEQStock
0.00043893820177009265,DAVITA INC,Growth,International Shares,Global Shares,Global Shares,Health Care - 35,New York Stock Exchange Inc.,USD,United States,,World Large Blend Equity,International Equities - Unhedged,IEQStock
0.00093623910734437,MELROSE INDUSTRIES PLC,Growth,International Shares,Global Shares,Global Shares,Energy - 10,New York Stock Exchange Inc.,USD,United States,,World Large Blend Equity,International Equities - Unhedged,IEQStock
0.0012500618015150269,EQT,Growth,International Shares,Global Shares,Global Shares,Energy - 10,New York Stock Exchange Inc.,USD,United States,,World Large Blend Equity,International Equities - Unhedged,IEQStock
0.026980586036591783,BERKSHIRE HATHAWAY INC CLASS B,Growth,International Shares,Global Shares,Global Shares,Financials - 40,New York Stock Exchange Inc.,USD,United States,,World Large Blend Equity,International Equities - Unhedged,IEQStock
0.045393405111147395,UNITEDHEALTH GROUP INC,Growth,International Shares,Global Shares,Global Shares,Health Care - 35,New York Stock Exchange Inc.,USD,United States,,World Large Blend Equity,International Equities - Unhedged,IEQStock
0.14363429427014127,ELI LILLY,Growth,International Shares,Global Shares,Global Shares,Health Care - 35,New York Stock Exchange Inc.,USD,United States,,World Large Blend Equity,International Equities - Unhedged,IEQStock
0.02794493979595534,EXXON MOBIL CORP,Growth,International Shares,Global Shares,Global Shares,Energy - 10,New York Stock Exchange Inc.,USD,United States,,World Large Blend Equity,International Equities - Unhedged,IEQStock
0.04554213794401489,JPMORGAN CHASE & CO,Growth,International Shares,Global Shares,Global Shares,Financials - 40,New York Stock Exchange Inc.,USD,United States,,World Large Blend Equity,International Equities - Unhedged,IEQStock
0.036911783614209895,VISA INC CLASS A,Growth,International Shares,Global Shares,Global Shares,Financials - 40,New York Stock Exchange Inc.,USD,United States,,World Large Blend Equity,International Equities - Unhedged,IEQStock
0.01941269775182816,JOHNSON & JOHNSON,Growth,International Shares,Global Shares,Global Shares,Health Care - 35,New York Stock Exchange Inc.,USD,United States,,World Large Blend Equity,International Equities - Unhedged,IEQStock
0.025258743549581596,PROCTER & GAMBLE,Growth,International Shares,Global Shares,Global Shares,Consumer Staples - 30,New York Stock Exchange Inc.,USD,United States,,World Large Blend Equity,International Equities - Unhedged,IEQStock
0.03722302216377418,MASTERCARD INC CLASS A,Growth,International Shares,Global Shares,Global Shares,Financials - 40,New York Stock Exchange Inc.,USD,United States,,World Large Blend Equity,International Equities - Unhedged,IEQStock
0.03221020626706816,HOME DEPOT INC,Growth,International Shares,Global Shares,Global Shares,Consumer Discretionary - 25,New York Stock Exchange Inc.,USD,United States,,World Large Blend Equity,International Equities - Unhedged,IEQStock
0.016764838866827513,MERCK & CO INC,Growth,International Shares,Global Shares,Global Shares,Health Care - 35,New York Stock Exchange Inc.,USD,United States,,World Large Blend Equity,International Equities - Unhedged,IEQStock
0.014365545961048875,CHEVRON CORP,Growth,International Shares,Global Shares,Global Shares,Energy - 10,New York Stock Exchange Inc.,USD,United States,,World Large Blend Equity,International Equities - Unhedged,IEQStock
0.025367959929960122,ABBVIE INC,Growth,International Shares,Global Shares,Global Shares,Health Care - 35,New York Stock Exchange Inc.,USD,United States,,World Large Blend Equity,International Equities - Unhedged,IEQStock
0.023878508345304448,WALMART INC,Growth,International Shares,Global Shares,Global Shares,Consumer Staples - 30,New York Stock Exchange Inc.,USD,United States,,World Large Blend Equity,International Equities - Unhedged,IEQStock
0.01292476361443255,COCA-COLA,Growth,International Shares,Global Shares,Global Shares,Consumer Staples - 30,New York Stock Exchange Inc.,USD,United States,,World Large Blend Equity,International Equities - Unhedged,IEQStock
0.021650965186184118,SALESFORCE INC,Growth,International Shares,Global Shares,Global Shares,Information Technology - 45,New York Stock Exchange Inc.,USD,United States,,World Large Blend Equity,International Equities - Unhedged,IEQStock
0.020938713788962303,ACCENTURE PLC CLASS A,Growth,International Shares,Global Shares,Global Shares,Information Technology - 45,New York Stock Exchange Inc.,USD,United States,,World Large Blend Equity,International Equities - Unhedged,IEQStock
0.014086000500549846,MCDONALDS CORP,Growth,International Shares,Global Shares,Global Shares,Consumer Discretionary - 25,New York Stock Exchange Inc.,USD,United States,,World Large Blend Equity,International Equities - Unhedged,IEQStock
0.01617820187864818,BANK OF AMERICA CORP,Growth,International Shares,Global Shares,Global Shares,Financials - 40,New York Stock Exchange Inc.,USD,United States,,World Large Blend Equity,International Equities - Unhedged,IEQStock
0.02050910386212929,THERMO FISHER SCIENTIFIC INC,Growth,International Shares,Global Shares,Global Shares,Health Care - 35,New York Stock Exchange Inc.,USD,United States,,World Large Blend Equity,International Equities - Unhedged,IEQStock
0.00439932847007568,PFIZER INC,Growth,International Shares,Global Shares,Global Shares,Health Care - 35,New York Stock Exchange Inc.,USD,United States,,World Large Blend Equity,International Equities - Unhedged,IEQStock
0.024623985150712558,ORACLE CORP,Growth,International Shares,Global Shares,Global Shares,Information Technology - 45,New York Stock Exchange Inc.,USD,United States,,World Large Blend Equity,International Equities - Unhedged,IEQStock
0.012408251254330132,ABBOTT LABORATORIES,Growth,International Shares,Global Shares,Global Shares,Health Care - 35,New York Stock Exchange Inc.,USD,United States,,World Large Blend Equity,International Equities - Unhedged,IEQStock
0.005953201530342073,WALT DISNEY,Growth,International Shares,Global Shares,Global Shares,Communication Services - 50,New York Stock Exchange Inc.,USD,United States,,World Large Blend Equity,International Equities - Unhedged,IEQStock
0.0050849280539613465,VERIZON COMMUNICATIONS INC,Growth,International Shares,Global Shares,Global Shares,Communication Services - 50,New York Stock Exchange Inc.,USD,United States,,World Large Blend Equity,International Equities - Unhedged,IEQStock
0.010242676683173177,WELLS FARGO,Growth,International Shares,Global Shares,Global Shares,Financials - 40,New York Stock Exchange Inc.,USD,United States,,World Large Blend Equity,International Equities - Unhedged,IEQStock
0.011882046632789618,PHILIP MORRIS INTERNATIONAL INC,Growth,International Shares,Global Shares,Global Shares,Consumer Staples - 30,New York Stock Exchange Inc.,USD,United States,,World Large Blend Equity,International Equities - Unhedged,IEQStock
0.010131125330069162,CONOCOPHILLIPS,Growth,International Shares,Global Shares,Global Shares,Energy - 10,New York Stock Exchange Inc.,USD,United States,,World Large Blend Equity,International Equities - Unhedged,IEQStock
0.010871441097510553,INTERNATIONAL BUSINESS MACHINES CO,Growth,International Shares,Global Shares,Global Shares,Information Technology - 45,New York Stock Exchange Inc.,USD,United States,,World Large Blend Equity,International Equities - Unhedged,IEQStock
0.00537818248017628,NIKE INC CLASS B,Growth,International Shares,Global Shares,Global Shares,Consumer Discretionary - 25,New York Stock Exchange Inc.,USD,United States,,World Large Blend Equity,International Equities - Unhedged,IEQStock
0.01689712443965317,DANAHER CORP,Growth,International Shares,Global Shares,Global Shares,Health Care - 35,New York Stock Exchange Inc.,USD,United States,,World Large Blend Equity,International Equities - Unhedged,IEQStock
0.010035830630205024,UNION PACIFIC CORP,Growth,International Shares,Global Shares,Global Shares,Industrials - 20,New York Stock Exchange Inc.,USD,United States,,World Large Blend Equity,International Equities - Unhedged,IEQStock
0.030476474304004193,SERVICENOW INC,Growth,International Shares,Global Shares,Global Shares,Information Technology - 45,New York Stock Exchange Inc.,USD,United States,,World Large Blend Equity,International Equities - Unhedged,IEQStock
0.015983558390497376,S&P GLOBAL INC,Growth,International Shares,Global Shares,Global Shares,Financials - 40,New York Stock Exchange Inc.,USD,United States,,World Large Blend Equity,International Equities - Unhedged,IEQStock
0.02660633740407759,GENERAL ELECTRIC,Growth,International Shares,Global Shares,Global Shares,Industrials - 20,New York Stock Exchange Inc.,USD,United States,,World Large Blend Equity,International Equities - Unhedged,IEQStock
0.011381723240156254,RTX CORP,Growth,International Shares,Global Shares,Global Shares,Industrials - 20,New York Stock Exchange Inc.,USD,United States,,World Large Blend Equity,International Equities - Unhedged,IEQStock
0.017697587464765404,CATERPILLAR INC,Growth,International Shares,Global Shares,Global Shares,Industrials - 20,New York Stock Exchange Inc.,USD,United States,,World Large Blend Equity,International Equities - Unhedged,IEQStock
0.009428539770794822,NEXTERA ENERGY INC,Growth,International Shares,Global Shares,Global Shares,Utilities - 55,New York Stock Exchange Inc.,USD,United States,,World Large Blend Equity,International Equities - Unhedged,IEQStock
0.01419816499076736,LOWES COMPANIES INC,Growth,International Shares,Global Shares,Global Shares,Consumer Discretionary - 25,New York Stock Exchange Inc.,USD,United States,,World Large Blend Equity,International Equities - Unhedged,IEQStock
0.004506845014803995,BRISTOL MYERS SQUIBB,Growth,International Shares,Global Shares,Global Shares,Health Care - 35,New York Stock Exchange Inc.,USD,United States,,World Large Blend Equity,International Equities - Unhedged,IEQStock
0.002393566166542582,BOEING,Growth,International Shares,Global Shares,Global Shares,Industrials - 20,New York Stock Exchange Inc.,USD,United States,,World Large Blend Equity,International Equities - Unhedged,IEQStock
0.006988780243641306,ELEVANCE HEALTH INC,Growth,International Shares,Global Shares,Global Shares,Health Care - 35,New York Stock Exchange Inc.,USD,United States,,World Large Blend Equity,International Equities - Unhedged,IEQStock
0.016024778539492208,GOLDMAN SACHS GROUP INC,Growth,International Shares,Global Shares,Global Shares,Financials - 40,New York Stock Exchange Inc.,USD,United States,,World Large Blend Equity,International Equities - Unhedged,IEQStock
0.010612214390219709,TJX INC,Growth,International Shares,Global Shares,Global Shares,Consumer Discretionary - 25,New York Stock Exchange Inc.,USD,United States,,World Large Blend Equity,International Equities - Unhedged,IEQStock
0.006440118906189386,UNITED PARCEL SERVICE INC CLASS B,Growth,International Shares,Global Shares,Global Shares,Industrials - 20,New York Stock Exchange Inc.,USD,United States,,World Large Blend Equity,International Equities - Unhedged,IEQStock
0.008423410369819686,LOCKHEED MARTIN CORP,Growth,International Shares,Global Shares,Global Shares,Industrials - 20,New York Stock Exchange Inc.,USD,United States,,World Large Blend Equity,International Equities - Unhedged,IEQStock
0.011833734409152492,DEERE,Growth,International Shares,Global Shares,Global Shares,Industrials - 20,New York Stock Exchange Inc.,USD,United States,,World Large Blend Equity,International Equities - Unhedged,IEQStock
0.004597171176431191,MEDTRONIC PLC,Growth,International Shares,Global Shares,Global Shares,Health Care - 35,New York Stock Exchange Inc.,USD,United States,,World Large Blend Equity,International Equities - Unhedged,IEQStock
0.013736708463903355,MORGAN STANLEY,Growth,International Shares,Global Shares,Global Shares,Financials - 40,New York Stock Exchange Inc.,USD,United States,,World Large Blend Equity,International Equities - Unhedged,IEQStock
0.009632712839498604,PROLOGIS REIT INC,Growth,International Shares,Global Shares,Global Shares,Real Estate - 60,New York Stock Exchange Inc.,USD,United States,,World Large Blend Equity,International Equities - Unhedged,IEQStock
0.010610630131985571,MARSH & MCLENNAN INC,Growth,International Shares,Global Shares,Global Shares,Financials - 40,New York Stock Exchange Inc.,USD,United States,,World Large Blend Equity,International Equities - Unhedged,IEQStock
0.009180339161676945,STRYKER CORP,Growth,International Shares,Global Shares,Global Shares,Health Care - 35,New York Stock Exchange Inc.,USD,United States,,World Large Blend Equity,International Equities - Unhedged,IEQStock
0.01608512842198316,PROGRESSIVE CORP,Growth,International Shares,Global Shares,Global Shares,Financials - 40,New York Stock Exchange Inc.,USD,United States,,World Large Blend Equity,International Equities - Unhedged,IEQStock
0.011297480842720477,BLACKROCK INC,Growth,International Shares,Global Shares,Global Shares,Financials - 40,New York Stock Exchange Inc.,USD,United States,,World Large Blend Equity,International Equities - Unhedged,IEQStock
0.0036197222244727556,CVS HEALTH CORP,Growth,International Shares,Global Shares,Global Shares,Health Care - 35,New York Stock Exchange Inc.,USD,United States,,World Large Blend Equity,International Equities - Unhedged,IEQStock
0.008124607781201864,CHUBB LTD,Growth,International Shares,Global Shares,Global Shares,Financials - 40,New York Stock Exchange Inc.,USD,United States,,World Large Blend Equity,International Equities - Unhedged,IEQStock
0.012359817888628817,AMERICAN EXPRESS,Growth,International Shares,Global Shares,Global Shares,Financials - 40,New York Stock Exchange Inc.,USD,United States,,World Large Blend Equity,International Equities - Unhedged,IEQStock
0.006159691390745372,CIGNA,Growth,International Shares,Global Shares,Global Shares,Health Care - 35,New York Stock Exchange Inc.,USD,United States,,World Large Blend Equity,International Equities - Unhedged,IEQStock
0.005452241565275904,AMERICAN TOWER REIT CORP,Growth,International Shares,Global Shares,Global Shares,Real Estate - 60,New York Stock Exchange Inc.,USD,United States,,World Large Blend Equity,International Equities - Unhedged,IEQStock
0.018724558347259126,EATON PLC,Growth,International Shares,Global Shares,Global Shares,Industrials - 20,New York Stock Exchange Inc.,USD,United States,,World Large Blend Equity,International Equities - Unhedged,IEQStock
0.006888615947165712,CHARLES SCHWAB CORP,Growth,International Shares,Global Shares,Global Shares,Financials - 40,New York Stock Exchange Inc.,USD,United States,,World Large Blend Equity,International Equities - Unhedged,IEQStock
0.00517769095794873,CITIGROUP INC,Growth,International Shares,Global Shares,Global Shares,Financials - 40,New York Stock Exchange Inc.,USD,United States,,World Large Blend Equity,International Equities - Unhedged,IEQStock
0.007428605196872907,ZOETIS INC CLASS A,Growth,International Shares,Global Shares,Global Shares,Health Care - 35,New York Stock Exchange Inc.,USD,United States,,World Large Blend Equity,International Equities - Unhedged,IEQStock
0.008066225012992412,BOSTON SCIENTIFIC CORP,Growth,International Shares,Global Shares,Global Shares,Health Care - 35,New York Stock Exchange Inc.,USD,United States,,World Large Blend Equity,International Equities - Unhedged,IEQStock
0.0032296854237890615,SCHLUMBERGER NV,Growth,International Shares,Global Shares,Global Shares,Energy - 10,New York Stock Exchange Inc.,USD,United States,,World Large Blend Equity,International Equities - Unhedged,IEQStock
0.006697105017734014,SOUTHERN,Growth,International Shares,Global Shares,Global Shares,Utilities - 55,New York Stock Exchange Inc.,USD,United States,,World Large Blend Equity,International Equities - Unhedged,IEQStock
0.003090005869861589,BECTON DICKINSON,Growth,International Shares,Global Shares,Global Shares,Health Care - 35,New York Stock Exchange Inc.,USD,United States,,World Large Blend Equity,International Equities - Unhedged,IEQStock
0.008701090346719894,FISERV INC,Growth,International Shares,Global Shares,Global Shares,Financials - 40,New York Stock Exchange Inc.,USD,United States,,World Large Blend Equity,International Equities - Unhedged,IEQStock
0.0032066091222192517,ALTRIA GROUP INC,Growth,International Shares,Global Shares,Global Shares,Consumer Staples - 30,New York Stock Exchange Inc.,USD,United States,,World Large Blend Equity,International Equities - Unhedged,IEQStock
0.004261619914597361,EOG RESOURCES INC,Growth,International Shares,Global Shares,Global Shares,Energy - 10,New York Stock Exchange Inc.,USD,United States,,World Large Blend Equity,International Equities - Unhedged,IEQStock
0.020001296382707125,BLACKSTONE INC,Growth,International Shares,Global Shares,Global Shares,Financials - 40,New York Stock Exchange Inc.,USD,United States,,World Large Blend Equity,International Equities - Unhedged,IEQStock
0.00410008951554264,DUKE ENERGY CORP,Growth,International Shares,Global Shares,Global Shares,Utilities - 55,New York Stock Exchange Inc.,USD,United States,,World Large Blend Equity,International Equities - Unhedged,IEQStock
0.005708719770985346,NORTHROP GRUMMAN CORP,Growth,International Shares,Global Shares,Global Shares,Industrials - 20,New York Stock Exchange Inc.,USD,United States,,World Large Blend Equity,International Equities - Unhedged,IEQStock
0.006116367145514914,AON PLC CLASS A,Growth,International Shares,Global Shares,Global Shares,Financials - 40,New York Stock Exchange Inc.,USD,United States,,World Large Blend Equity,International Equities - Unhedged,IEQStock
0.005994351411170708,ILLINOIS TOOL INC,Growth,International Shares,Global Shares,Global Shares,Industrials - 20,New York Stock Exchange Inc.,USD,United States,,World Large Blend Equity,International Equities - Unhedged,IEQStock
0.006269996797611652,WASTE MANAGEMENT INC,Growth,International Shares,Global Shares,Global Shares,Industrials - 20,New York Stock Exchange Inc.,USD,United States,,World Large Blend Equity,International Equities - Unhedged,IEQStock
0.004324210692373778,COLGATE-PALMOLIVE,Growth,International Shares,Global Shares,Global Shares,Consumer Staples - 30,New York Stock Exchange Inc.,USD,United States,,World Large Blend Equity,International Equities - Unhedged,IEQStock
0.006017302990074255,INTERCONTINENTAL EXCHANGE INC,Growth,International Shares,Global Shares,Global Shares,Financials - 40,New York Stock Exchange Inc.,USD,United States,,World Large Blend Equity,International Equities - Unhedged,IEQStock
0.011714293290001478,MCKESSON CORP,Growth,International Shares,Global Shares,Global Shares,Health Care - 35,New York Stock Exchange Inc.,USD,United States,,World Large Blend Equity,International Equities - Unhedged,IEQStock
0.002035635801131218,HUMANA INC,Growth,International Shares,Global Shares,Global Shares,Health Care - 35,New York Stock Exchange Inc.,USD,United States,,World Large Blend Equity,International Equities - Unhedged,IEQStock
0.007955083476006555,SHERWIN WILLIAMS,Growth,International Shares,Global Shares,Global Shares,Materials - 15,New York Stock Exchange Inc.,USD,United States,,World Large Blend Equity,International Equities - Unhedged,IEQStock
0.005973916758351804,MARATHON PETROLEUM CORP,Growth,International Shares,Global Shares,Global Shares,Energy - 10,New York Stock Exchange Inc.,USD,United States,,World Large Blend Equity,International Equities - Unhedged,IEQStock
0.01564954421055897,CHIPOTLE MEXICAN GRILL INC,Growth,International Shares,Global Shares,Global Shares,Consumer Discretionary - 25,New York Stock Exchange Inc.,USD,United States,,World Large Blend Equity,International Equities - Unhedged,IEQStock
0.0047016515227570835,AIR PRODUCTS AND CHEMICALS INC,Growth,International Shares,Global Shares,Global Shares,Materials - 15,New York Stock Exchange Inc.,USD,United States,,World Large Blend Equity,International Equities - Unhedged,IEQStock
0.00383955611284561,FEDEX CORP,Growth,International Shares,Global Shares,Global Shares,Industrials - 20,New York Stock Exchange Inc.,USD,United States,,World Large Blend Equity,International Equities - Unhedged,IEQStock
0.0041955502115928744,GENERAL DYNAMICS CORP,Growth,International Shares,Global Shares,Global Shares,Industrials - 20,New York Stock Exchange Inc.,USD,United States,,World Large Blend Equity,International Equities - Unhedged,IEQStock
0.004736152572896971,PIONEER NATURAL RESOURCE,Growth,International Shares,Global Shares,Global Shares,Energy - 10,New York Stock Exchange Inc.,USD,United States,,World Large Blend Equity,International Equities - Unhedged,IEQStock
0.002903385279024908,US BANCORP,Growth,International Shares,Global Shares,Global Shares,Financials - 40,New York Stock Exchange Inc.,USD,United States,,World Large Blend Equity,International Equities - Unhedged,IEQStock
0.004444475307027505,ARISTA NETWORKS INC,Growth,International Shares,Global Shares,Global Shares,Information Technology - 45,New York Stock Exchange Inc.,USD,United States,,World Large Blend Equity,International Equities - Unhedged,IEQStock
0.007856895147645723,MOODYS CORP,Growth,International Shares,Global Shares,Global Shares,Financials - 40,New York Stock Exchange Inc.,USD,United States,,World Large Blend Equity,International Equities - Unhedged,IEQStock
0.007396854869150901,ARTHUR J GALLAGHER,Growth,International Shares,Global Shares,Global Shares,Financials - 40,New York Stock Exchange Inc.,USD,United States,,World Large Blend Equity,International Equities - Unhedged,IEQStock
0.010302744567259135,PARKER-HANNIFIN CORP,Growth,International Shares,Global Shares,Global Shares,Industrials - 20,New York Stock Exchange Inc.,USD,United States,,World Large Blend Equity,International Equities - Unhedged,IEQStock
0.001951352775024952,3M,Growth,International Shares,Global Shares,Global Shares,Industrials - 20,New York Stock Exchange Inc.,USD,United States,,World Large Blend Equity,International Equities - Unhedged,IEQStock
0.005868474230979352,TARGET CORP,Growth,International Shares,Global Shares,Global Shares,Consumer Staples - 30,New York Stock Exchange Inc.,USD,United States,,World Large Blend Equity,International Equities - Unhedged,IEQStock
0.008203798049947655,MOTOROLA SOLUTIONS INC,Growth,International Shares,Global Shares,Global Shares,Information Technology - 45,New York Stock Exchange Inc.,USD,United States,,World Large Blend Equity,International Equities - Unhedged,IEQStock
0.003426805572259173,PHILLIPS,Growth,International Shares,Global Shares,Global Shares,Energy - 10,New York Stock Exchange Inc.,USD,United States,,World Large Blend Equity,International Equities - Unhedged,IEQStock
0.007484023219903163,AMPHENOL CORP CLASS A,Growth,International Shares,Global Shares,Global Shares,Information Technology - 45,New York Stock Exchange Inc.,USD,United States,,World Large Blend Equity,International Equities - Unhedged,IEQStock
0.009177717280853565,TRANE TECHNOLOGIES PLC,Growth,International Shares,Global Shares,Global Shares,Industrials - 20,New York Stock Exchange Inc.,USD,United States,,World Large Blend Equity,International Equities - Unhedged,IEQStock
0.010919667046411808,TRANSDIGM GROUP INC,Growth,International Shares,Global Shares,Global Shares,Industrials - 20,New York Stock Exchange Inc.,USD,United States,,World Large Blend Equity,International Equities - Unhedged,IEQStock
0.010788496669193527,FREEPORT MCMORAN INC,Growth,International Shares,Global Shares,Global Shares,Materials - 15,New York Stock Exchange Inc.,USD,United States,,World Large Blend Equity,International Equities - Unhedged,IEQStock
0.004098577561946294,EMERSON ELECTRIC,Growth,International Shares,Global Shares,Global Shares,Industrials - 20,New York Stock Exchange Inc.,USD,United States,,World Large Blend Equity,International Equities - Unhedged,IEQStock
0.006378661571715131,AUTOZONE INC,Growth,International Shares,Global Shares,Global Shares,Consumer Discretionary - 25,New York Stock Exchange Inc.,USD,United States,,World Large Blend Equity,International Equities - Unhedged,IEQStock
0.004163008825942983,PNC FINANCIAL SERVICES GROUP INC,Growth,International Shares,Global Shares,Global Shares,Financials - 40,New York Stock Exchange Inc.,USD,United States,,World Large Blend Equity,International Equities - Unhedged,IEQStock
0.006519747594699289,HCA HEALTHCARE INC,Growth,International Shares,Global Shares,Global Shares,Health Care - 35,New York Stock Exchange Inc.,USD,United States,,World Large Blend Equity,International Equities - Unhedged,IEQStock
0.0014939526860854888,SEMPRA,Growth,International Shares,Global Shares,Global Shares,Utilities - 55,New York Stock Exchange Inc.,USD,United States,,World Large Blend Equity,International Equities - Unhedged,IEQStock
0.0037328199109897143,AMERICAN INTERNATIONAL GROUP INC,Growth,International Shares,Global Shares,Global Shares,Financials - 40,New York Stock Exchange Inc.,USD,United States,,World Large Blend Equity,International Equities - Unhedged,IEQStock
0.0037673993970595127,WELLTOWER INC,Growth,International Shares,Global Shares,Global Shares,Real Estate - 60,New York Stock Exchange Inc.,USD,United States,,World Large Blend Equity,International Equities - Unhedged,IEQStock
0.0032331376400875516,ECOLAB INC,Growth,International Shares,Global Shares,Global Shares,Materials - 15,New York Stock Exchange Inc.,USD,United States,,World Large Blend Equity,International Equities - Unhedged,IEQStock
0.003517268775099471,NORFOLK SOUTHERN CORP,Growth,International Shares,Global Shares,Global Shares,Industrials - 20,New York Stock Exchange Inc.,USD,United States,,World Large Blend Equity,International Equities - Unhedged,IEQStock
0.004087556012399642,AFLAC INC,Growth,International Shares,Global Shares,Global Shares,Financials - 40,New York Stock Exchange Inc.,USD,United States,,World Large Blend Equity,International Equities - Unhedged,IEQStock
0.003075976769294706,VALERO ENERGY CORP,Growth,International Shares,Global Shares,Global Shares,Energy - 10,New York Stock Exchange Inc.,USD,United States,,World Large Blend Equity,International Equities - Unhedged,IEQStock
0.004220866092039005,WILLIAMS INC,Growth,International Shares,Global Shares,Global Shares,Energy - 10,New York Stock Exchange Inc.,USD,United States,,World Large Blend Equity,International Equities - Unhedged,IEQStock
0.00336718567474104,CARRIER GLOBAL CORP,Growth,International Shares,Global Shares,Global Shares,Industrials - 20,New York Stock Exchange Inc.,USD,United States,,World Large Blend Equity,International Equities - Unhedged,IEQStock
0.0019183243912261293,CROWN CASTLE INC,Growth,International Shares,Global Shares,Global Shares,Real Estate - 60,New York Stock Exchange Inc.,USD,United States,,World Large Blend Equity,International Equities - Unhedged,IEQStock
0.0063413580487240145,HILTON WORLDWIDE HOLDINGS INC,Growth,International Shares,Global Shares,Global Shares,Consumer Discretionary - 25,New York Stock Exchange Inc.,USD,United States,,World Large Blend Equity,International Equities - Unhedged,IEQStock
0.0019025958346699128,KIMBERLY CLARK CORP,Growth,International Shares,Global Shares,Global Shares,Consumer Staples - 30,New York Stock Exchange Inc.,USD,United States,,World Large Blend Equity,International Equities - Unhedged,IEQStock
0.0020871947003611524,TRUIST FINANCIAL CORP,Growth,International Shares,Global Shares,Global Shares,Financials - 40,New York Stock Exchange Inc.,USD,United States,,World Large Blend Equity,International Equities - Unhedged,IEQStock
0.002332486314811911,EDWARDS LIFESCIENCES CORP,Growth,International Shares,Global Shares,Global Shares,Health Care - 35,New York Stock Exchange Inc.,USD,United States,,World Large Blend Equity,International Equities - Unhedged,IEQStock
0.004539867580264702,CAPITAL ONE FINANCIAL CORP,Growth,International Shares,Global Shares,Global Shares,Financials - 40,New York Stock Exchange Inc.,USD,United States,,World Large Blend Equity,International Equities - Unhedged,IEQStock
0.0026077748480390563,FORD MOTOR CO,Growth,International Shares,Global Shares,Global Shares,Consumer Discretionary - 25,New York Stock Exchange Inc.,USD,United States,,World Large Blend Equity,International Equities - Unhedged,IEQStock
0.0013189624317881462,OCCIDENTAL PETROLEUM CORP,Growth,International Shares,Global Shares,Global Shares,Energy - 10,New York Stock Exchange Inc.,USD,United States,,World Large Blend Equity,International Equities - Unhedged,IEQStock
0.005364593058507971,HESS CORP,Growth,International Shares,Global Shares,Global Shares,Energy - 10,New York Stock Exchange Inc.,USD,United States,,World Large Blend Equity,International Equities - Unhedged,IEQStock
0.006884461887836639,MSCI INC,Growth,International Shares,Global Shares,Global Shares,Financials - 40,New York Stock Exchange Inc.,USD,United States,,World Large Blend Equity,International Equities - Unhedged,IEQStock
0.0031491098002497304,TE CONNECTIVITY LTD,Growth,International Shares,Global Shares,Global Shares,Information Technology - 45,New York Stock Exchange Inc.,USD,United States,,World Large Blend Equity,International Equities - Unhedged,IEQStock
0.0032797338229739632,PUBLIC STORAGE REIT,Growth,International Shares,Global Shares,Global Shares,Real Estate - 60,New York Stock Exchange Inc.,USD,United States,,World Large Blend Equity,International Equities - Unhedged,IEQStock
0.002334096244243186,CONSTELLATION BRANDS INC CLASS A,Growth,International Shares,Global Shares,Global Shares,Consumer Staples - 30,New York Stock Exchange Inc.,USD,United States,,World Large Blend Equity,International Equities - Unhedged,IEQStock
0.0031871590914075197,GENERAL MOTORS,Growth,International Shares,Global Shares,Global Shares,Consumer Discretionary - 25,New York Stock Exchange Inc.,USD,United States,,World Large Blend Equity,International Equities - Unhedged,IEQStock
0.003649759460083557,TRAVELERS COMPANIES INC,Growth,International Shares,Global Shares,Global Shares,Financials - 40,New York Stock Exchange Inc.,USD,United States,,World Large Blend Equity,International Equities - Unhedged,IEQStock
0.0017447962956486538,CENTENE CORP,Growth,International Shares,Global Shares,Global Shares,Health Care - 35,New York Stock Exchange Inc.,USD,United States,,World Large Blend Equity,International Equities - Unhedged,IEQStock
0.002702515732921192,DIGITAL REALTY TRUST REIT INC,Growth,International Shares,Global Shares,Global Shares,Real Estate - 60,New York Stock Exchange Inc.,USD,United States,,World Large Blend Equity,International Equities - Unhedged,IEQStock
0.001959427453543091,ARCHER DANIELS MIDLAND,Growth,International Shares,Global Shares,Global Shares,Consumer Staples - 30,New York Stock Exchange Inc.,USD,United States,,World Large Blend Equity,International Equities - Unhedged,IEQStock
0.0013458844717910536,DOMINION ENERGY INC,Growth,International Shares,Global Shares,Global Shares,Utilities - 55,New York Stock Exchange Inc.,USD,United States,,World Large Blend Equity,International Equities - Unhedged,IEQStock
0.00253990862842716,GENERAL MILLS INC,Growth,International Shares,Global Shares,Global Shares,Consumer Staples - 30,New York Stock Exchange Inc.,USD,United States,,World Large Blend Equity,International Equities - Unhedged,IEQStock
0.003394184855087812,METLIFE INC,Growth,International Shares,Global Shares,Global Shares,Financials - 40,New York Stock Exchange Inc.,USD,United States,,World Large Blend Equity,International Equities - Unhedged,IEQStock
0.0019517661260162137,SIMON PROPERTY GROUP REIT INC,Growth,International Shares,Global Shares,Global Shares,Real Estate - 60,New York Stock Exchange Inc.,USD,United States,,World Large Blend Equity,International Equities - Unhedged,IEQStock
0.0029011994671040917,ONEOK INC,Growth,International Shares,Global Shares,Global Shares,Energy - 10,New York Stock Exchange Inc.,USD,United States,,World Large Blend Equity,International Equities - Unhedged,IEQStock
0.004865334641559425,NUCOR CORP,Growth,International Shares,Global Shares,Global Shares,Materials - 15,New York Stock Exchange Inc.,USD,United States,,World Large Blend Equity,International Equities - Unhedged,IEQStock
0.008665213476702705,D R HORTON INC,Growth,International Shares,Global Shares,Global Shares,Consumer Discretionary - 25,New York Stock Exchange Inc.,USD,United States,,World Large Blend Equity,International Equities - Unhedged,IEQStock
0.0028623430409416123,IQVIA HOLDINGS INC,Growth,International Shares,Global Shares,Global Shares,Health Care - 35,New York Stock Exchange Inc.,USD,United States,,World Large Blend Equity,International Equities - Unhedged,IEQStock
0.0017238253758556066,REALTY INCOME REIT CORP,Growth,International Shares,Global Shares,Global Shares,Real Estate - 60,New York Stock Exchange Inc.,USD,United States,,World Large Blend Equity,International Equities - Unhedged,IEQStock
0.0020747642357511233,YUM BRANDS INC,Growth,International Shares,Global Shares,Global Shares,Consumer Discretionary - 25,New York Stock Exchange Inc.,USD,United States,,World Large Blend Equity,International Equities - Unhedged,IEQStock
0.0031736426265035534,CORTEVA INC,Growth,International Shares,Global Shares,Global Shares,Materials - 15,New York Stock Exchange Inc.,USD,United States,,World Large Blend Equity,International Equities - Unhedged,IEQStock
0.0013754741870735908,PG&E CORP,Growth,International Shares,Global Shares,Global Shares,Utilities - 55,New York Stock Exchange Inc.,USD,United States,,World Large Blend Equity,International Equities - Unhedged,IEQStock
0.0025866138245069993,BANK OF NEW YORK MELLON CORP,Growth,International Shares,Global Shares,Global Shares,Financials - 40,New York Stock Exchange Inc.,USD,United States,,World Large Blend Equity,International Equities - Unhedged,IEQStock
0.00411665690644999,JOHNSON CONTROLS INTERNATIONAL PLC,Growth,International Shares,Global Shares,Global Shares,Industrials - 20,New York Stock Exchange Inc.,USD,United States,,World Large Blend Equity,International Equities - Unhedged,IEQStock
0.0029691784475902204,L3HARRIS TECHNOLOGIES INC,Growth,International Shares,Global Shares,Global Shares,Industrials - 20,New York Stock Exchange Inc.,USD,United States,,World Large Blend Equity,International Equities - Unhedged,IEQStock
0.005712100932569718,WW GRAINGER INC,Growth,International Shares,Global Shares,Global Shares,Industrials - 20,New York Stock Exchange Inc.,USD,United States,,World Large Blend Equity,International Equities - Unhedged,IEQStock
0.007899477143739562,AMERIPRISE FINANCE INC,Growth,International Shares,Global Shares,Global Shares,Financials - 40,New York Stock Exchange Inc.,USD,United States,,World Large Blend Equity,International Equities - Unhedged,IEQStock
0.0019324851356119276,SYSCO CORP,Growth,International Shares,Global Shares,Global Shares,Consumer Staples - 30,New York Stock Exchange Inc.,USD,United States,,World Large Blend Equity,International Equities - Unhedged,IEQStock
0.0016019784170328024,DOW INC,Growth,International Shares,Global Shares,Global Shares,Materials - 15,New York Stock Exchange Inc.,USD,United States,,World Large Blend Equity,International Equities - Unhedged,IEQStock
0.0013488894691154694,HALLIBURTON,Growth,International Shares,Global Shares,Global Shares,Energy - 10,New York Stock Exchange Inc.,USD,United States,,World Large Blend Equity,International Equities - Unhedged,IEQStock
0.003646890222548973,ALLSTATE CORP,Growth,International Shares,Global Shares,Global Shares,Financials - 40,New York Stock Exchange Inc.,USD,United States,,World Large Blend Equity,International Equities - Unhedged,IEQStock
0.0039376992993286645,AMETEK INC,Growth,International Shares,Global Shares,Global Shares,Industrials - 20,New York Stock Exchange Inc.,USD,United States,,World Large Blend Equity,International Equities - Unhedged,IEQStock
0.0007226458329861327,KENVUE INC,Growth,International Shares,Global Shares,Global Shares,Consumer Staples - 30,New York Stock Exchange Inc.,USD,United States,,World Large Blend Equity,International Equities - Unhedged,IEQStock
0.0018187119664968626,OTIS WORLDWIDE CORP,Growth,International Shares,Global Shares,Global Shares,Industrials - 20,New York Stock Exchange Inc.,USD,United States,,World Large Blend Equity,International Equities - Unhedged,IEQStock
0.004457502545856074,CENCORA INC,Growth,International Shares,Global Shares,Global Shares,Health Care - 35,New York Stock Exchange Inc.,USD,United States,,World Large Blend Equity,International Equities - Unhedged,IEQStock
0.0031206765103225257,AGILENT TECHNOLOGIES INC,Growth,International Shares,Global Shares,Global Shares,Health Care - 35,New York Stock Exchange Inc.,USD,United States,,World Large Blend Equity,International Equities - Unhedged,IEQStock
0.0023172046641566245,KINDER MORGAN INC,Growth,International Shares,Global Shares,Global Shares,Energy - 10,New York Stock Exchange Inc.,USD,United States,,World Large Blend Equity,International Equities - Unhedged,IEQStock
0.0035498783697899866,REPUBLIC SERVICES INC,Growth,International Shares,Global Shares,Global Shares,Industrials - 20,New York Stock Exchange Inc.,USD,United States,,World Large Blend Equity,International Equities - Unhedged,IEQStock
0.0010067192922825663,DUPONT DE NEMOURS INC,Growth,International Shares,Global Shares,Global Shares,Materials - 15,New York Stock Exchange Inc.,USD,United States,,World Large Blend Equity,International Equities - Unhedged,IEQStock
0.0050803844171467515,GARTNER INC,Growth,International Shares,Global Shares,Global Shares,Information Technology - 45,New York Stock Exchange Inc.,USD,United States,,World Large Blend Equity,International Equities - Unhedged,IEQStock
0.0035794086319905247,CUMMINS INC,Growth,International Shares,Global Shares,Global Shares,Industrials - 20,New York Stock Exchange Inc.,USD,United States,,World Large Blend Equity,International Equities - Unhedged,IEQStock
0.002220190591420602,PUBLIC SERVICE ENTERPRISE GROUP IN,Growth,International Shares,Global Shares,Global Shares,Utilities - 55,New York Stock Exchange Inc.,USD,United States,,World Large Blend Equity,International Equities - Unhedged,IEQStock
0.0017188031354343064,CONSOLIDATED EDISON INC,Growth,International Shares,Global Shares,Global Shares,Utilities - 55,New York Stock Exchange Inc.,USD,United States,,World Large Blend Equity,International Equities - Unhedged,IEQStock
0.006325023889021901,LENNAR A CORP,Growth,International Shares,Global Shares,Global Shares,Consumer Discretionary - 25,New York Stock Exchange Inc.,USD,United States,,World Large Blend Equity,International Equities - Unhedged,IEQStock
0.0012722704865543901,FIDELITY NATIONAL INFORMATION SERV,Growth,International Shares,Global Shares,Global Shares,Financials - 40,New York Stock Exchange Inc.,USD,United States,,World Large Blend Equity,International Equities - Unhedged,IEQStock
0.0017708483022226768,PPG INDUSTRIES INC,Growth,International Shares,Global Shares,Global Shares,Materials - 15,New York Stock Exchange Inc.,USD,United States,,World Large Blend Equity,International Equities - Unhedged,IEQStock
0.011526771300979339,UNITED RENTALS INC,Growth,International Shares,Global Shares,Global Shares,Industrials - 20,New York Stock Exchange Inc.,USD,United States,,World Large Blend Equity,International Equities - Unhedged,IEQStock
0.0026211558361577,KROGER,Growth,International Shares,Global Shares,Global Shares,Consumer Staples - 30,New York Stock Exchange Inc.,USD,United States,,World Large Blend Equity,International Equities - Unhedged,IEQStock
0.0025771167159360504,ROCKWELL AUTOMATION INC,Growth,International Shares,Global Shares,Global Shares,Industrials - 20,New York Stock Exchange Inc.,USD,United States,,World Large Blend Equity,International Equities - Unhedged,IEQStock
0.0021857968663052925,VICI PPTYS INC,Growth,International Shares,Global Shares,Global Shares,Real Estate - 60,New York Stock Exchange Inc.,USD,United States,,World Large Blend Equity,International Equities - Unhedged,IEQStock
0.0023326182532637353,DEVON ENERGY CORP,Growth,International Shares,Global Shares,Global Shares,Energy - 10,New York Stock Exchange Inc.,USD,United States,,World Large Blend Equity,International Equities - Unhedged,IEQStock
0.0021838031643143705,PRUDENTIAL PLC,Growth,International Shares,Global Shares,Global Shares,Financials - 40,New York Stock Exchange Inc.,USD,United States,,World Large Blend Equity,International Equities - Unhedged,IEQStock
0.0014622812210289592,GLOBAL PAYMENTS INC,Growth,International Shares,Global Shares,Global Shares,Financials - 40,New York Stock Exchange Inc.,USD,United States,,World Large Blend Equity,International Equities - Unhedged,IEQStock
0.001873757912372941,HERSHEY FOODS,Growth,International Shares,Global Shares,Global Shares,Consumer Staples - 30,New York Stock Exchange Inc.,USD,United States,,World Large Blend Equity,International Equities - Unhedged,IEQStock
0.003135571279534326,VULCAN MATERIALS,Growth,International Shares,Global Shares,Global Shares,Materials - 15,New York Stock Exchange Inc.,USD,United States,,World Large Blend Equity,International Equities - Unhedged,IEQStock
0.0044544687044712405,MARTIN MARIETTA MATERIALS INC,Growth,International Shares,Global Shares,Global Shares,Materials - 15,New York Stock Exchange Inc.,USD,United States,,World Large Blend Equity,International Equities - Unhedged,IEQStock
0.00606740261142162,INGERSOLL RAND INC,Growth,International Shares,Global Shares,Global Shares,Industrials - 20,New York Stock Exchange Inc.,USD,United States,,World Large Blend Equity,International Equities - Unhedged,IEQStock
0.0023586368957077062,CARDINAL HEALTH INC,Growth,International Shares,Global Shares,Global Shares,Health Care - 35,New York Stock Exchange Inc.,USD,United States,,World Large Blend Equity,International Equities - Unhedged,IEQStock
0.001559876589560183,WEC ENERGY GROUP INC,Growth,International Shares,Global Shares,Global Shares,Utilities - 55,New York Stock Exchange Inc.,USD,United States,,World Large Blend Equity,International Equities - Unhedged,IEQStock
0.005204635728795635,TELUS CORP,Growth,International Shares,Global Shares,Global Shares,Communication Services - 50,New York Stock Exchange Inc.,USD,United States,,World Large Blend Equity,International Equities - Unhedged,IEQStock
0.0014749298474553475,AMERICAN WATER WORKS INC,Growth,International Shares,Global Shares,Global Shares,Utilities - 55,New York Stock Exchange Inc.,USD,United States,,World Large Blend Equity,International Equities - Unhedged,IEQStock
0.003044997532727558,WEST PHARMACEUTICAL SERVICES INC,Growth,International Shares,Global Shares,Global Shares,Health Care - 35,New York Stock Exchange Inc.,USD,United States,,World Large Blend Equity,International Equities - Unhedged,IEQStock
0.0016415014556091171,EDISON INTERNATIONAL,Growth,International Shares,Global Shares,Global Shares,Utilities - 55,New York Stock Exchange Inc.,USD,United States,,World Large Blend Equity,International Equities - Unhedged,IEQStock
0.01133284606470373,QUANTA SERVICES INC,Growth,International Shares,Global Shares,Global Shares,Industrials - 20,New York Stock Exchange Inc.,USD,United States,,World Large Blend Equity,International Equities - Unhedged,IEQStock
0.0014399175296938055,AVALONBAY COMMUNITIES REIT INC,Growth,International Shares,Global Shares,Global Shares,Real Estate - 60,New York Stock Exchange Inc.,USD,United States,,World Large Blend Equity,International Equities - Unhedged,IEQStock
0.00196336150564883,HP INC,Growth,International Shares,Global Shares,Global Shares,Information Technology - 45,New York Stock Exchange Inc.,USD,United States,,World Large Blend Equity,International Equities - Unhedged,IEQStock
0.0010602112204022285,LYONDELLBASELL INDUSTRIES NV CLASS,Growth,International Shares,Global Shares,Global Shares,Materials - 15,New York Stock Exchange Inc.,USD,United States,,World Large Blend Equity,International Equities - Unhedged,IEQStock
0.012053760811315511,FAIR ISAAC CORP,Growth,International Shares,Global Shares,Global Shares,Information Technology - 45,New York Stock Exchange Inc.,USD,United States,,World Large Blend Equity,International Equities - Unhedged,IEQStock
0.002064255695502443,XYLEM INC,Growth,International Shares,Global Shares,Global Shares,Industrials - 20,New York Stock Exchange Inc.,USD,United States,,World Large Blend Equity,International Equities - Unhedged,IEQStock
0.0036992246441436834,CBRE GROUP INC CLASS A,Growth,International Shares,Global Shares,Global Shares,Real Estate - 60,New York Stock Exchange Inc.,USD,United States,,World Large Blend Equity,International Equities - Unhedged,IEQStock
0.0012167734203265533,FORTIVE CORP,Growth,International Shares,Global Shares,Global Shares,Industrials - 20,New York Stock Exchange Inc.,USD,United States,,World Large Blend Equity,International Equities - Unhedged,IEQStock
0.0022139641250260114,METTLER TOLEDO INC,Growth,International Shares,Global Shares,Global Shares,Health Care - 35,New York Stock Exchange Inc.,USD,United States,,World Large Blend Equity,International Equities - Unhedged,IEQStock
0.0023325929737110576,EXTRA SPACE STORAGE REIT INC,Growth,International Shares,Global Shares,Global Shares,Real Estate - 60,New York Stock Exchange Inc.,USD,United States,,World Large Blend Equity,International Equities - Unhedged,IEQStock
0.0024084675000497907,HARTFORD FINANCIAL SERVICES GROUP,Growth,International Shares,Global Shares,Global Shares,Financials - 40,New York Stock Exchange Inc.,USD,United States,,World Large Blend Equity,International Equities - Unhedged,IEQStock
0.003678118107355893,EQUIFAX INC,Growth,International Shares,Global Shares,Global Shares,Industrials - 20,New York Stock Exchange Inc.,USD,United States,,World Large Blend Equity,International Equities - Unhedged,IEQStock
0.0027145487772524475,KEYSIGHT TECHNOLOGIES INC,Growth,International Shares,Global Shares,Global Shares,Information Technology - 45,New York Stock Exchange Inc.,USD,United States,,World Large Blend Equity,International Equities - Unhedged,IEQStock
0.0013817626565994616,WEYERHAEUSER REIT,Growth,International Shares,Global Shares,Global Shares,Real Estate - 60,New York Stock Exchange Inc.,USD,United States,,World Large Blend Equity,International Equities - Unhedged,IEQStock
0.0010229964534890657,ZIMMER BIOMET HOLDINGS INC,Growth,International Shares,Global Shares,Global Shares,Health Care - 35,New York Stock Exchange Inc.,USD,United States,,World Large Blend Equity,International Equities - Unhedged,IEQStock
0.00238651748099981,ROYAL CARIBBEAN GROUP LTD,Growth,International Shares,Global Shares,Global Shares,Consumer Discretionary - 25,New York Stock Exchange Inc.,USD,United States,,World Large Blend Equity,International Equities - Unhedged,IEQStock
0.0014727644908743814,CHURCH AND DWIGHT INC,Growth,International Shares,Global Shares,Global Shares,Consumer Staples - 30,New York Stock Exchange Inc.,USD,United States,,World Large Blend Equity,International Equities - Unhedged,IEQStock
0.0016771340425259192,STERIS,Growth,International Shares,Global Shares,Global Shares,Health Care - 35,New York Stock Exchange Inc.,USD,United States,,World Large Blend Equity,International Equities - Unhedged,IEQStock
0.0012968216804688634,DELTA AIR LINES INC,Growth,International Shares,Global Shares,Global Shares,Industrials - 20,New York Stock Exchange Inc.,USD,United States,,World Large Blend Equity,International Equities - Unhedged,IEQStock
0.006348710505920226,Bank Account,Defensive,Cash,Cash,Cash,ASXStock,Cash,Cash,Bank Account,Cash,Domestic Cash,Cash,Cash
0.00031809928048671596,CBOE GLOBAL MARKETS INC,Growth,International Shares,Global Shares,Global Shares,Financials - 40,Cboe BZX formerly known as BATS,USD,United States,,World Large Blend Equity,International Equities - Unhedged,IEQStock
0.0008224740524590411,DEUTSCHE TELEKOM N AG,Growth,International Shares,Global Shares,Global Shares,Communication Services - 50,Deutsche Boerse Markets,EUR,Germany,,World Large Blend Equity,International Equities - Unhedged,IEQStock
0.0009925734600017189,ESTEE LAUDER INC CLASS A,Growth,International Shares,Global Shares,Global Shares,Health Care - 35,Euronext Paris,EUR,France,,World Large Blend Equity,International Equities - Unhedged,IEQStock
0.0006350501833254933,DOLLAR GENERAL CORP,Growth,International Shares,Global Shares,Global Shares,Industrials - 20,Euronext Paris,EUR,France,,World Large Blend Equity,International Equities - Unhedged,IEQStock
0.0001747866193597369,ANGLO AMERICAN PLC,Growth,International Shares,Global Shares,Global Shares,Materials - 15,London Stock Exchange,GBP,United Kingdom,,World Large Blend Equity,International Equities - Unhedged,IEQStock
0.0005424730944913312,TRACTOR SUPPLY,Growth,International Shares,Global Shares,Global Shares,Consumer Staples - 30,London Stock Exchange,GBP,United Kingdom,,World Large Blend Equity,International Equities - Unhedged,IEQStock
0.0004612996959027125,T ROWE PRICE GROUP INC,Growth,International Shares,Global Shares,Global Shares,Financials - 40,NASDAQ Stock Market,USD,United States,,World Large Blend Equity,International Equities - Unhedged,IEQStock
0.0005752443422907641,ULTA BEAUTY INC,Growth,International Shares,Global Shares,Global Shares,Consumer Discretionary - 25,NASDAQ Stock Market,USD,United States,,World Large Blend Equity,International Equities - Unhedged,IEQStock
0.00030347335261269936,VERISIGN INC,Growth,International Shares,Global Shares,Global Shares,Information Technology - 45,NASDAQ Stock Market,USD,United States,,World Large Blend Equity,International Equities - Unhedged,IEQStock
0.00015287175904082532,ILLUMINA INC,Growth,International Shares,Global Shares,Global Shares,Health Care - 35,NASDAQ Stock Market,USD,United States,,World Large Blend Equity,International Equities - Unhedged,IEQStock
0.0007086056954606506,FIFTH THIRD BANCORP,Growth,International Shares,Global Shares,Global Shares,Financials - 40,NASDAQ Stock Market,USD,United States,,World Large Blend Equity,International Equities - Unhedged,IEQStock
0.0007111379639284946,PTC INC,Growth,International Shares,Global Shares,Global Shares,Information Technology - 45,NASDAQ Stock Market,USD,United States,,World Large Blend Equity,International Equities - Unhedged,IEQStock
0.0008648080734648106,NASDAQ INC,Growth,International Shares,Global Shares,Global Shares,Financials - 40,NASDAQ Stock Market,USD,United States,,World Large Blend Equity,International Equities - Unhedged,IEQStock
0.0011055114772926078,STEEL DYNAMICS INC,Growth,International Shares,Global Shares,Global Shares,Materials - 15,NASDAQ Stock Market,USD,United States,,World Large Blend Equity,International Equities - Unhedged,IEQStock
0.0005007238737813372,HOLOGIC INC,Growth,International Shares,Global Shares,Global Shares,Health Care - 35,NASDAQ Stock Market,USD,United States,,World Large Blend Equity,International Equities - Unhedged,IEQStock
0.00042113262412547646,AKAMAI TECHNOLOGIES INC,Growth,International Shares,Global Shares,Global Shares,Information Technology - 45,NASDAQ Stock Market,USD,United States,,World Large Blend Equity,International Equities - Unhedged,IEQStock
0.0005175509377601671,COOPER INC,Growth,International Shares,Global Shares,Global Shares,Health Care - 35,NASDAQ Stock Market,USD,United States,,World Large Blend Equity,International Equities - Unhedged,IEQStock
0.0004413856832905697,EXPEDIA GROUP INC,Growth,International Shares,Global Shares,Global Shares,Consumer Discretionary - 25,NASDAQ Stock Market,USD,United States,,World Large Blend Equity,International Equities - Unhedged,IEQStock
0.000491771783635419,NETAPP INC,Growth,International Shares,Global Shares,Global Shares,Information Technology - 45,NASDAQ Stock Market,USD,United States,,World Large Blend Equity,International Equities - Unhedged,IEQStock
0.00046290955775891827,CINCINNATI FINANCIAL CORP,Growth,International Shares,Global Shares,Global Shares,Financials - 40,NASDAQ Stock Market,USD,United States,,World Large Blend Equity,International Equities - Unhedged,IEQStock
4.4039502343195446e-05,WALGREEN BOOTS ALLIANCE INC,Growth,International Shares,Global Shares,Global Shares,Consumer Staples - 30,NASDAQ Stock Market,USD,United States,,World Large Blend Equity,International Equities - Unhedged,IEQStock
0.00047473635026725966,PRINCIPAL FINANCIAL GROUP INC,Growth,International Shares,Global Shares,Global Shares,Financials - 40,NASDAQ Stock Market,USD,United States,,World Large Blend Equity,International Equities - Unhedged,IEQStock
0.0011657321585253908,FIRST SOLAR INC,Growth,International Shares,Global Shares,Global Shares,Information Technology - 45,NASDAQ Stock Market,USD,United States,,World Large Blend Equity,International Equities - Unhedged,IEQStock
0.002463295178808459,AXON ENTERPRISE INC,Growth,International Shares,Global Shares,Global Shares,Industrials - 20,NASDAQ Stock Market,USD,United States,,World Large Blend Equity,International Equities - Unhedged,IEQStock
0.0004160375671031453,HUNTINGTON BANCSHARES INC,Growth,International Shares,Global Shares,Global Shares,Financials - 40,NASDAQ Stock Market,USD,United States,,World Large Blend Equity,International Equities - Unhedged,IEQStock
0.0003060207208380184,NORTHERN TRUST CORP,Growth,International Shares,Global Shares,Global Shares,Financials - 40,NASDAQ Stock Market,USD,United States,,World Large Blend Equity,International Equities - Unhedged,IEQStock
0.0004940406395652624,JB HUNT TRANSPORT SERVICES INC,Growth,International Shares,Global Shares,Global Shares,Industrials - 20,NASDAQ Stock Market,USD,United States,,World Large Blend Equity,International Equities - Unhedged,IEQStock
0.00033254712700053356,SKYWORKS SOLUTIONS INC,Growth,International Shares,Global Shares,Global Shares,Information Technology - 45,NASDAQ Stock Market,USD,United States,,World Large Blend Equity,International Equities - Unhedged,IEQStock
0.000311415910902552,ALIGN TECHNOLOGY INC,Growth,International Shares,Global Shares,Global Shares,Health Care - 35,NASDAQ Stock Market,USD,United States,,World Large Blend Equity,International Equities - Unhedged,IEQStock
0.00044955507727402553,WESTERN DIGITAL CORP,Growth,International Shares,Global Shares,Global Shares,Information Technology - 45,NASDAQ Stock Market,USD,United States,,World Large Blend Equity,International Equities - Unhedged,IEQStock
0.0006618839025960038,SEAGATE TECHNOLOGY HOLDINGS PLC,Growth,International Shares,Global Shares,Global Shares,Information Technology - 45,NASDAQ Stock Market,USD,United States,,World Large Blend Equity,International Equities - Unhedged,IEQStock
0.0008613109600533093,TERADYNE INC,Growth,International Shares,Global Shares,Global Shares,Information Technology - 45,NASDAQ Stock Market,USD,United States,,World Large Blend Equity,International Equities - Unhedged,IEQStock
0.0006191023306193807,POOL CORP,Growth,International Shares,Global Shares,Global Shares,Consumer Discretionary - 25,NASDAQ Stock Market,USD,United States,,World Large Blend Equity,International Equities - Unhedged,IEQStock
0.0002710431746117622,ALLIANT ENERGY CORP,Growth,International Shares,Global Shares,Global Shares,Utilities - 55,NASDAQ Stock Market,USD,United States,,World Large Blend Equity,International Equities - Unhedged,IEQStock
0.00023785453591085743,UNITED AIRLINES HOLDINGS INC,Growth,International Shares,Global Shares,Global Shares,Industrials - 20,NASDAQ Stock Market,USD,United States,,World Large Blend Equity,International Equities - Unhedged,IEQStock
0.0002959006960855943,LKQ CORP,Growth,International Shares,Global Shares,Global Shares,Consumer Discretionary - 25,NASDAQ Stock Market,USD,United States,,World Large Blend Equity,International Equities - Unhedged,IEQStock
0.0003964278320573389,NORDSON CORP,Growth,International Shares,Global Shares,Global Shares,Industrials - 20,NASDAQ Stock Market,USD,United States,,World Large Blend Equity,International Equities - Unhedged,IEQStock
0.0002783951504439918,HOST HOTELS & RESORTS REIT INC,Growth,International Shares,Global Shares,Global Shares,Real Estate - 60,NASDAQ Stock Market,USD,United States,,World Large Blend Equity,International Equities - Unhedged,IEQStock
0.00017159184092474682,APA CORP,Growth,International Shares,Global Shares,Global Shares,Energy - 10,NASDAQ Stock Market,USD,United States,,World Large Blend Equity,International Equities - Unhedged,IEQStock
0.00020319803267499859,EVERGY INC,Growth,International Shares,Global Shares,Global Shares,Utilities - 55,NASDAQ Stock Market,USD,United States,,World Large Blend Equity,International Equities - Unhedged,IEQStock
0.0007428356447554077,INSULET CORP,Growth,International Shares,Global Shares,Global Shares,Health Care - 35,NASDAQ Stock Market,USD,United States,,World Large Blend Equity,International Equities - Unhedged,IEQStock
0.0002673877975253189,VIATRIS INC,Growth,International Shares,Global Shares,Global Shares,Health Care - 35,NASDAQ Stock Market,USD,United States,,World Large Blend Equity,International Equities - Unhedged,IEQStock
0.004467628305088691,ENPHASE ENERGY INC,Growth,International Shares,Global Shares,Global Shares,Information Technology - 45,NASDAQ Stock Market,USD,United States,,World Large Blend Equity,International Equities - Unhedged,IEQStock
0.0004578634062608472,ZEBRA TECHNOLOGIES CORP CLASS A,Growth,International Shares,Global Shares,Global Shares,Information Technology - 45,NASDAQ Stock Market,USD,United States,,World Large Blend Equity,International Equities - Unhedged,IEQStock
0.0005089324815746604,GEN DIGITAL INC,Growth,International Shares,Global Shares,Global Shares,Information Technology - 45,NASDAQ Stock Market,USD,United States,,World Large Blend Equity,International Equities - Unhedged,IEQStock
0.00035086612509031953,TRIMBLE INC,Growth,International Shares,Global Shares,Global Shares,Information Technology - 45,NASDAQ Stock Market,USD,United States,,World Large Blend Equity,International Equities - Unhedged,IEQStock
0.00027445320486686357,JACK HENRY AND ASSOCIATES INC,Growth,International Shares,Global Shares,Global Shares,Financials - 40,NASDAQ Stock Market,USD,United States,,World Large Blend Equity,International Equities - Unhedged,IEQStock
0.00022246440092290017,INCYTE CORP,Growth,International Shares,Global Shares,Global Shares,Health Care - 35,NASDAQ Stock Market,USD,United States,,World Large Blend Equity,International Equities - Unhedged,IEQStock
0.00023236209870764046,REGENCY CENTERS REIT CORP,Growth,International Shares,Global Shares,Global Shares,Real Estate - 60,NASDAQ Stock Market,USD,United States,,World Large Blend Equity,International Equities - Unhedged,IEQStock
0.0002338704941204069,CH ROBINSON WORLDWIDE INC,Growth,International Shares,Global Shares,Global Shares,Industrials - 20,NASDAQ Stock Market,USD,United States,,World Large Blend Equity,International Equities - Unhedged,IEQStock
0.00014073323207535973,CAESARS ENTERTAINMENT INC,Growth,International Shares,Global Shares,Global Shares,Consumer Discretionary - 25,NASDAQ Stock Market,USD,United States,,World Large Blend Equity,International Equities - Unhedged,IEQStock
0.0003890517867954351,BIO TECHNE CORP,Growth,International Shares,Global Shares,Global Shares,Health Care - 35,NASDAQ Stock Market,USD,United States,,World Large Blend Equity,International Equities - Unhedged,IEQStock
0.0002754843778514587,F5 INC,Growth,International Shares,Global Shares,Global Shares,Information Technology - 45,NASDAQ Stock Market,USD,United States,,World Large Blend Equity,International Equities - Unhedged,IEQStock
0.00012352217218513097,WYNN RESORTS LTD,Growth,International Shares,Global Shares,Global Shares,Consumer Discretionary - 25,NASDAQ Stock Market,USD,United States,,World Large Blend Equity,International Equities - Unhedged,IEQStock
0.00022396104127811613,QORVO INC,Growth,International Shares,Global Shares,Global Shares,Information Technology - 45,NASDAQ Stock Market,USD,United States,,World Large Blend Equity,International Equities - Unhedged,IEQStock
0.00016078256454042395,MATCH GROUP INC,Growth,International Shares,Global Shares,Global Shares,Communication Services - 50,NASDAQ Stock Market,USD,United States,,World Large Blend Equity,International Equities - Unhedged,IEQStock
0.0001450932392771729,HENRY SCHEIN INC,Growth,International Shares,Global Shares,Global Shares,Health Care - 35,NASDAQ Stock Market,USD,United States,,World Large Blend Equity,International Equities - Unhedged,IEQStock
0.000261398686221122,MARKETAXESS HOLDINGS INC,Growth,International Shares,Global Shares,Global Shares,Financials - 40,NASDAQ Stock Market,USD,United States,,World Large Blend Equity,International Equities - Unhedged,IEQStock
0.0003054874126399457,NEWS CORP CLASS A,Growth,International Shares,Global Shares,Global Shares,Communication Services - 50,NASDAQ Stock Market,USD,United States,,World Large Blend Equity,International Equities - Unhedged,IEQStock
0.00013759114679987836,ETSY INC,Growth,International Shares,Global Shares,Global Shares,Consumer Discretionary - 25,NASDAQ Stock Market,USD,United States,,World Large Blend Equity,International Equities - Unhedged,IEQStock
0.00013444195961263378,FOX CORP CLASS A,Growth,International Shares,Global Shares,Global Shares,Communication Services - 50,NASDAQ Stock Market,USD,United States,,World Large Blend Equity,International Equities - Unhedged,IEQStock
8.426165066772215e-05,PARAMOUNT GLOBAL CLASS B,Growth,International Shares,Global Shares,Global Shares,Communication Services - 50,NASDAQ Stock Market,USD,United States,,World Large Blend Equity,International Equities - Unhedged,IEQStock
7.922988700238049e-05,DENTSPLY SIRONA INC,Growth,International Shares,Global Shares,Global Shares,Health Care - 35,NASDAQ Stock Market,USD,United States,,World Large Blend Equity,International Equities - Unhedged,IEQStock
0.0001027783698022537,HASBRO INC,Growth,International Shares,Global Shares,Global Shares,Consumer Discretionary - 25,NASDAQ Stock Market,USD,United States,,World Large Blend Equity,International Equities - Unhedged,IEQStock
0.00016259448555456282,ZIONS BANCORPORATION,Growth,International Shares,Global Shares,Global Shares,Financials - 40,NASDAQ Stock Market,USD,United States,,World Large Blend Equity,International Equities - Unhedged,IEQStock
6.323034656343485e-05,FOX CORP CLASS B,Growth,International Shares,Global Shares,Global Shares,Communication Services - 50,NASDAQ Stock Market,USD,United States,,World Large Blend Equity,International Equities - Unhedged,IEQStock
0.17664719546779611,MICROSOFT CORP,Growth,International Shares,Global Shares,Global Shares,Information Technology - 45,NASDAQ Stock Market,USD,United States,,World Large Blend Equity,International Equities - Unhedged,IEQStock
0.2463740430406743,APPLE INC,Growth,International Shares,Global Shares,Global Shares,Information Technology - 45,NASDAQ Stock Market,USD,United States,,World Large Blend Equity,International Equities - Unhedged,IEQStock
0.05337331154002068,AMAZON COM INC,Growth,International Shares,Global Shares,Global Shares,Consumer Discretionary - 25,NASDAQ Stock Market,USD,United States,,World Large Blend Equity,International Equities - Unhedged,IEQStock
0.8148926782329405,NVIDIA CORP,Growth,International Shares,Global Shares,Global Shares,Information Technology - 45,NASDAQ Stock Market,USD,United States,,World Large Blend Equity,International Equities - Unhedged,IEQStock
0.042710789562089506,ALPHABET INC CLASS A,Growth,International Shares,Global Shares,Global Shares,Communication Services - 50,NASDAQ Stock Market,USD,United States,,World Large Blend Equity,International Equities - Unhedged,IEQStock
0.0548154841984224,META PLATFORMS INC CLASS A,Growth,International Shares,Global Shares,Global Shares,Communication Services - 50,NASDAQ Stock Market,USD,United States,,World Large Blend Equity,International Equities - Unhedged,IEQStock
0.03713057459709319,ALPHABET INC CLASS C,Growth,International Shares,Global Shares,Global Shares,Communication Services - 50,NASDAQ Stock Market,USD,United States,,World Large Blend Equity,International Equities - Unhedged,IEQStock
0.11892919531864601,TESLA INC,Growth,International Shares,Global Shares,Global Shares,Consumer Discretionary - 25,NASDAQ Stock Market,USD,United States,,World Large Blend Equity,International Equities - Unhedged,IEQStock
0.045153995480602976,BROADCOM INC,Growth,International Shares,Global Shares,Global Shares,Information Technology - 45,NASDAQ Stock Market,USD,United States,,World Large Blend Equity,International Equities - Unhedged,IEQStock
0.008872688093433046,ADOBE INC,Growth,International Shares,Global Shares,Global Shares,Information Technology - 45,NASDAQ Stock Market,USD,United States,,World Large Blend Equity,International Equities - Unhedged,IEQStock
0.02091727344862075,COSTCO WHOLESALE CORP,Growth,International Shares,Global Shares,Global Shares,Consumer Staples - 30,NASDAQ Stock Market,USD,United States,,World Large Blend Equity,International Equities - Unhedged,IEQStock
0.005546970626828855,PEPSICO INC,Growth,International Shares,Global Shares,Global Shares,Consumer Staples - 30,NASDAQ Stock Market,USD,United States,,World Large Blend Equity,International Equities - Unhedged,IEQStock
0.004101256375044212,CISCO SYSTEMS INC,Growth,International Shares,Global Shares,Global Shares,Information Technology - 45,NASDAQ Stock Market,USD,United States,,World Large Blend Equity,International Equities - Unhedged,IEQStock
0.009524104165107128,NETFLIX INC,Growth,International Shares,Global Shares,Global Shares,Communication Services - 50,NASDAQ Stock Market,USD,United States,,World Large Blend Equity,International Equities - Unhedged,IEQStock
0.009112981186256254,LINDE PLC,Growth,International Shares,Global Shares,Global Shares,Materials - 15,NASDAQ Stock Market,USD,United States,,World Large Blend Equity,International Equities - Unhedged,IEQStock
0.029294823108567115,ADVANCED MICRO DEVICES INC,Growth,International Shares,Global Shares,Global Shares,Information Technology - 45,NASDAQ Stock Market,USD,United States,,World Large Blend Equity,International Equities - Unhedged,IEQStock
0.0035901404091121833,COMCAST CORP CLASS A,Growth,International Shares,Global Shares,Global Shares,Communication Services - 50,NASDAQ Stock Market,USD,United States,,World Large Blend Equity,International Equities - Unhedged,IEQStock
0.0014878343235705676,INTEL CORPORATION CORP,Growth,International Shares,Global Shares,Global Shares,Information Technology - 45,NASDAQ Stock Market,USD,United States,,World Large Blend Equity,International Equities - Unhedged,IEQStock
0.004289874310313828,AMGEN INC,Growth,International Shares,Global Shares,Global Shares,Health Care - 35,NASDAQ Stock Market,USD,United States,,World Large Blend Equity,International Equities - Unhedged,IEQStock
0.008284233466051512,INTUIT INC,Growth,International Shares,Global Shares,Global Shares,Information Technology - 45,NASDAQ Stock Market,USD,United States,,World Large Blend Equity,International Equities - Unhedged,IEQStock
0.0070964815320955135,QUALCOMM INC,Growth,International Shares,Global Shares,Global Shares,Information Technology - 45,NASDAQ Stock Market,USD,United States,,World Large Blend Equity,International Equities - Unhedged,IEQStock
0.005197449369056488,TEXAS INSTRUMENT INC,Growth,International Shares,Global Shares,Global Shares,Information Technology - 45,NASDAQ Stock Market,USD,United States,,World Large Blend Equity,International Equities - Unhedged,IEQStock
0.003268371740284944,HONEYWELL INTERNATIONAL INC,Growth,International Shares,Global Shares,Global Shares,Industrials - 20,NASDAQ Stock Market,USD,United States,,World Large Blend Equity,International Equities - Unhedged,IEQStock
0.011291176040532775,APPLIED MATERIAL INC,Growth,International Shares,Global Shares,Global Shares,Information Technology - 45,NASDAQ Stock Market,USD,United States,,World Large Blend Equity,International Equities - Unhedged,IEQStock
0.0026060138489259832,STARBUCKS CORP,Growth,International Shares,Global Shares,Global Shares,Consumer Discretionary - 25,NASDAQ Stock Market,USD,United States,,World Large Blend Equity,International Equities - Unhedged,IEQStock
0.005181456079899291,BOOKING HOLDINGS INC,Growth,International Shares,Global Shares,Global Shares,Consumer Discretionary - 25,NASDAQ Stock Market,USD,United States,,World Large Blend Equity,International Equities - Unhedged,IEQStock
0.0023488186373644944,GILEAD SCIENCES INC,Growth,International Shares,Global Shares,Global Shares,Health Care - 35,NASDAQ Stock Market,USD,United States,,World Large Blend Equity,International Equities - Unhedged,IEQStock
0.00582329388805936,INTUITIVE SURGICAL INC,Growth,International Shares,Global Shares,Global Shares,Health Care - 35,NASDAQ Stock Market,USD,United States,,World Large Blend Equity,International Equities - Unhedged,IEQStock
0.004933969284904568,VERTEX PHARMACEUTICALS INC,Growth,International Shares,Global Shares,Global Shares,Health Care - 35,NASDAQ Stock Market,USD,United States,,World Large Blend Equity,International Equities - Unhedged,IEQStock
0.0027208891796529026,MONDELEZ INTERNATIONAL INC CLASS A,Growth,International Shares,Global Shares,Global Shares,Consumer Staples - 30,NASDAQ Stock Market,USD,United States,,World Large Blend Equity,International Equities - Unhedged,IEQStock
0.003368172402272385,AUTOMATIC DATA PROCESSING INC,Growth,International Shares,Global Shares,Global Shares,Industrials - 20,NASDAQ Stock Market,USD,United States,,World Large Blend Equity,International Equities - Unhedged,IEQStock
0.0034265809227391137,REGENERON PHARMACEUTICALS INC,Growth,International Shares,Global Shares,Global Shares,Health Care - 35,NASDAQ Stock Market,USD,United States,,World Large Blend Equity,International Equities - Unhedged,IEQStock
0.008683991600954536,LAM RESEARCH CORP,Growth,International Shares,Global Shares,Global Shares,Information Technology - 45,NASDAQ Stock Market,USD,United States,,World Large Blend Equity,International Equities - Unhedged,IEQStock
0.003803660856544879,ANALOG DEVICES INC,Growth,International Shares,Global Shares,Global Shares,Information Technology - 45,NASDAQ Stock Market,USD,United States,,World Large Blend Equity,International Equities - Unhedged,IEQStock
0.004595446868291365,MICRON TECHNOLOGY INC,Growth,International Shares,Global Shares,Global Shares,Information Technology - 45,NASDAQ Stock Market,USD,United States,,World Large Blend Equity,International Equities - Unhedged,IEQStock
0.0015035544038364994,CME GROUP INC CLASS A,Growth,International Shares,Global Shares,Global Shares,Financials - 40,NASDAQ Stock Market,USD,United States,,World Large Blend Equity,International Equities - Unhedged,IEQStock
0.004748539094626428,T MOBILE US INC,Growth,International Shares,Global Shares,Global Shares,Communication Services - 50,NASDAQ Stock Market,USD,United States,,World Large Blend Equity,International Equities - Unhedged,IEQStock
0.007369651225465918,SYNOPSYS INC,Growth,International Shares,Global Shares,Global Shares,Information Technology - 45,NASDAQ Stock Market,USD,United States,,World Large Blend Equity,International Equities - Unhedged,IEQStock
0.008032939055819489,PALO ALTO NETWORKS INC,Growth,International Shares,Global Shares,Global Shares,Information Technology - 45,NASDAQ Stock Market,USD,United States,,World Large Blend Equity,International Equities - Unhedged,IEQStock
0.0031134214580529652,EQUINIX REIT INC,Growth,International Shares,Global Shares,Global Shares,Real Estate - 60,NASDAQ Stock Market,USD,United States,,World Large Blend Equity,International Equities - Unhedged,IEQStock
0.0072723587711196495,CADENCE DESIGN SYSTEMS INC,Growth,International Shares,Global Shares,Global Shares,Information Technology - 45,NASDAQ Stock Market,USD,United States,,World Large Blend Equity,International Equities - Unhedged,IEQStock
0.008998858515954349,KLA CORP,Growth,International Shares,Global Shares,Global Shares,Information Technology - 45,NASDAQ Stock Market,USD,United States,,World Large Blend Equity,International Equities - Unhedged,IEQStock
0.0017567980133186183,CSX CORP,Growth,International Shares,Global Shares,Global Shares,Industrials - 20,NASDAQ Stock Market,USD,United States,,World Large Blend Equity,International Equities - Unhedged,IEQStock
0.0010199301294860107,PAYPAL HOLDINGS INC,Growth,International Shares,Global Shares,Global Shares,Financials - 40,NASDAQ Stock Market,USD,United States,,World Large Blend Equity,International Equities - Unhedged,IEQStock
0.002982819780107634,OREILLY AUTOMOTIVE INC,Growth,International Shares,Global Shares,Global Shares,Consumer Discretionary - 25,NASDAQ Stock Market,USD,United States,,World Large Blend Equity,International Equities - Unhedged,IEQStock
0.0017773326866103755,ROPER TECHNOLOGIES INC,Growth,International Shares,Global Shares,Global Shares,Information Technology - 45,NASDAQ Stock Market,USD,United States,,World Large Blend Equity,International Equities - Unhedged,IEQStock
0.0015407127271560978,AIRBNB INC CLASS A,Growth,International Shares,Global Shares,Global Shares,Consumer Discretionary - 25,NASDAQ Stock Market,USD,United States,,World Large Blend Equity,International Equities - Unhedged,IEQStock
0.0021333280603795532,MARRIOTT INTERNATIONAL INC CLASS A,Growth,International Shares,Global Shares,Global Shares,Consumer Discretionary - 25,NASDAQ Stock Market,USD,United States,,World Large Blend Equity,International Equities - Unhedged,IEQStock
0.00285021811384088,NXP SEMICONDUCTORS NV,Growth,International Shares,Global Shares,Global Shares,Information Technology - 45,NASDAQ Stock Market,USD,United States,,World Large Blend Equity,International Equities - Unhedged,IEQStock
0.0021819024748640165,LULULEMON ATHLETICA INC,Growth,International Shares,Global Shares,Global Shares,Consumer Discretionary - 25,NASDAQ Stock Market,USD,United States,,World Large Blend Equity,International Equities - Unhedged,IEQStock
0.004053166485107968,CINTAS CORP,Growth,International Shares,Global Shares,Global Shares,Industrials - 20,NASDAQ Stock Market,USD,United States,,World Large Blend Equity,International Equities - Unhedged,IEQStock
0.0015619748561523066,PACCAR INC,Growth,International Shares,Global Shares,Global Shares,Industrials - 20,NASDAQ Stock Market,USD,United States,,World Large Blend Equity,International Equities - Unhedged,IEQStock
0.0018250452992425751,AUTODESK INC,Growth,International Shares,Global Shares,Global Shares,Information Technology - 45,NASDAQ Stock Market,USD,United States,,World Large Blend Equity,International Equities - Unhedged,IEQStock
0.000731414348853331,CHARTER COMMUNICATIONS INC CLASS A,Growth,International Shares,Global Shares,Global Shares,Communication Services - 50,NASDAQ Stock Market,USD,United States,,World Large Blend Equity,International Equities - Unhedged,IEQStock
0.001175304804559357,ROSS STORES INC,Growth,International Shares,Global Shares,Global Shares,Consumer Discretionary - 25,NASDAQ Stock Market,USD,United States,,World Large Blend Equity,International Equities - Unhedged,IEQStock
0.0014980265948390835,MONSTER BEVERAGE CORP,Growth,International Shares,Global Shares,Global Shares,Consumer Staples - 30,NASDAQ Stock Market,USD,United States,,World Large Blend Equity,International Equities - Unhedged,IEQStock
0.0015576603194424566,MICROCHIP TECHNOLOGY INC,Growth,International Shares,Global Shares,Global Shares,Information Technology - 45,NASDAQ Stock Market,USD,United States,,World Large Blend Equity,International Equities - Unhedged,IEQStock
0.0009246329649403134,AMERICAN ELECTRIC POWER INC,Growth,International Shares,Global Shares,Global Shares,Utilities - 55,NASDAQ Stock Market,USD,United States,,World Large Blend Equity,International Equities - Unhedged,IEQStock
0.0006853314860862326,COPART INC,Growth,International Shares,Global Shares,Global Shares,Industrials - 20,NASDAQ Stock Market,USD,United States,,World Large Blend Equity,International Equities - Unhedged,IEQStock
0.0006998275814845439,EXELON CORP,Growth,International Shares,Global Shares,Global Shares,Utilities - 55,NASDAQ Stock Market,USD,United States,,World Large Blend Equity,International Equities - Unhedged,IEQStock
0.004377664366684686,CONSTELLATION ENERGY CORP,Growth,International Shares,Global Shares,Global Shares,Utilities - 55,NASDAQ Stock Market,USD,United States,,World Large Blend Equity,International Equities - Unhedged,IEQStock
0.0017965651953108913,DEXCOM INC,Growth,International Shares,Global Shares,Global Shares,Health Care - 35,NASDAQ Stock Market,USD,United States,,World Large Blend Equity,International Equities - Unhedged,IEQStock
0.0013605705495656104,PAYCHEX INC,Growth,International Shares,Global Shares,Global Shares,Industrials - 20,NASDAQ Stock Market,USD,United States,,World Large Blend Equity,International Equities - Unhedged,IEQStock
0.00033107792878314093,BIOGEN INC,Growth,International Shares,Global Shares,Global Shares,Health Care - 35,NASDAQ Stock Market,USD,United States,,World Large Blend Equity,International Equities - Unhedged,IEQStock
0.0018668481923023153,OLD DOMINION FREIGHT LINE INC,Growth,International Shares,Global Shares,Global Shares,Industrials - 20,NASDAQ Stock Market,USD,United States,,World Large Blend Equity,International Equities - Unhedged,IEQStock
0.0015308439292412229,IDEXX LABORATORIES INC,Growth,International Shares,Global Shares,Global Shares,Health Care - 35,NASDAQ Stock Market,USD,United States,,World Large Blend Equity,International Equities - Unhedged,IEQStock
0.0008988623148330305,BAKER HUGHES CLASS A,Growth,International Shares,Global Shares,Global Shares,Energy - 10,NASDAQ Stock Market,USD,United States,,World Large Blend Equity,International Equities - Unhedged,IEQStock
0.0012823090309636168,VERISK ANALYTICS INC,Growth,International Shares,Global Shares,Global Shares,Industrials - 20,NASDAQ Stock Market,USD,United States,,World Large Blend Equity,International Equities - Unhedged,IEQStock
0.0017369396615960198,FASTENAL,Growth,International Shares,Global Shares,Global Shares,Industrials - 20,NASDAQ Stock Market,USD,United States,,World Large Blend Equity,International Equities - Unhedged,IEQStock
0.0006727889989303284,COGNIZANT TECHNOLOGY SOLUTIONS COR,Growth,International Shares,Global Shares,Global Shares,Information Technology - 45,NASDAQ Stock Market,USD,United States,,World Large Blend Equity,International Equities - Unhedged,IEQStock
0.000776415333210623,XCEL ENERGY INC,Growth,International Shares,Global Shares,Global Shares,Utilities - 55,NASDAQ Stock Market,USD,United States,,World Large Blend Equity,International Equities - Unhedged,IEQStock
0.003552703256993964,FORTINET INC,Growth,International Shares,Global Shares,Global Shares,Information Technology - 45,NASDAQ Stock Market,USD,United States,,World Large Blend Equity,International Equities - Unhedged,IEQStock
0.0009729625518925591,ELECTRONIC ARTS INC,Growth,International Shares,Global Shares,Global Shares,Communication Services - 50,NASDAQ Stock Market,USD,United States,,World Large Blend Equity,International Equities - Unhedged,IEQStock
0.0016426875492906014,ARCH CAPITAL GROUP LTD,Growth,International Shares,Global Shares,Global Shares,Financials - 40,NASDAQ Stock Market,USD,United States,,World Large Blend Equity,International Equities - Unhedged,IEQStock
0.001098212880152889,COSTAR GROUP INC,Growth,International Shares,Global Shares,Global Shares,Real Estate - 60,NASDAQ Stock Market,USD,United States,,World Large Blend Equity,International Equities - Unhedged,IEQStock
0.00046454830616207476,KEURIG DR PEPPER INC,Growth,International Shares,Global Shares,Global Shares,Consumer Staples - 30,NASDAQ Stock Market,USD,United States,,World Large Blend Equity,International Equities - Unhedged,IEQStock
0.0021730169338683514,ON SEMICONDUCTOR CORP,Growth,International Shares,Global Shares,Global Shares,Information Technology - 45,NASDAQ Stock Market,USD,United States,,World Large Blend Equity,International Equities - Unhedged,IEQStock
0.000932160118951416,DIAMONDBACK ENERGY INC,Growth,International Shares,Global Shares,Global Shares,Energy - 10,NASDAQ Stock Market,USD,United States,,World Large Blend Equity,International Equities - Unhedged,IEQStock
0.0010342375526495912,CDW CORP,Growth,International Shares,Global Shares,Global Shares,Information Technology - 45,NASDAQ Stock Market,USD,United States,,World Large Blend Equity,International Equities - Unhedged,IEQStock
0.0013476237949231864,GE HEALTHCARE TECHNOLOGIES INC,Growth,International Shares,Global Shares,Global Shares,Health Care - 35,NASDAQ Stock Market,USD,United States,,World Large Blend Equity,International Equities - Unhedged,IEQStock
0.0003956729319717136,KRAFT HEINZ,Growth,International Shares,Global Shares,Global Shares,Consumer Staples - 30,NASDAQ Stock Market,USD,United States,,World Large Blend Equity,International Equities - Unhedged,IEQStock
0.000298706676041078,WARNER BROS. DISCOVERY INC SERIES,Growth,International Shares,Global Shares,Global Shares,Communication Services - 50,NASDAQ Stock Market,USD,United States,,World Large Blend Equity,International Equities - Unhedged,IEQStock
0.0007595785616410453,WILLIS TOWERS WATSON PLC,Growth,International Shares,Global Shares,Global Shares,Financials - 40,NASDAQ Stock Market,USD,United States,,World Large Blend Equity,International Equities - Unhedged,IEQStock
0.0011408668569404237,ANSYS INC,Growth,International Shares,Global Shares,Global Shares,Information Technology - 45,NASDAQ Stock Market,USD,United States,,World Large Blend Equity,International Equities - Unhedged,IEQStock
0.002264863049901092,MODERNA INC,Growth,International Shares,Global Shares,Global Shares,Health Care - 35,NASDAQ Stock Market,USD,United States,,World Large Blend Equity,International Equities - Unhedged,IEQStock
0.0003187191398819952,DOLLAR TREE INC,Growth,International Shares,Global Shares,Global Shares,Consumer Staples - 30,NASDAQ Stock Market,USD,United States,,World Large Blend Equity,International Equities - Unhedged,IEQStock
0.0006312430499385626,SBA COMMUNICATIONS REIT CORP CLASS,Growth,International Shares,Global Shares,Global Shares,Real Estate - 60,NASDAQ Stock Market,USD,United States,,World Large Blend Equity,International Equities - Unhedged,IEQStock
0.0029087818991171397,MONOLITHIC POWER SYSTEMS INC,Growth,International Shares,Global Shares,Global Shares,Information Technology - 45,NASDAQ Stock Market,USD,United States,,World Large Blend Equity,International Equities - Unhedged,IEQStock
0.0007820686682470145,EBAY INC,Growth,International Shares,Global Shares,Global Shares,Consumer Discretionary - 25,NASDAQ Stock Market,USD,United States,,World Large Blend Equity,International Equities - Unhedged,IEQStock
0.000599664891648956,TAKE TWO INTERACTIVE SOFTWARE INC,Growth,International Shares,Global Shares,Global Shares,Communication Services - 50,NASDAQ Stock Market,USD,United States,,World Large Blend Equity,International Equities - Unhedged,IEQStock
0.0003523566033896369,APTIV PLC,Growth,International Shares,Global Shares,Global Shares,Consumer Discretionary - 25,New York Stock Exchange Inc.,USD,United States,,World Large Blend Equity,International Equities - Unhedged,IEQStock
0.00112074716041705,DISCOVER FINANCIAL SERVICES,Growth,International Shares,Global Shares,Global Shares,Financials - 40,New York Stock Exchange Inc.,USD,United States,,World Large Blend Equity,International Equities - Unhedged,IEQStock
0.0005616542893237663,STATE STREET CORP,Growth,International Shares,Global Shares,Global Shares,Financials - 40,New York Stock Exchange Inc.,USD,United States,,World Large Blend Equity,International Equities - Unhedged,IEQStock
0.0006013245194344319,CORNING INC,Growth,International Shares,Global Shares,Global Shares,Information Technology - 45,New York Stock Exchange Inc.,USD,United States,,World Large Blend Equity,International Equities - Unhedged,IEQStock
0.0008362753560627569,BROADRIDGE FINANCIAL SOLUTIONS INC,Growth,International Shares,Global Shares,Global Shares,Industrials - 20,New York Stock Exchange Inc.,USD,United States,,World Large Blend Equity,International Equities - Unhedged,IEQStock
0.00038183617336962175,COTERRA ENERGY INC,Growth,International Shares,Global Shares,Global Shares,Energy - 10,New York Stock Exchange Inc.,USD,United States,,World Large Blend Equity,International Equities - Unhedged,IEQStock
0.0006864461306700285,ENTERGY CORP,Growth,International Shares,Global Shares,Global Shares,Utilities - 55,New York Stock Exchange Inc.,USD,United States,,World Large Blend Equity,International Equities - Unhedged,IEQStock
0.0004247988406473207,AMEREN CORP,Growth,International Shares,Global Shares,Global Shares,Utilities - 55,New York Stock Exchange Inc.,USD,United States,,World Large Blend Equity,International Equities - Unhedged,IEQStock
0.000879193365587185,MOLINA HEALTHCARE INC,Growth,International Shares,Global Shares,Global Shares,Health Care - 35,New York Stock Exchange Inc.,USD,United States,,World Large Blend Equity,International Equities - Unhedged,IEQStock
0.0005631874288299604,HEWLETT PACKARD ENTERPRISE,Growth,International Shares,Global Shares,Global Shares,Information Technology - 45,New York Stock Exchange Inc.,USD,United States,,World Large Blend Equity,International Equities - Unhedged,IEQStock
0.0005191998674860069,M&T BANK CORP,Growth,International Shares,Global Shares,Global Shares,Financials - 40,New York Stock Exchange Inc.,USD,United States,,World Large Blend Equity,International Equities - Unhedged,IEQStock
0.0003220608476690837,EVERSOURCE ENERGY,Growth,International Shares,Global Shares,Global Shares,Utilities - 55,New York Stock Exchange Inc.,USD,United States,,World Large Blend Equity,International Equities - Unhedged,IEQStock
0.001021431022273964,WESTINGHOUSE AIR BRAKE TECHNOLOGIE,Growth,International Shares,Global Shares,Global Shares,Industrials - 20,New York Stock Exchange Inc.,USD,United States,,World Large Blend Equity,International Equities - Unhedged,IEQStock
0.0014336548098677318,NVR INC,Growth,International Shares,Global Shares,Global Shares,Consumer Discretionary - 25,New York Stock Exchange Inc.,USD,United States,,World Large Blend Equity,International Equities - Unhedged,IEQStock
0.0014744546487132355,TARGA RESOURCES CORP,Growth,International Shares,Global Shares,Global Shares,Energy - 10,New York Stock Exchange Inc.,USD,United States,,World Large Blend Equity,International Equities - Unhedged,IEQStock
0.0003655952183215576,PPL CORP,Growth,International Shares,Global Shares,Global Shares,Utilities - 55,New York Stock Exchange Inc.,USD,United States,,World Large Blend Equity,International Equities - Unhedged,IEQStock
0.0003799838240896279,GENUINE PARTS,Growth,International Shares,Global Shares,Global Shares,Consumer Discretionary - 25,New York Stock Exchange Inc.,USD,United States,,World Large Blend Equity,International Equities - Unhedged,IEQStock
0.002454566900060606,HOWMET AEROSPACE INC,Growth,International Shares,Global Shares,Global Shares,Industrials - 20,New York Stock Exchange Inc.,USD,United States,,World Large Blend Equity,International Equities - Unhedged,IEQStock
0.0006336322655959567,RAYMOND JAMES INC,Growth,International Shares,Global Shares,Global Shares,Financials - 40,New York Stock Exchange Inc.,USD,United States,,World Large Blend Equity,International Equities - Unhedged,IEQStock
0.0003543566713979997,FIRSTENERGY CORP,Growth,International Shares,Global Shares,Global Shares,Utilities - 55,New York Stock Exchange Inc.,USD,United States,,World Large Blend Equity,International Equities - Unhedged,IEQStock
0.00033910992309265536,EQUITY RESIDENTIAL REIT,Growth,International Shares,Global Shares,Global Shares,Real Estate - 60,New York Stock Exchange Inc.,USD,United States,,World Large Blend Equity,International Equities - Unhedged,IEQStock
0.0005746527735510452,LABORATORY CORPORATION OF AMERICA,Growth,International Shares,Global Shares,Global Shares,Health Care - 35,New York Stock Exchange Inc.,USD,United States,,World Large Blend Equity,International Equities - Unhedged,IEQStock
0.00023555976728923468,INTERNATIONAL FLAVORS & FRAGRANCES,Growth,International Shares,Global Shares,Global Shares,Materials - 15,New York Stock Exchange Inc.,USD,United States,,World Large Blend Equity,International Equities - Unhedged,IEQStock
0.0008488406110890868,DOVER CORP,Growth,International Shares,Global Shares,Global Shares,Industrials - 20,New York Stock Exchange Inc.,USD,United States,,World Large Blend Equity,International Equities - Unhedged,IEQStock
0.0019024271185098557,PULTEGROUP INC,Growth,International Shares,Global Shares,Global Shares,Consumer Discretionary - 25,New York Stock Exchange Inc.,USD,United States,,World Large Blend Equity,International Equities - Unhedged,IEQStock
0.0004975845805535726,INVITATION HOMES INC,Growth,International Shares,Global Shares,Global Shares,Real Estate - 60,New York Stock Exchange Inc.,USD,United States,,World Large Blend Equity,International Equities - Unhedged,IEQStock
0.0005097378283498323,DARDEN RESTAURANTS INC,Growth,International Shares,Global Shares,Global Shares,Consumer Discretionary - 25,New York Stock Exchange Inc.,USD,United States,,World Large Blend Equity,International Equities - Unhedged,IEQStock
0.0006994600531451785,TELEDYNE TECHNOLOGIES INC,Growth,International Shares,Global Shares,Global Shares,Information Technology - 45,New York Stock Exchange Inc.,USD,United States,,World Large Blend Equity,International Equities - Unhedged,IEQStock
0.00035556105272205145,VENTAS REIT INC,Growth,International Shares,Global Shares,Global Shares,Real Estate - 60,New York Stock Exchange Inc.,USD,United States,,World Large Blend Equity,International Equities - Unhedged,IEQStock
0.0009964545076926326,GARMIN LTD,Growth,International Shares,Global Shares,Global Shares,Consumer Discretionary - 25,New York Stock Exchange Inc.,USD,United States,,World Large Blend Equity,International Equities - Unhedged,IEQStock
0.0001725333374891376,BAXTER INTERNATIONAL INC,Growth,International Shares,Global Shares,Global Shares,Health Care - 35,New York Stock Exchange Inc.,USD,United States,,World Large Blend Equity,International Equities - Unhedged,IEQStock
0.0008293498381613121,TYLER TECHNOLOGIES INC,Growth,International Shares,Global Shares,Global Shares,Information Technology - 45,New York Stock Exchange Inc.,USD,United States,,World Large Blend Equity,International Equities - Unhedged,IEQStock
0.0012143913578977655,IRON MOUNTAIN INC,Growth,International Shares,Global Shares,Global Shares,Real Estate - 60,New York Stock Exchange Inc.,USD,United States,,World Large Blend Equity,International Equities - Unhedged,IEQStock
0.0005647246320482003,FLEETCOR TECHNOLOGIES INC,Growth,International Shares,Global Shares,Global Shares,Financials - 40,New York Stock Exchange Inc.,USD,United States,,World Large Blend Equity,International Equities - Unhedged,IEQStock
0.00033274785307981224,CENTERPOINT ENERGY INC,Growth,International Shares,Global Shares,Global Shares,Utilities - 55,New York Stock Exchange Inc.,USD,United States,,World Large Blend Equity,International Equities - Unhedged,IEQStock
0.0005773433136152497,FACTSET RESEARCH SYSTEMS INC,Growth,International Shares,Global Shares,Global Shares,Financials - 40,New York Stock Exchange Inc.,USD,United States,,World Large Blend Equity,International Equities - Unhedged,IEQStock
0.0003553085717493342,JACOBS SOLUTIONS INC,Growth,International Shares,Global Shares,Global Shares,Industrials - 20,New York Stock Exchange Inc.,USD,United States,,World Large Blend Equity,International Equities - Unhedged,IEQStock
0.0009662092485254446,BROWN & BROWN INC,Growth,International Shares,Global Shares,Global Shares,Financials - 40,New York Stock Exchange Inc.,USD,United States,,World Large Blend Equity,International Equities - Unhedged,IEQStock
0.0004155516681661614,EVEREST GROUP LTD,Growth,International Shares,Global Shares,Global Shares,Financials - 40,New York Stock Exchange Inc.,USD,United States,,World Large Blend Equity,International Equities - Unhedged,IEQStock
0.0002617601553172704,CLOROX,Growth,International Shares,Global Shares,Global Shares,Consumer Staples - 30,New York Stock Exchange Inc.,USD,United States,,World Large Blend Equity,International Equities - Unhedged,IEQStock
0.0005559363130910103,EXPEDITORS INTERNATIONAL OF WASHIN,Growth,International Shares,Global Shares,Global Shares,Industrials - 20,New York Stock Exchange Inc.,USD,United States,,World Large Blend Equity,International Equities - Unhedged,IEQStock
0.0003809072558129345,ATMOS ENERGY CORP,Growth,International Shares,Global Shares,Global Shares,Utilities - 55,New York Stock Exchange Inc.,USD,United States,,World Large Blend Equity,International Equities - Unhedged,IEQStock
0.00014299389054202278,MCCORMICK & CO NON-VOTING INC,Growth,International Shares,Global Shares,Global Shares,Consumer Staples - 30,New York Stock Exchange Inc.,USD,United States,,World Large Blend Equity,International Equities - Unhedged,IEQStock
0.0003567837407678966,CMS ENERGY CORP,Growth,International Shares,Global Shares,Global Shares,Utilities - 55,New York Stock Exchange Inc.,USD,United States,,World Large Blend Equity,International Equities - Unhedged,IEQStock
0.0003168769932750756,LAS VEGAS SANDS CORP,Growth,International Shares,Global Shares,Global Shares,Consumer Discretionary - 25,New York Stock Exchange Inc.,USD,United States,,World Large Blend Equity,International Equities - Unhedged,IEQStock
0.0003279231421429477,BALL CORP,Growth,International Shares,Global Shares,Global Shares,Materials - 15,New York Stock Exchange Inc.,USD,United States,,World Large Blend Equity,International Equities - Unhedged,IEQStock
0.0004001003260641591,BUNGE GLOBAL SA,Growth,International Shares,Global Shares,Global Shares,Consumer Staples - 30,New York Stock Exchange Inc.,USD,United States,,World Large Blend Equity,International Equities - Unhedged,IEQStock
0.0003079137249919305,ALEXANDRIA REAL ESTATE EQUITIES RE,Growth,International Shares,Global Shares,Global Shares,Real Estate - 60,New York Stock Exchange Inc.,USD,United States,,World Large Blend Equity,International Equities - Unhedged,IEQStock
0.0005448240045482554,WATERS CORP,Growth,International Shares,Global Shares,Global Shares,Health Care - 35,New York Stock Exchange Inc.,USD,United States,,World Large Blend Equity,International Equities - Unhedged,IEQStock
0.0004124381311239533,VERALTO CORP,Growth,International Shares,Global Shares,Global Shares,Industrials - 20,New York Stock Exchange Inc.,USD,United States,,World Large Blend Equity,International Equities - Unhedged,IEQStock
0.00044499315772885426,TEXTRON INC,Growth,International Shares,Global Shares,Global Shares,Industrials - 20,New York Stock Exchange Inc.,USD,United States,,World Large Blend Equity,International Equities - Unhedged,IEQStock
0.00035093421058979025,OMNICOM GROUP INC,Growth,International Shares,Global Shares,Global Shares,Communication Services - 50,New York Stock Exchange Inc.,USD,United States,,World Large Blend Equity,International Equities - Unhedged,IEQStock
0.00048094330798512585,CF INDUSTRIES HOLDINGS INC,Growth,International Shares,Global Shares,Global Shares,Materials - 15,New York Stock Exchange Inc.,USD,United States,,World Large Blend Equity,International Equities - Unhedged,IEQStock
0.00109392433613798,HUBBELL INC,Growth,International Shares,Global Shares,Global Shares,Industrials - 20,New York Stock Exchange Inc.,USD,United States,,World Large Blend Equity,International Equities - Unhedged,IEQStock
0.00047317225787383497,QUEST DIAGNOSTICS INC,Growth,International Shares,Global Shares,Global Shares,Health Care - 35,New York Stock Exchange Inc.,USD,United States,,World Large Blend Equity,International Equities - Unhedged,IEQStock
0.000432611440664076,IDEX CORP,Growth,International Shares,Global Shares,Global Shares,Industrials - 20,New York Stock Exchange Inc.,USD,United States,,World Large Blend Equity,International Equities - Unhedged,IEQStock
0.0005674910119374422,REGIONS FINANCIAL CORP,Growth,International Shares,Global Shares,Global Shares,Financials - 40,New York Stock Exchange Inc.,USD,United States,,World Large Blend Equity,International Equities - Unhedged,IEQStock
0.00031278996750614335,ALBEMARLE CORP,Growth,International Shares,Global Shares,Global Shares,Materials - 15,New York Stock Exchange Inc.,USD,United States,,World Large Blend Equity,International Equities - Unhedged,IEQStock
0.0005864922493131791,AVERY DENNISON CORP,Growth,International Shares,Global Shares,Global Shares,Materials - 15,New York Stock Exchange Inc.,USD,United States,,World Large Blend Equity,International Equities - Unhedged,IEQStock
0.0004138224924497715,EPAM SYSTEMS INC,Growth,International Shares,Global Shares,Global Shares,Information Technology - 45,New York Stock Exchange Inc.,USD,United States,,World Large Blend Equity,International Equities - Unhedged,IEQStock
0.0005782245891025407,SNAP ON INC,Growth,International Shares,Global Shares,Global Shares,Industrials - 20,New York Stock Exchange Inc.,USD,United States,,World Large Blend Equity,International Equities - Unhedged,IEQStock
0.0008841111560282229,LEIDOS HOLDINGS INC,Growth,International Shares,Global Shares,Global Shares,Industrials - 20,New York Stock Exchange Inc.,USD,United States,,World Large Blend Equity,International Equities - Unhedged,IEQStock
0.000698064751953256,PACKAGING CORP OF AMERICA,Growth,International Shares,Global Shares,Global Shares,Materials - 15,New York Stock Exchange Inc.,USD,United States,,World Large Blend Equity,International Equities - Unhedged,IEQStock
0.0001674264385055879,SOUTHWEST AIRLINES,Growth,International Shares,Global Shares,Global Shares,Industrials - 20,New York Stock Exchange Inc.,USD,United States,,World Large Blend Equity,International Equities - Unhedged,IEQStock
0.0004024658004811558,MID AMERICA APARTMENT COMMUNITIES,Growth,International Shares,Global Shares,Global Shares,Real Estate - 60,New York Stock Exchange Inc.,USD,United States,,World Large Blend Equity,International Equities - Unhedged,IEQStock
0.0007138193206135417,WR BERKLEY CORP,Growth,International Shares,Global Shares,Global Shares,Financials - 40,New York Stock Exchange Inc.,USD,United States,,World Large Blend Equity,International Equities - Unhedged,IEQStock
0.0002687672594733864,LAMB WESTON HOLDINGS INC,Growth,International Shares,Global Shares,Global Shares,Consumer Staples - 30,New York Stock Exchange Inc.,USD,United States,,World Large Blend Equity,International Equities - Unhedged,IEQStock
0.0002945909937888857,ESSEX PROPERTY TRUST REIT INC,Growth,International Shares,Global Shares,Global Shares,Real Estate - 60,New York Stock Exchange Inc.,USD,United States,,World Large Blend Equity,International Equities - Unhedged,IEQStock
0.00036000290341847236,KELLANOVA,Growth,International Shares,Global Shares,Global Shares,Consumer Staples - 30,New York Stock Exchange Inc.,USD,United States,,World Large Blend Equity,International Equities - Unhedged,IEQStock
0.0002792125401102728,TYSON FOODS INC CLASS A,Growth,International Shares,Global Shares,Global Shares,Consumer Staples - 30,New York Stock Exchange Inc.,USD,United States,,World Large Blend Equity,International Equities - Unhedged,IEQStock
0.0002533413228838184,AMCOR PLC,Growth,International Shares,Global Shares,Global Shares,Materials - 15,New York Stock Exchange Inc.,USD,United States,,World Large Blend Equity,International Equities - Unhedged,IEQStock
0.000197522265860669,STANLEY BLACK & DECKER INC,Growth,International Shares,Global Shares,Global Shares,Industrials - 20,New York Stock Exchange Inc.,USD,United States,,World Large Blend Equity,International Equities - Unhedged,IEQStock
0.00025858969435915127,CONAGRA BRANDS INC,Growth,International Shares,Global Shares,Global Shares,Consumer Staples - 30,New York Stock Exchange Inc.,USD,United States,,World Large Blend Equity,International Equities - Unhedged,IEQStock
0.0004245620769215907,DOMINOS PIZZA INC,Growth,International Shares,Global Shares,Global Shares,Consumer Discretionary - 25,New York Stock Exchange Inc.,USD,United States,,World Large Blend Equity,International Equities - Unhedged,IEQStock
0.00043452746130403586,BEST BUY CO INC,Growth,International Shares,Global Shares,Global Shares,Consumer Discretionary - 25,New York Stock Exchange Inc.,USD,United States,,World Large Blend Equity,International Equities - Unhedged,IEQStock
0.00011356079800225182,CARNIVAL CORP,Growth,International Shares,Global Shares,Global Shares,Consumer Discretionary - 25,New York Stock Exchange Inc.,USD,United States,,World Large Blend Equity,International Equities - Unhedged,IEQStock
0.0006954668520230568,MASCO CORP,Growth,International Shares,Global Shares,Global Shares,Industrials - 20,New York Stock Exchange Inc.,USD,United States,,World Large Blend Equity,International Equities - Unhedged,IEQStock
0.0005981242738606422,SYNCHRONY FINANCIAL,Growth,International Shares,Global Shares,Global Shares,Financials - 40,New York Stock Exchange Inc.,USD,United States,,World Large Blend Equity,International Equities - Unhedged,IEQStock
0.00045395512114639747,LIVE NATION ENTERTAINMENT INC,Growth,International Shares,Global Shares,Global Shares,Communication Services - 50,New York Stock Exchange Inc.,USD,United States,,World Large Blend Equity,International Equities - Unhedged,IEQStock
0.00036053391920264544,CITIZENS FINANCIAL GROUP INC,Growth,International Shares,Global Shares,Global Shares,Financials - 40,New York Stock Exchange Inc.,USD,United States,,World Large Blend Equity,International Equities - Unhedged,IEQStock
0.00033106923479082694,LOEWS CORP,Growth,International Shares,Global Shares,Global Shares,Financials - 40,New York Stock Exchange Inc.,CAD,Canada,,World Large Blend Equity,International Equities - Unhedged,IEQStock
0.00027684426803062227,INTERNATIONAL PAPER,Growth,International Shares,Global Shares,Global Shares,Materials - 15,New York Stock Exchange Inc.,USD,United States,,World Large Blend Equity,International Equities - Unhedged,IEQStock
0.00023173033282764934,JM SMUCKER,Growth,International Shares,Global Shares,Global Shares,Consumer Staples - 30,New York Stock Exchange Inc.,USD,United States,,World Large Blend Equity,International Equities - Unhedged,IEQStock
0.00035630511250136024,CELANESE CORP,Growth,International Shares,Global Shares,Global Shares,Materials - 15,New York Stock Exchange Inc.,USD,United States,,World Large Blend Equity,International Equities - Unhedged,IEQStock
0.0003103831394766346,KIMCO REALTY REIT CORP,Growth,International Shares,Global Shares,Global Shares,Real Estate - 60,New York Stock Exchange Inc.,USD,United States,,World Large Blend Equity,International Equities - Unhedged,IEQStock
0.00027199569731215607,INTERPUBLIC GROUP OF COMPANIES INC,Growth,International Shares,Global Shares,Global Shares,Communication Services - 50,New York Stock Exchange Inc.,USD,United States,,World Large Blend Equity,International Equities - Unhedged,IEQStock
0.00018511610706832337,MOLSON COORS BREWING CLASS B,Growth,International Shares,Global Shares,Global Shares,Consumer Staples - 30,New York Stock Exchange Inc.,USD,United States,,World Large Blend Equity,International Equities - Unhedged,IEQStock
0.0002176538253048575,AES CORP,Growth,International Shares,Global Shares,Global Shares,Utilities - 55,New York Stock Exchange Inc.,USD,United States,,World Large Blend Equity,International Equities - Unhedged,IEQStock
0.00019085956829203088,BROWN FORMAN CORP CLASS B,Growth,International Shares,Global Shares,Global Shares,Consumer Staples - 30,New York Stock Exchange Inc.,USD,United States,,World Large Blend Equity,International Equities - Unhedged,IEQStock
0.0002900656347901532,MGM RESORTS INTERNATIONAL,Growth,International Shares,Global Shares,Global Shares,Consumer Discretionary - 25,New York Stock Exchange Inc.,USD,United States,,World Large Blend Equity,International Equities - Unhedged,IEQStock
0.0003751682438027721,ROLLINS INC,Growth,International Shares,Global Shares,Global Shares,Industrials - 20,New York Stock Exchange Inc.,USD,United States,,World Large Blend Equity,International Equities - Unhedged,IEQStock
0.0001757747218119377,MOSAIC,Growth,International Shares,Global Shares,Global Shares,Materials - 15,New York Stock Exchange Inc.,USD,United States,,World Large Blend Equity,International Equities - Unhedged,IEQStock
0.00028814131740732986,REVVITY INC,Growth,International Shares,Global Shares,Global Shares,Health Care - 35,New York Stock Exchange Inc.,USD,United States,,World Large Blend Equity,International Equities - Unhedged,IEQStock
0.00022275558574002947,KEYCORP,Growth,International Shares,Global Shares,Global Shares,Financials - 40,New York Stock Exchange Inc.,USD,United States,,World Large Blend Equity,International Equities - Unhedged,IEQStock
0.00043569962576725144,NRG ENERGY INC,Growth,International Shares,Global Shares,Global Shares,Utilities - 55,New York Stock Exchange Inc.,USD,United States,,World Large Blend Equity,International Equities - Unhedged,IEQStock
0.00026471883178174054,NISOURCE INC,Growth,International Shares,Global Shares,Global Shares,Utilities - 55,New York Stock Exchange Inc.,USD,United States,,World Large Blend Equity,International Equities - Unhedged,IEQStock
0.0003926206566165121,CERIDIAN HCM HOLDING INC,Growth,International Shares,Global Shares,Global Shares,Industrials - 20,New York Stock Exchange Inc.,USD,United States,,World Large Blend Equity,International Equities - Unhedged,IEQStock
0.0002202202432083677,CARMAX INC,Growth,International Shares,Global Shares,Global Shares,Consumer Discretionary - 25,New York Stock Exchange Inc.,USD,United States,,World Large Blend Equity,International Equities - Unhedged,IEQStock
0.0005007411483512347,PENTAIR,Growth,International Shares,Global Shares,Global Shares,Industrials - 20,New York Stock Exchange Inc.,USD,United States,,World Large Blend Equity,International Equities - Unhedged,IEQStock
0.0002704418877368453,GLOBE LIFE INC,Growth,International Shares,Global Shares,Global Shares,Financials - 40,New York Stock Exchange Inc.,USD,United States,,World Large Blend Equity,International Equities - Unhedged,IEQStock
0.00020323991145014805,UDR REIT INC,Growth,International Shares,Global Shares,Global Shares,Real Estate - 60,New York Stock Exchange Inc.,USD,United States,,World Large Blend Equity,International Equities - Unhedged,IEQStock
0.00014846091225414072,TELEFLEX INC,Growth,International Shares,Global Shares,Global Shares,Health Care - 35,New York Stock Exchange Inc.,USD,United States,,World Large Blend Equity,International Equities - Unhedged,IEQStock
0.00026852378359787106,WESTROCK,Growth,International Shares,Global Shares,Global Shares,Materials - 15,New York Stock Exchange Inc.,USD,United States,,World Large Blend Equity,International Equities - Unhedged,IEQStock
9.107715974445231e-05,HORMEL FOODS CORP,Growth,International Shares,Global Shares,Global Shares,Consumer Staples - 30,New York Stock Exchange Inc.,USD,United States,,World Large Blend Equity,International Equities - Unhedged,IEQStock
0.0003011459640844785,CHARLES RIVER LABORATORIES INTERNA,Growth,International Shares,Global Shares,Global Shares,Health Care - 35,New York Stock Exchange Inc.,USD,United States,,World Large Blend Equity,International Equities - Unhedged,IEQStock
0.00018549444719456214,HUNTINGTON INGALLS INDUSTRIES INC,Growth,International Shares,Global Shares,Global Shares,Industrials - 20,New York Stock Exchange Inc.,USD,United States,,World Large Blend Equity,International Equities - Unhedged,IEQStock
0.0002509955971982563,CAMDEN PROPERTY TRUST REIT,Growth,International Shares,Global Shares,Global Shares,Real Estate - 60,New York Stock Exchange Inc.,USD,United States,,World Large Blend Equity,International Equities - Unhedged,IEQStock
0.0002743459413917867,EASTMAN CHEMICAL,Growth,International Shares,Global Shares,Global Shares,Materials - 15,New York Stock Exchange Inc.,USD,United States,,World Large Blend Equity,International Equities - Unhedged,IEQStock
0.00015262059640314387,HEALTHPEAK PROPERTIES INC,Growth,International Shares,Global Shares,Global Shares,Real Estate - 60,New York Stock Exchange Inc.,USD,United States,,World Large Blend Equity,International Equities - Unhedged,IEQStock
0.00033433751411726176,ALLEGION PLC,Growth,International Shares,Global Shares,Global Shares,Industrials - 20,New York Stock Exchange Inc.,USD,United States,,World Large Blend Equity,International Equities - Unhedged,IEQStock
0.0002237869428422838,A O SMITH CORP,Growth,International Shares,Global Shares,Global Shares,Industrials - 20,New York Stock Exchange Inc.,USD,United States,,World Large Blend Equity,International Equities - Unhedged,IEQStock
0.0001839325434430362,JUNIPER NETWORKS INC,Growth,International Shares,Global Shares,Global Shares,Information Technology - 45,New York Stock Exchange Inc.,USD,United States,,World Large Blend Equity,International Equities - Unhedged,IEQStock
0.00027271750336096636,ASSURANT INC,Growth,International Shares,Global Shares,Global Shares,Financials - 40,New York Stock Exchange Inc.,USD,United States,,World Large Blend Equity,International Equities - Unhedged,IEQStock
0.0002172064407893472,PAYCOM SOFTWARE INC,Growth,International Shares,Global Shares,Global Shares,Industrials - 20,New York Stock Exchange Inc.,USD,United States,,World Large Blend Equity,International Equities - Unhedged,IEQStock
0.00013113754746988234,PINNACLE WEST CORP,Growth,International Shares,Global Shares,Global Shares,Utilities - 55,New York Stock Exchange Inc.,USD,United States,,World Large Blend Equity,International Equities - Unhedged,IEQStock
0.00022302657939020154,UNIVERSAL HEALTH SERVICES INC CLAS,Growth,International Shares,Global Shares,Global Shares,Health Care - 35,New York Stock Exchange Inc.,USD,United States,,World Large Blend Equity,International Equities - Unhedged,IEQStock
0.00013661169753900157,BOSTON PROPERTIES REIT INC,Growth,International Shares,Global Shares,Global Shares,Real Estate - 60,New York Stock Exchange Inc.,USD,United States,,World Large Blend Equity,International Equities - Unhedged,IEQStock
0.00015150868660817755,ROBERT HALF,Growth,International Shares,Global Shares,Global Shares,Industrials - 20,New York Stock Exchange Inc.,USD,United States,,World Large Blend Equity,International Equities - Unhedged,IEQStock
0.00018937465018064567,CAMPBELL SOUP,Growth,International Shares,Global Shares,Global Shares,Consumer Staples - 30,New York Stock Exchange Inc.,USD,United States,,World Large Blend Equity,International Equities - Unhedged,IEQStock
0.00012317419482021723,BORGWARNER INC,Growth,International Shares,Global Shares,Global Shares,Consumer Discretionary - 25,New York Stock Exchange Inc.,USD,United States,,World Large Blend Equity,International Equities - Unhedged,IEQStock
0.00021100874716913637,BATH AND BODY WORKS INC,Growth,International Shares,Global Shares,Global Shares,Consumer Discretionary - 25,New York Stock Exchange Inc.,USD,United States,,World Large Blend Equity,International Equities - Unhedged,IEQStock
0.00011947856692154642,FEDERAL REALTY INVESTMENT TRUST RE,Growth,International Shares,Global Shares,Global Shares,Real Estate - 60,New York Stock Exchange Inc.,USD,United States,,World Large Blend Equity,International Equities - Unhedged,IEQStock
8.910211690995519e-05,FRANKLIN RESOURCES INC,Growth,International Shares,Global Shares,Global Shares,Financials - 40,New York Stock Exchange Inc.,USD,United States,,World Large Blend Equity,International Equities - Unhedged,IEQStock
0.0001291742744182252,FMC CORP,Growth,International Shares,Global Shares,Global Shares,Materials - 15,New York Stock Exchange Inc.,USD,United States,,World Large Blend Equity,International Equities - Unhedged,IEQStock
0.00042382416066657775,GENERAC HOLDINGS INC,Growth,International Shares,Global Shares,Global Shares,Industrials - 20,New York Stock Exchange Inc.,USD,United States,,World Large Blend Equity,International Equities - Unhedged,IEQStock
0.00017888961586446042,TAPESTRY INC,Growth,International Shares,Global Shares,Global Shares,Consumer Discretionary - 25,New York Stock Exchange Inc.,USD,United States,,World Large Blend Equity,International Equities - Unhedged,IEQStock
0.00019626233061487667,BIO RAD LABORATORIES INC CLASS A,Growth,International Shares,Global Shares,Global Shares,Health Care - 35,New York Stock Exchange Inc.,USD,United States,,World Large Blend Equity,International Equities - Unhedged,IEQStock
0.00023913557129098549,CATALENT INC,Growth,International Shares,Global Shares,Global Shares,Health Care - 35,New York Stock Exchange Inc.,USD,United States,,World Large Blend Equity,International Equities - Unhedged,IEQStock
0.00012323925875294168,WHIRLPOOL CORP,Growth,International Shares,Global Shares,Global Shares,Consumer Discretionary - 25,New York Stock Exchange Inc.,USD,United States,,World Large Blend Equity,International Equities - Unhedged,IEQStock
0.0001318002725419482,INVESCO LTD,Growth,International Shares,Global Shares,Global Shares,Financials - 40,New York Stock Exchange Inc.,USD,United States,,World Large Blend Equity,International Equities - Unhedged,IEQStock
7.606167058476979e-05,NORWEGIAN CRUISE LINE HOLDINGS LTD,Growth,International Shares,Global Shares,Global Shares,Consumer Discretionary - 25,New York Stock Exchange Inc.,USD,United States,,World Large Blend Equity,International Equities - Unhedged,IEQStock
0.00011801487962405656,COMERICA INC,Growth,International Shares,Global Shares,Global Shares,Financials - 40,New York Stock Exchange Inc.,USD,United States,,World Large Blend Equity,International Equities - Unhedged,IEQStock
1.9555954277229728e-05,VF CORP,Growth,International Shares,Global Shares,Global Shares,Consumer Discretionary - 25,New York Stock Exchange Inc.,USD,United States,,World Large Blend Equity,International Equities - Unhedged,IEQStock
0.00012170695115703783,RALPH LAUREN CORP CLASS A,Growth,International Shares,Global Shares,Global Shares,Consumer Discretionary - 25,New York Stock Exchange Inc.,USD,United States,,World Large Blend Equity,International Equities - Unhedged,IEQStock
7.303555647572918e-05,MOHAWK INDUSTRIES INC,Growth,International Shares,Global Shares,Global Shares,Consumer Discretionary - 25,New York Stock Exchange Inc.,USD,United States,,World Large Blend Equity,International Equities - Unhedged,IEQStock
0.00017284672495472358,DAVITA INC,Growth,International Shares,Global Shares,Global Shares,Health Care - 35,New York Stock Exchange Inc.,USD,United States,,World Large Blend Equity,International Equities - Unhedged,IEQStock
0.00036867573345500127,MELROSE INDUSTRIES PLC,Growth,International Shares,Global Shares,Global Shares,Energy - 10,New York Stock Exchange Inc.,USD,United States,,World Large Blend Equity,International Equities - Unhedged,IEQStock
0.0004922540063989393,EQT,Growth,International Shares,Global Shares,Global Shares,Energy - 10,New York Stock Exchange Inc.,USD,United States,,World Large Blend Equity,International Equities - Unhedged,IEQStock
0.010624515968256256,BERKSHIRE HATHAWAY INC CLASS B,Growth,International Shares,Global Shares,Global Shares,Financials - 40,New York Stock Exchange Inc.,USD,United States,,World Large Blend Equity,International Equities - Unhedged,IEQStock
0.017875184653247552,UNITEDHEALTH GROUP INC,Growth,International Shares,Global Shares,Global Shares,Health Care - 35,New York Stock Exchange Inc.,USD,United States,,World Large Blend Equity,International Equities - Unhedged,IEQStock
0.0565608490116809,ELI LILLY,Growth,International Shares,Global Shares,Global Shares,Health Care - 35,New York Stock Exchange Inc.,USD,United States,,World Large Blend Equity,International Equities - Unhedged,IEQStock
0.011004262794418981,EXXON MOBIL CORP,Growth,International Shares,Global Shares,Global Shares,Energy - 10,New York Stock Exchange Inc.,USD,United States,,World Large Blend Equity,International Equities - Unhedged,IEQStock
0.017933753223836106,JPMORGAN CHASE & CO,Growth,International Shares,Global Shares,Global Shares,Financials - 40,New York Stock Exchange Inc.,USD,United States,,World Large Blend Equity,International Equities - Unhedged,IEQStock
0.014535260053066363,VISA INC CLASS A,Growth,International Shares,Global Shares,Global Shares,Financials - 40,New York Stock Exchange Inc.,USD,United States,,World Large Blend Equity,International Equities - Unhedged,IEQStock
0.0076444046460483915,JOHNSON & JOHNSON,Growth,International Shares,Global Shares,Global Shares,Health Care - 35,New York Stock Exchange Inc.,USD,United States,,World Large Blend Equity,International Equities - Unhedged,IEQStock
0.009946482400962672,PROCTER & GAMBLE,Growth,International Shares,Global Shares,Global Shares,Consumer Staples - 30,New York Stock Exchange Inc.,USD,United States,,World Large Blend Equity,International Equities - Unhedged,IEQStock
0.01465782073189291,MASTERCARD INC CLASS A,Growth,International Shares,Global Shares,Global Shares,Financials - 40,New York Stock Exchange Inc.,USD,United States,,World Large Blend Equity,International Equities - Unhedged,IEQStock
0.012683855360338302,HOME DEPOT INC,Growth,International Shares,Global Shares,Global Shares,Consumer Discretionary - 25,New York Stock Exchange Inc.,USD,United States,,World Large Blend Equity,International Equities - Unhedged,IEQStock
0.006601720881980966,MERCK & CO INC,Growth,International Shares,Global Shares,Global Shares,Health Care - 35,New York Stock Exchange Inc.,USD,United States,,World Large Blend Equity,International Equities - Unhedged,IEQStock
0.0056569183578476095,CHEVRON CORP,Growth,International Shares,Global Shares,Global Shares,Energy - 10,New York Stock Exchange Inc.,USD,United States,,World Large Blend Equity,International Equities - Unhedged,IEQStock
0.009989490035257682,ABBVIE INC,Growth,International Shares,Global Shares,Global Shares,Health Care - 35,New York Stock Exchange Inc.,USD,United States,,World Large Blend Equity,International Equities - Unhedged,IEQStock
0.009402968225699622,WALMART INC,Growth,International Shares,Global Shares,Global Shares,Consumer Staples - 30,New York Stock Exchange Inc.,USD,United States,,World Large Blend Equity,International Equities - Unhedged,IEQStock
0.005089561702671689,COCA-COLA,Growth,International Shares,Global Shares,Global Shares,Consumer Staples - 30,New York Stock Exchange Inc.,USD,United States,,World Large Blend Equity,International Equities - Unhedged,IEQStock
0.008525797958457957,SALESFORCE INC,Growth,International Shares,Global Shares,Global Shares,Information Technology - 45,New York Stock Exchange Inc.,USD,United States,,World Large Blend Equity,International Equities - Unhedged,IEQStock
0.008245324942307269,ACCENTURE PLC CLASS A,Growth,International Shares,Global Shares,Global Shares,Information Technology - 45,New York Stock Exchange Inc.,USD,United States,,World Large Blend Equity,International Equities - Unhedged,IEQStock
0.0055468379020377385,MCDONALDS CORP,Growth,International Shares,Global Shares,Global Shares,Consumer Discretionary - 25,New York Stock Exchange Inc.,USD,United States,,World Large Blend Equity,International Equities - Unhedged,IEQStock
0.006370712777115191,BANK OF AMERICA CORP,Growth,International Shares,Global Shares,Global Shares,Financials - 40,New York Stock Exchange Inc.,USD,United States,,World Large Blend Equity,International Equities - Unhedged,IEQStock
0.00807615154030746,THERMO FISHER SCIENTIFIC INC,Growth,International Shares,Global Shares,Global Shares,Health Care - 35,New York Stock Exchange Inc.,USD,United States,,World Large Blend Equity,International Equities - Unhedged,IEQStock
0.0017323840007230536,PFIZER INC,Growth,International Shares,Global Shares,Global Shares,Health Care - 35,New York Stock Exchange Inc.,USD,United States,,World Large Blend Equity,International Equities - Unhedged,IEQStock
0.009696524867215166,ORACLE CORP,Growth,International Shares,Global Shares,Global Shares,Information Technology - 45,New York Stock Exchange Inc.,USD,United States,,World Large Blend Equity,International Equities - Unhedged,IEQStock
0.004886167535833826,ABBOTT LABORATORIES,Growth,International Shares,Global Shares,Global Shares,Health Care - 35,New York Stock Exchange Inc.,USD,United States,,World Large Blend Equity,International Equities - Unhedged,IEQStock
0.002344273939624061,WALT DISNEY,Growth,International Shares,Global Shares,Global Shares,Communication Services - 50,New York Stock Exchange Inc.,USD,United States,,World Large Blend Equity,International Equities - Unhedged,IEQStock
0.002002361966247751,VERIZON COMMUNICATIONS INC,Growth,International Shares,Global Shares,Global Shares,Communication Services - 50,New York Stock Exchange Inc.,USD,United States,,World Large Blend Equity,International Equities - Unhedged,IEQStock
0.004033399490673412,WELLS FARGO,Growth,International Shares,Global Shares,Global Shares,Financials - 40,New York Stock Exchange Inc.,USD,United States,,World Large Blend Equity,International Equities - Unhedged,IEQStock
0.004678956714076833,PHILIP MORRIS INTERNATIONAL INC,Growth,International Shares,Global Shares,Global Shares,Consumer Staples - 30,New York Stock Exchange Inc.,USD,United States,,World Large Blend Equity,International Equities - Unhedged,IEQStock
0.003989472382095161,CONOCOPHILLIPS,Growth,International Shares,Global Shares,Global Shares,Energy - 10,New York Stock Exchange Inc.,USD,United States,,World Large Blend Equity,International Equities - Unhedged,IEQStock
0.004280996690798669,INTERNATIONAL BUSINESS MACHINES CO,Growth,International Shares,Global Shares,Global Shares,Information Technology - 45,New York Stock Exchange Inc.,USD,United States,,World Large Blend Equity,International Equities - Unhedged,IEQStock
0.0021178407897935706,NIKE INC CLASS B,Growth,International Shares,Global Shares,Global Shares,Consumer Discretionary - 25,New York Stock Exchange Inc.,USD,United States,,World Large Blend Equity,International Equities - Unhedged,IEQStock
0.00665381278906371,DANAHER CORP,Growth,International Shares,Global Shares,Global Shares,Health Care - 35,New York Stock Exchange Inc.,USD,United States,,World Large Blend Equity,International Equities - Unhedged,IEQStock
0.003951946879164143,UNION PACIFIC CORP,Growth,International Shares,Global Shares,Global Shares,Industrials - 20,New York Stock Exchange Inc.,USD,United States,,World Large Blend Equity,International Equities - Unhedged,IEQStock
0.012001139910745487,SERVICENOW INC,Growth,International Shares,Global Shares,Global Shares,Information Technology - 45,New York Stock Exchange Inc.,USD,United States,,World Large Blend Equity,International Equities - Unhedged,IEQStock
0.006294065337168161,S&P GLOBAL INC,Growth,International Shares,Global Shares,Global Shares,Financials - 40,New York Stock Exchange Inc.,USD,United States,,World Large Blend Equity,International Equities - Unhedged,IEQStock
0.010477142943561668,GENERAL ELECTRIC,Growth,International Shares,Global Shares,Global Shares,Industrials - 20,New York Stock Exchange Inc.,USD,United States,,World Large Blend Equity,International Equities - Unhedged,IEQStock
0.004481937499330495,RTX CORP,Growth,International Shares,Global Shares,Global Shares,Industrials - 20,New York Stock Exchange Inc.,USD,United States,,World Large Blend Equity,International Equities - Unhedged,IEQStock
0.006969022109601432,CATERPILLAR INC,Growth,International Shares,Global Shares,Global Shares,Industrials - 20,New York Stock Exchange Inc.,USD,United States,,World Large Blend Equity,International Equities - Unhedged,IEQStock
0.0037128056157227493,NEXTERA ENERGY INC,Growth,International Shares,Global Shares,Global Shares,Utilities - 55,New York Stock Exchange Inc.,USD,United States,,World Large Blend Equity,International Equities - Unhedged,IEQStock
0.005591006454039207,LOWES COMPANIES INC,Growth,International Shares,Global Shares,Global Shares,Consumer Discretionary - 25,New York Stock Exchange Inc.,USD,United States,,World Large Blend Equity,International Equities - Unhedged,IEQStock
0.001774722267385182,BRISTOL MYERS SQUIBB,Growth,International Shares,Global Shares,Global Shares,Health Care - 35,New York Stock Exchange Inc.,USD,United States,,World Large Blend Equity,International Equities - Unhedged,IEQStock
0.0009425474273620331,BOEING,Growth,International Shares,Global Shares,Global Shares,Industrials - 20,New York Stock Exchange Inc.,USD,United States,,World Large Blend Equity,International Equities - Unhedged,IEQStock
0.00275206799424215,ELEVANCE HEALTH INC,Growth,International Shares,Global Shares,Global Shares,Health Care - 35,New York Stock Exchange Inc.,USD,United States,,World Large Blend Equity,International Equities - Unhedged,IEQStock
0.0063102971614367506,GOLDMAN SACHS GROUP INC,Growth,International Shares,Global Shares,Global Shares,Financials - 40,New York Stock Exchange Inc.,USD,United States,,World Large Blend Equity,International Equities - Unhedged,IEQStock
0.004178917429537449,TJX INC,Growth,International Shares,Global Shares,Global Shares,Consumer Discretionary - 25,New York Stock Exchange Inc.,USD,United States,,World Large Blend Equity,International Equities - Unhedged,IEQStock
0.002536014082995857,UNITED PARCEL SERVICE INC CLASS B,Growth,International Shares,Global Shares,Global Shares,Industrials - 20,New York Stock Exchange Inc.,USD,United States,,World Large Blend Equity,International Equities - Unhedged,IEQStock
0.0033170020050694816,LOCKHEED MARTIN CORP,Growth,International Shares,Global Shares,Global Shares,Industrials - 20,New York Stock Exchange Inc.,USD,United States,,World Large Blend Equity,International Equities - Unhedged,IEQStock
0.004659932146159796,DEERE,Growth,International Shares,Global Shares,Global Shares,Industrials - 20,New York Stock Exchange Inc.,USD,United States,,World Large Blend Equity,International Equities - Unhedged,IEQStock
0.0018102912407669282,MEDTRONIC PLC,Growth,International Shares,Global Shares,Global Shares,Health Care - 35,New York Stock Exchange Inc.,USD,United States,,World Large Blend Equity,International Equities - Unhedged,IEQStock
0.005409292378901126,MORGAN STANLEY,Growth,International Shares,Global Shares,Global Shares,Financials - 40,New York Stock Exchange Inc.,USD,United States,,World Large Blend Equity,International Equities - Unhedged,IEQStock
0.003793205649502195,PROLOGIS REIT INC,Growth,International Shares,Global Shares,Global Shares,Real Estate - 60,New York Stock Exchange Inc.,USD,United States,,World Large Blend Equity,International Equities - Unhedged,IEQStock
0.004178293574411263,MARSH & MCLENNAN INC,Growth,International Shares,Global Shares,Global Shares,Financials - 40,New York Stock Exchange Inc.,USD,United States,,World Large Blend Equity,International Equities - Unhedged,IEQStock
0.0036150682525932965,STRYKER CORP,Growth,International Shares,Global Shares,Global Shares,Health Care - 35,New York Stock Exchange Inc.,USD,United States,,World Large Blend Equity,International Equities - Unhedged,IEQStock
0.006334061963629628,PROGRESSIVE CORP,Growth,International Shares,Global Shares,Global Shares,Financials - 40,New York Stock Exchange Inc.,USD,United States,,World Large Blend Equity,International Equities - Unhedged,IEQStock
0.004448764213340831,BLACKROCK INC,Growth,International Shares,Global Shares,Global Shares,Financials - 40,New York Stock Exchange Inc.,USD,United States,,World Large Blend Equity,International Equities - Unhedged,IEQStock
0.001425387740740893,CVS HEALTH CORP,Growth,International Shares,Global Shares,Global Shares,Health Care - 35,New York Stock Exchange Inc.,USD,United States,,World Large Blend Equity,International Equities - Unhedged,IEQStock
0.0031993384054048624,CHUBB LTD,Growth,International Shares,Global Shares,Global Shares,Financials - 40,New York Stock Exchange Inc.,USD,United States,,World Large Blend Equity,International Equities - Unhedged,IEQStock
0.004867095264142168,AMERICAN EXPRESS,Growth,International Shares,Global Shares,Global Shares,Financials - 40,New York Stock Exchange Inc.,USD,United States,,World Large Blend Equity,International Equities - Unhedged,IEQStock
0.0024255862882944152,CIGNA,Growth,International Shares,Global Shares,Global Shares,Health Care - 35,New York Stock Exchange Inc.,USD,United States,,World Large Blend Equity,International Equities - Unhedged,IEQStock
0.002147004053006915,AMERICAN TOWER REIT CORP,Growth,International Shares,Global Shares,Global Shares,Real Estate - 60,New York Stock Exchange Inc.,USD,United States,,World Large Blend Equity,International Equities - Unhedged,IEQStock
0.007373426540446296,EATON PLC,Growth,International Shares,Global Shares,Global Shares,Industrials - 20,New York Stock Exchange Inc.,USD,United States,,World Large Blend Equity,International Equities - Unhedged,IEQStock
0.002712624923364786,CHARLES SCHWAB CORP,Growth,International Shares,Global Shares,Global Shares,Financials - 40,New York Stock Exchange Inc.,USD,United States,,World Large Blend Equity,International Equities - Unhedged,IEQStock
0.0020388904891396977,CITIGROUP INC,Growth,International Shares,Global Shares,Global Shares,Financials - 40,New York Stock Exchange Inc.,USD,United States,,World Large Blend Equity,International Equities - Unhedged,IEQStock
0.0029252639075002668,ZOETIS INC CLASS A,Growth,International Shares,Global Shares,Global Shares,Health Care - 35,New York Stock Exchange Inc.,USD,United States,,World Large Blend Equity,International Equities - Unhedged,IEQStock
0.0031763482208228416,BOSTON SCIENTIFIC CORP,Growth,International Shares,Global Shares,Global Shares,Health Care - 35,New York Stock Exchange Inc.,USD,United States,,World Large Blend Equity,International Equities - Unhedged,IEQStock
0.0012717975922003331,SCHLUMBERGER NV,Growth,International Shares,Global Shares,Global Shares,Energy - 10,New York Stock Exchange Inc.,USD,United States,,World Large Blend Equity,International Equities - Unhedged,IEQStock
0.0026372110340933245,SOUTHERN,Growth,International Shares,Global Shares,Global Shares,Utilities - 55,New York Stock Exchange Inc.,USD,United States,,World Large Blend Equity,International Equities - Unhedged,IEQStock
0.0012167940556155952,BECTON DICKINSON,Growth,International Shares,Global Shares,Global Shares,Health Care - 35,New York Stock Exchange Inc.,USD,United States,,World Large Blend Equity,International Equities - Unhedged,IEQStock
0.003426347863778411,FISERV INC,Growth,International Shares,Global Shares,Global Shares,Financials - 40,New York Stock Exchange Inc.,USD,United States,,World Large Blend Equity,International Equities - Unhedged,IEQStock
0.0012627105199557115,ALTRIA GROUP INC,Growth,International Shares,Global Shares,Global Shares,Consumer Staples - 30,New York Stock Exchange Inc.,USD,United States,,World Large Blend Equity,International Equities - Unhedged,IEQStock
0.0016781566112712223,EOG RESOURCES INC,Growth,International Shares,Global Shares,Global Shares,Energy - 10,New York Stock Exchange Inc.,USD,United States,,World Large Blend Equity,International Equities - Unhedged,IEQStock
0.007876185213905075,BLACKSTONE INC,Growth,International Shares,Global Shares,Global Shares,Financials - 40,New York Stock Exchange Inc.,USD,United States,,World Large Blend Equity,International Equities - Unhedged,IEQStock
0.001614548567258088,DUKE ENERGY CORP,Growth,International Shares,Global Shares,Global Shares,Utilities - 55,New York Stock Exchange Inc.,USD,United States,,World Large Blend Equity,International Equities - Unhedged,IEQStock
0.0022480009990470794,NORTHROP GRUMMAN CORP,Growth,International Shares,Global Shares,Global Shares,Industrials - 20,New York Stock Exchange Inc.,USD,United States,,World Large Blend Equity,International Equities - Unhedged,IEQStock
0.002408525905149313,AON PLC CLASS A,Growth,International Shares,Global Shares,Global Shares,Financials - 40,New York Stock Exchange Inc.,USD,United States,,World Large Blend Equity,International Equities - Unhedged,IEQStock
0.002360478093431644,ILLINOIS TOOL INC,Growth,International Shares,Global Shares,Global Shares,Industrials - 20,New York Stock Exchange Inc.,USD,United States,,World Large Blend Equity,International Equities - Unhedged,IEQStock
0.0024690227635083477,WASTE MANAGEMENT INC,Growth,International Shares,Global Shares,Global Shares,Industrials - 20,New York Stock Exchange Inc.,USD,United States,,World Large Blend Equity,International Equities - Unhedged,IEQStock
0.0017028038415815366,COLGATE-PALMOLIVE,Growth,International Shares,Global Shares,Global Shares,Consumer Staples - 30,New York Stock Exchange Inc.,USD,United States,,World Large Blend Equity,International Equities - Unhedged,IEQStock
0.0023695160519187843,INTERCONTINENTAL EXCHANGE INC,Growth,International Shares,Global Shares,Global Shares,Financials - 40,New York Stock Exchange Inc.,USD,United States,,World Large Blend Equity,International Equities - Unhedged,IEQStock
0.004612898176031597,MCKESSON CORP,Growth,International Shares,Global Shares,Global Shares,Health Care - 35,New York Stock Exchange Inc.,USD,United States,,World Large Blend Equity,International Equities - Unhedged,IEQStock
0.0008016002708518176,HUMANA INC,Growth,International Shares,Global Shares,Global Shares,Health Care - 35,New York Stock Exchange Inc.,USD,United States,,World Large Blend Equity,International Equities - Unhedged,IEQStock
0.0031325824911666617,SHERWIN WILLIAMS,Growth,International Shares,Global Shares,Global Shares,Materials - 15,New York Stock Exchange Inc.,USD,United States,,World Large Blend Equity,International Equities - Unhedged,IEQStock
0.002352431259501285,MARATHON PETROLEUM CORP,Growth,International Shares,Global Shares,Global Shares,Energy - 10,New York Stock Exchange Inc.,USD,United States,,World Large Blend Equity,International Equities - Unhedged,IEQStock
0.006162535985523734,CHIPOTLE MEXICAN GRILL INC,Growth,International Shares,Global Shares,Global Shares,Consumer Discretionary - 25,New York Stock Exchange Inc.,USD,United States,,World Large Blend Equity,International Equities - Unhedged,IEQStock
0.0018514339018789923,AIR PRODUCTS AND CHEMICALS INC,Growth,International Shares,Global Shares,Global Shares,Materials - 15,New York Stock Exchange Inc.,USD,United States,,World Large Blend Equity,International Equities - Unhedged,IEQStock
0.0015119547505980406,FEDEX CORP,Growth,International Shares,Global Shares,Global Shares,Industrials - 20,New York Stock Exchange Inc.,USD,United States,,World Large Blend Equity,International Equities - Unhedged,IEQStock
0.001652139436787425,GENERAL DYNAMICS CORP,Growth,International Shares,Global Shares,Global Shares,Industrials - 20,New York Stock Exchange Inc.,USD,United States,,World Large Blend Equity,International Equities - Unhedged,IEQStock
0.0018650198542981022,PIONEER NATURAL RESOURCE,Growth,International Shares,Global Shares,Global Shares,Energy - 10,New York Stock Exchange Inc.,USD,United States,,World Large Blend Equity,International Equities - Unhedged,IEQStock
0.0011433059021462573,US BANCORP,Growth,International Shares,Global Shares,Global Shares,Financials - 40,New York Stock Exchange Inc.,USD,United States,,World Large Blend Equity,International Equities - Unhedged,IEQStock
0.001750162090845351,ARISTA NETWORKS INC,Growth,International Shares,Global Shares,Global Shares,Information Technology - 45,New York Stock Exchange Inc.,USD,United States,,World Large Blend Equity,International Equities - Unhedged,IEQStock
0.003093917524395694,MOODYS CORP,Growth,International Shares,Global Shares,Global Shares,Financials - 40,New York Stock Exchange Inc.,USD,United States,,World Large Blend Equity,International Equities - Unhedged,IEQStock
0.0029127611448314973,ARTHUR J GALLAGHER,Growth,International Shares,Global Shares,Global Shares,Financials - 40,New York Stock Exchange Inc.,USD,United States,,World Large Blend Equity,International Equities - Unhedged,IEQStock
0.004057053246480831,PARKER-HANNIFIN CORP,Growth,International Shares,Global Shares,Global Shares,Industrials - 20,New York Stock Exchange Inc.,USD,United States,,World Large Blend Equity,International Equities - Unhedged,IEQStock
0.0007684109859525005,3M,Growth,International Shares,Global Shares,Global Shares,Industrials - 20,New York Stock Exchange Inc.,USD,United States,,World Large Blend Equity,International Equities - Unhedged,IEQStock
0.002310909707142023,TARGET CORP,Growth,International Shares,Global Shares,Global Shares,Consumer Staples - 30,New York Stock Exchange Inc.,USD,United States,,World Large Blend Equity,International Equities - Unhedged,IEQStock
0.0032305222452843627,MOTOROLA SOLUTIONS INC,Growth,International Shares,Global Shares,Global Shares,Information Technology - 45,New York Stock Exchange Inc.,USD,United States,,World Large Blend Equity,International Equities - Unhedged,IEQStock
0.0013494203007006374,PHILLIPS,Growth,International Shares,Global Shares,Global Shares,Energy - 10,New York Stock Exchange Inc.,USD,United States,,World Large Blend Equity,International Equities - Unhedged,IEQStock
0.0029470866236494123,AMPHENOL CORP CLASS A,Growth,International Shares,Global Shares,Global Shares,Information Technology - 45,New York Stock Exchange Inc.,USD,United States,,World Large Blend Equity,International Equities - Unhedged,IEQStock
0.0036140357985673874,TRANE TECHNOLOGIES PLC,Growth,International Shares,Global Shares,Global Shares,Industrials - 20,New York Stock Exchange Inc.,USD,United States,,World Large Blend Equity,International Equities - Unhedged,IEQStock
0.004299987285127894,TRANSDIGM GROUP INC,Growth,International Shares,Global Shares,Global Shares,Industrials - 20,New York Stock Exchange Inc.,USD,United States,,World Large Blend Equity,International Equities - Unhedged,IEQStock
0.004248334523937765,FREEPORT MCMORAN INC,Growth,International Shares,Global Shares,Global Shares,Materials - 15,New York Stock Exchange Inc.,USD,United States,,World Large Blend Equity,International Equities - Unhedged,IEQStock
0.0016139531845222996,EMERSON ELECTRIC,Growth,International Shares,Global Shares,Global Shares,Industrials - 20,New York Stock Exchange Inc.,USD,United States,,World Large Blend Equity,International Equities - Unhedged,IEQStock
0.0025118131842235833,AUTOZONE INC,Growth,International Shares,Global Shares,Global Shares,Consumer Discretionary - 25,New York Stock Exchange Inc.,USD,United States,,World Large Blend Equity,International Equities - Unhedged,IEQStock
0.0016393251683724406,PNC FINANCIAL SERVICES GROUP INC,Growth,International Shares,Global Shares,Global Shares,Financials - 40,New York Stock Exchange Inc.,USD,United States,,World Large Blend Equity,International Equities - Unhedged,IEQStock
0.0025673705654479947,HCA HEALTHCARE INC,Growth,International Shares,Global Shares,Global Shares,Health Care - 35,New York Stock Exchange Inc.,USD,United States,,World Large Blend Equity,International Equities - Unhedged,IEQStock
0.0005882942700950923,SEMPRA,Growth,International Shares,Global Shares,Global Shares,Utilities - 55,New York Stock Exchange Inc.,USD,United States,,World Large Blend Equity,International Equities - Unhedged,IEQStock
0.001469923770267554,AMERICAN INTERNATIONAL GROUP INC,Growth,International Shares,Global Shares,Global Shares,Financials - 40,New York Stock Exchange Inc.,USD,United States,,World Large Blend Equity,International Equities - Unhedged,IEQStock
0.0014835406094801792,WELLTOWER INC,Growth,International Shares,Global Shares,Global Shares,Real Estate - 60,New York Stock Exchange Inc.,USD,United States,,World Large Blend Equity,International Equities - Unhedged,IEQStock
0.0012731570188317428,ECOLAB INC,Growth,International Shares,Global Shares,Global Shares,Materials - 15,New York Stock Exchange Inc.,USD,United States,,World Large Blend Equity,International Equities - Unhedged,IEQStock
0.0013850432386832612,NORFOLK SOUTHERN CORP,Growth,International Shares,Global Shares,Global Shares,Industrials - 20,New York Stock Exchange Inc.,USD,United States,,World Large Blend Equity,International Equities - Unhedged,IEQStock
0.0016096130775655967,AFLAC INC,Growth,International Shares,Global Shares,Global Shares,Financials - 40,New York Stock Exchange Inc.,USD,United States,,World Large Blend Equity,International Equities - Unhedged,IEQStock
0.0012112696239820135,VALERO ENERGY CORP,Growth,International Shares,Global Shares,Global Shares,Energy - 10,New York Stock Exchange Inc.,USD,United States,,World Large Blend Equity,International Equities - Unhedged,IEQStock
0.0016621084187689727,WILLIAMS INC,Growth,International Shares,Global Shares,Global Shares,Energy - 10,New York Stock Exchange Inc.,USD,United States,,World Large Blend Equity,International Equities - Unhedged,IEQStock
0.0013259429547175616,CARRIER GLOBAL CORP,Growth,International Shares,Global Shares,Global Shares,Industrials - 20,New York Stock Exchange Inc.,USD,United States,,World Large Blend Equity,International Equities - Unhedged,IEQStock
0.000755404945587018,CROWN CASTLE INC,Growth,International Shares,Global Shares,Global Shares,Real Estate - 60,New York Stock Exchange Inc.,USD,United States,,World Large Blend Equity,International Equities - Unhedged,IEQStock
0.002497123663575151,HILTON WORLDWIDE HOLDINGS INC,Growth,International Shares,Global Shares,Global Shares,Consumer Discretionary - 25,New York Stock Exchange Inc.,USD,United States,,World Large Blend Equity,International Equities - Unhedged,IEQStock
0.0007492112958248332,KIMBERLY CLARK CORP,Growth,International Shares,Global Shares,Global Shares,Consumer Staples - 30,New York Stock Exchange Inc.,USD,United States,,World Large Blend Equity,International Equities - Unhedged,IEQStock
0.0008219033268132867,TRUIST FINANCIAL CORP,Growth,International Shares,Global Shares,Global Shares,Financials - 40,New York Stock Exchange Inc.,USD,United States,,World Large Blend Equity,International Equities - Unhedged,IEQStock
0.0009184951751547931,EDWARDS LIFESCIENCES CORP,Growth,International Shares,Global Shares,Global Shares,Health Care - 35,New York Stock Exchange Inc.,USD,United States,,World Large Blend Equity,International Equities - Unhedged,IEQStock
0.0017877260165837443,CAPITAL ONE FINANCIAL CORP,Growth,International Shares,Global Shares,Global Shares,Financials - 40,New York Stock Exchange Inc.,USD,United States,,World Large Blend Equity,International Equities - Unhedged,IEQStock
0.001026899322239773,FORD MOTOR CO,Growth,International Shares,Global Shares,Global Shares,Consumer Discretionary - 25,New York Stock Exchange Inc.,USD,United States,,World Large Blend Equity,International Equities - Unhedged,IEQStock
0.0005193859539988496,OCCIDENTAL PETROLEUM CORP,Growth,International Shares,Global Shares,Global Shares,Energy - 10,New York Stock Exchange Inc.,USD,United States,,World Large Blend Equity,International Equities - Unhedged,IEQStock
0.002112489496559298,HESS CORP,Growth,International Shares,Global Shares,Global Shares,Energy - 10,New York Stock Exchange Inc.,USD,United States,,World Large Blend Equity,International Equities - Unhedged,IEQStock
0.0027109891223627263,MSCI INC,Growth,International Shares,Global Shares,Global Shares,Financials - 40,New York Stock Exchange Inc.,USD,United States,,World Large Blend Equity,International Equities - Unhedged,IEQStock
0.001240068222134583,TE CONNECTIVITY LTD,Growth,International Shares,Global Shares,Global Shares,Information Technology - 45,New York Stock Exchange Inc.,USD,United States,,World Large Blend Equity,International Equities - Unhedged,IEQStock
0.0012915058378108804,PUBLIC STORAGE REIT,Growth,International Shares,Global Shares,Global Shares,Real Estate - 60,New York Stock Exchange Inc.,USD,United States,,World Large Blend Equity,International Equities - Unhedged,IEQStock
0.0009191291391808951,CONSTELLATION BRANDS INC CLASS A,Growth,International Shares,Global Shares,Global Shares,Consumer Staples - 30,New York Stock Exchange Inc.,USD,United States,,World Large Blend Equity,International Equities - Unhedged,IEQStock
0.001255051414157859,GENERAL MOTORS,Growth,International Shares,Global Shares,Global Shares,Consumer Discretionary - 25,New York Stock Exchange Inc.,USD,United States,,World Large Blend Equity,International Equities - Unhedged,IEQStock
0.001437215915598045,TRAVELERS COMPANIES INC,Growth,International Shares,Global Shares,Global Shares,Financials - 40,New York Stock Exchange Inc.,USD,United States,,World Large Blend Equity,International Equities - Unhedged,IEQStock
0.0006870724038140714,CENTENE CORP,Growth,International Shares,Global Shares,Global Shares,Health Care - 35,New York Stock Exchange Inc.,USD,United States,,World Large Blend Equity,International Equities - Unhedged,IEQStock
0.0010642067418381404,DIGITAL REALTY TRUST REIT INC,Growth,International Shares,Global Shares,Global Shares,Real Estate - 60,New York Stock Exchange Inc.,USD,United States,,World Large Blend Equity,International Equities - Unhedged,IEQStock
0.0007715906630261619,ARCHER DANIELS MIDLAND,Growth,International Shares,Global Shares,Global Shares,Consumer Staples - 30,New York Stock Exchange Inc.,USD,United States,,World Large Blend Equity,International Equities - Unhedged,IEQStock
0.0005299874154912352,DOMINION ENERGY INC,Growth,International Shares,Global Shares,Global Shares,Utilities - 55,New York Stock Exchange Inc.,USD,United States,,World Large Blend Equity,International Equities - Unhedged,IEQStock
0.0010001747087345708,GENERAL MILLS INC,Growth,International Shares,Global Shares,Global Shares,Consumer Staples - 30,New York Stock Exchange Inc.,USD,United States,,World Large Blend Equity,International Equities - Unhedged,IEQStock
0.0013365747928227485,METLIFE INC,Growth,International Shares,Global Shares,Global Shares,Financials - 40,New York Stock Exchange Inc.,USD,United States,,World Large Blend Equity,International Equities - Unhedged,IEQStock
0.0007685737568501081,SIMON PROPERTY GROUP REIT INC,Growth,International Shares,Global Shares,Global Shares,Real Estate - 60,New York Stock Exchange Inc.,USD,United States,,World Large Blend Equity,International Equities - Unhedged,IEQStock
0.0011424451649619419,ONEOK INC,Growth,International Shares,Global Shares,Global Shares,Energy - 10,New York Stock Exchange Inc.,USD,United States,,World Large Blend Equity,International Equities - Unhedged,IEQStock
0.0019158896519168495,NUCOR CORP,Growth,International Shares,Global Shares,Global Shares,Materials - 15,New York Stock Exchange Inc.,USD,United States,,World Large Blend Equity,International Equities - Unhedged,IEQStock
0.00341222013586799,D R HORTON INC,Growth,International Shares,Global Shares,Global Shares,Consumer Discretionary - 25,New York Stock Exchange Inc.,USD,United States,,World Large Blend Equity,International Equities - Unhedged,IEQStock
0.001127144136301084,IQVIA HOLDINGS INC,Growth,International Shares,Global Shares,Global Shares,Health Care - 35,New York Stock Exchange Inc.,USD,United States,,World Large Blend Equity,International Equities - Unhedged,IEQStock
0.0006788143966711548,REALTY INCOME REIT CORP,Growth,International Shares,Global Shares,Global Shares,Real Estate - 60,New York Stock Exchange Inc.,USD,United States,,World Large Blend Equity,International Equities - Unhedged,IEQStock
0.0008170084120192572,YUM BRANDS INC,Growth,International Shares,Global Shares,Global Shares,Consumer Discretionary - 25,New York Stock Exchange Inc.,USD,United States,,World Large Blend Equity,International Equities - Unhedged,IEQStock
0.0012497288501108139,CORTEVA INC,Growth,International Shares,Global Shares,Global Shares,Materials - 15,New York Stock Exchange Inc.,USD,United States,,World Large Blend Equity,International Equities - Unhedged,IEQStock
0.0005416393641215987,PG&E CORP,Growth,International Shares,Global Shares,Global Shares,Utilities - 55,New York Stock Exchange Inc.,USD,United States,,World Large Blend Equity,International Equities - Unhedged,IEQStock
0.0010185664553362865,BANK OF NEW YORK MELLON CORP,Growth,International Shares,Global Shares,Global Shares,Financials - 40,New York Stock Exchange Inc.,USD,United States,,World Large Blend Equity,International Equities - Unhedged,IEQStock
0.0016210725363449258,JOHNSON CONTROLS INTERNATIONAL PLC,Growth,International Shares,Global Shares,Global Shares,Industrials - 20,New York Stock Exchange Inc.,USD,United States,,World Large Blend Equity,International Equities - Unhedged,IEQStock
0.0011692141818654713,L3HARRIS TECHNOLOGIES INC,Growth,International Shares,Global Shares,Global Shares,Industrials - 20,New York Stock Exchange Inc.,USD,United States,,World Large Blend Equity,International Equities - Unhedged,IEQStock
0.002249332445487705,WW GRAINGER INC,Growth,International Shares,Global Shares,Global Shares,Industrials - 20,New York Stock Exchange Inc.,USD,United States,,World Large Blend Equity,International Equities - Unhedged,IEQStock
0.0031106856219027547,AMERIPRISE FINANCE INC,Growth,International Shares,Global Shares,Global Shares,Financials - 40,New York Stock Exchange Inc.,USD,United States,,World Large Blend Equity,International Equities - Unhedged,IEQStock
0.00076098121641543,SYSCO CORP,Growth,International Shares,Global Shares,Global Shares,Consumer Staples - 30,New York Stock Exchange Inc.,USD,United States,,World Large Blend Equity,International Equities - Unhedged,IEQStock
0.0006308330460088444,DOW INC,Growth,International Shares,Global Shares,Global Shares,Materials - 15,New York Stock Exchange Inc.,USD,United States,,World Large Blend Equity,International Equities - Unhedged,IEQStock
0.0005311707345642354,HALLIBURTON,Growth,International Shares,Global Shares,Global Shares,Energy - 10,New York Stock Exchange Inc.,USD,United States,,World Large Blend Equity,International Equities - Unhedged,IEQStock
0.0014360860565222795,ALLSTATE CORP,Growth,International Shares,Global Shares,Global Shares,Financials - 40,New York Stock Exchange Inc.,USD,United States,,World Large Blend Equity,International Equities - Unhedged,IEQStock
0.001550601941231728,AMETEK INC,Growth,International Shares,Global Shares,Global Shares,Industrials - 20,New York Stock Exchange Inc.,USD,United States,,World Large Blend Equity,International Equities - Unhedged,IEQStock
0.00028456617589930135,KENVUE INC,Growth,International Shares,Global Shares,Global Shares,Consumer Staples - 30,New York Stock Exchange Inc.,USD,United States,,World Large Blend Equity,International Equities - Unhedged,IEQStock
0.0007161791928277013,OTIS WORLDWIDE CORP,Growth,International Shares,Global Shares,Global Shares,Industrials - 20,New York Stock Exchange Inc.,USD,United States,,World Large Blend Equity,International Equities - Unhedged,IEQStock
0.0017552920056206902,CENCORA INC,Growth,International Shares,Global Shares,Global Shares,Health Care - 35,New York Stock Exchange Inc.,USD,United States,,World Large Blend Equity,International Equities - Unhedged,IEQStock
0.0012288716550010175,AGILENT TECHNOLOGIES INC,Growth,International Shares,Global Shares,Global Shares,Health Care - 35,New York Stock Exchange Inc.,USD,United States,,World Large Blend Equity,International Equities - Unhedged,IEQStock
0.0009124775096679053,KINDER MORGAN INC,Growth,International Shares,Global Shares,Global Shares,Energy - 10,New York Stock Exchange Inc.,USD,United States,,World Large Blend Equity,International Equities - Unhedged,IEQStock
0.0013978843667090892,REPUBLIC SERVICES INC,Growth,International Shares,Global Shares,Global Shares,Industrials - 20,New York Stock Exchange Inc.,USD,United States,,World Large Blend Equity,International Equities - Unhedged,IEQStock
0.0003964296839921006,DUPONT DE NEMOURS INC,Growth,International Shares,Global Shares,Global Shares,Materials - 15,New York Stock Exchange Inc.,USD,United States,,World Large Blend Equity,International Equities - Unhedged,IEQStock
0.002000572755967991,GARTNER INC,Growth,International Shares,Global Shares,Global Shares,Information Technology - 45,New York Stock Exchange Inc.,USD,United States,,World Large Blend Equity,International Equities - Unhedged,IEQStock
0.0014095129036827082,CUMMINS INC,Growth,International Shares,Global Shares,Global Shares,Industrials - 20,New York Stock Exchange Inc.,USD,United States,,World Large Blend Equity,International Equities - Unhedged,IEQStock
0.000874274945663864,PUBLIC SERVICE ENTERPRISE GROUP IN,Growth,International Shares,Global Shares,Global Shares,Utilities - 55,New York Stock Exchange Inc.,USD,United States,,World Large Blend Equity,International Equities - Unhedged,IEQStock
0.0006768367200750957,CONSOLIDATED EDISON INC,Growth,International Shares,Global Shares,Global Shares,Utilities - 55,New York Stock Exchange Inc.,USD,United States,,World Large Blend Equity,International Equities - Unhedged,IEQStock
0.002490691537143657,LENNAR A CORP,Growth,International Shares,Global Shares,Global Shares,Consumer Discretionary - 25,New York Stock Exchange Inc.,USD,United States,,World Large Blend Equity,International Equities - Unhedged,IEQStock
0.000500999425364809,FIDELITY NATIONAL INFORMATION SERV,Growth,International Shares,Global Shares,Global Shares,Financials - 40,New York Stock Exchange Inc.,USD,United States,,World Large Blend Equity,International Equities - Unhedged,IEQStock
0.0006973312602924086,PPG INDUSTRIES INC,Growth,International Shares,Global Shares,Global Shares,Materials - 15,New York Stock Exchange Inc.,USD,United States,,World Large Blend Equity,International Equities - Unhedged,IEQStock
0.004539055066617189,UNITED RENTALS INC,Growth,International Shares,Global Shares,Global Shares,Industrials - 20,New York Stock Exchange Inc.,USD,United States,,World Large Blend Equity,International Equities - Unhedged,IEQStock
0.0010321685377321559,KROGER,Growth,International Shares,Global Shares,Global Shares,Consumer Staples - 30,New York Stock Exchange Inc.,USD,United States,,World Large Blend Equity,International Equities - Unhedged,IEQStock
0.001014826648442268,ROCKWELL AUTOMATION INC,Growth,International Shares,Global Shares,Global Shares,Industrials - 20,New York Stock Exchange Inc.,USD,United States,,World Large Blend Equity,International Equities - Unhedged,IEQStock
0.0008607312560938957,VICI PPTYS INC,Growth,International Shares,Global Shares,Global Shares,Real Estate - 60,New York Stock Exchange Inc.,USD,United States,,World Large Blend Equity,International Equities - Unhedged,IEQStock
0.0009185471303712712,DEVON ENERGY CORP,Growth,International Shares,Global Shares,Global Shares,Energy - 10,New York Stock Exchange Inc.,USD,United States,,World Large Blend Equity,International Equities - Unhedged,IEQStock
0.0008599461686754915,PRUDENTIAL PLC,Growth,International Shares,Global Shares,Global Shares,Financials - 40,New York Stock Exchange Inc.,USD,United States,,World Large Blend Equity,International Equities - Unhedged,IEQStock
0.000575822562261363,GLOBAL PAYMENTS INC,Growth,International Shares,Global Shares,Global Shares,Financials - 40,New York Stock Exchange Inc.,USD,United States,,World Large Blend Equity,International Equities - Unhedged,IEQStock
0.0007378553910450046,HERSHEY FOODS,Growth,International Shares,Global Shares,Global Shares,Consumer Staples - 30,New York Stock Exchange Inc.,USD,United States,,World Large Blend Equity,International Equities - Unhedged,IEQStock
0.0012347369728677102,VULCAN MATERIALS,Growth,International Shares,Global Shares,Global Shares,Materials - 15,New York Stock Exchange Inc.,USD,United States,,World Large Blend Equity,International Equities - Unhedged,IEQStock
0.0017540973282258179,MARTIN MARIETTA MATERIALS INC,Growth,International Shares,Global Shares,Global Shares,Materials - 15,New York Stock Exchange Inc.,USD,United States,,World Large Blend Equity,International Equities - Unhedged,IEQStock
0.0023892444679838314,INGERSOLL RAND INC,Growth,International Shares,Global Shares,Global Shares,Industrials - 20,New York Stock Exchange Inc.,USD,United States,,World Large Blend Equity,International Equities - Unhedged,IEQStock
0.0009287928485978291,CARDINAL HEALTH INC,Growth,International Shares,Global Shares,Global Shares,Health Care - 35,New York Stock Exchange Inc.,USD,United States,,World Large Blend Equity,International Equities - Unhedged,IEQStock
0.0006142540310953448,WEC ENERGY GROUP INC,Growth,International Shares,Global Shares,Global Shares,Utilities - 55,New York Stock Exchange Inc.,USD,United States,,World Large Blend Equity,International Equities - Unhedged,IEQStock
0.0020495009016687545,TELUS CORP,Growth,International Shares,Global Shares,Global Shares,Communication Services - 50,New York Stock Exchange Inc.,USD,United States,,World Large Blend Equity,International Equities - Unhedged,IEQStock
0.0005808033856304853,AMERICAN WATER WORKS INC,Growth,International Shares,Global Shares,Global Shares,Utilities - 55,New York Stock Exchange Inc.,USD,United States,,World Large Blend Equity,International Equities - Unhedged,IEQStock
0.0011990705044689807,WEST PHARMACEUTICAL SERVICES INC,Growth,International Shares,Global Shares,Global Shares,Health Care - 35,New York Stock Exchange Inc.,USD,United States,,World Large Blend Equity,International Equities - Unhedged,IEQStock
0.000646396575796469,EDISON INTERNATIONAL,Growth,International Shares,Global Shares,Global Shares,Utilities - 55,New York Stock Exchange Inc.,USD,United States,,World Large Blend Equity,International Equities - Unhedged,IEQStock
0.0044626904625769456,QUANTA SERVICES INC,Growth,International Shares,Global Shares,Global Shares,Industrials - 20,New York Stock Exchange Inc.,USD,United States,,World Large Blend Equity,International Equities - Unhedged,IEQStock
0.0005670161043372375,AVALONBAY COMMUNITIES REIT INC,Growth,International Shares,Global Shares,Global Shares,Real Estate - 60,New York Stock Exchange Inc.,USD,United States,,World Large Blend Equity,International Equities - Unhedged,IEQStock
0.0007731398287618762,HP INC,Growth,International Shares,Global Shares,Global Shares,Information Technology - 45,New York Stock Exchange Inc.,USD,United States,,World Large Blend Equity,International Equities - Unhedged,IEQStock
0.0004174939352915123,LYONDELLBASELL INDUSTRIES NV CLASS,Growth,International Shares,Global Shares,Global Shares,Materials - 15,New York Stock Exchange Inc.,USD,United States,,World Large Blend Equity,International Equities - Unhedged,IEQStock
0.004746574964816461,FAIR ISAAC CORP,Growth,International Shares,Global Shares,Global Shares,Information Technology - 45,New York Stock Exchange Inc.,USD,United States,,World Large Blend Equity,International Equities - Unhedged,IEQStock
0.0008128703197804991,XYLEM INC,Growth,International Shares,Global Shares,Global Shares,Industrials - 20,New York Stock Exchange Inc.,USD,United States,,World Large Blend Equity,International Equities - Unhedged,IEQStock
0.0014566945005778816,CBRE GROUP INC CLASS A,Growth,International Shares,Global Shares,Global Shares,Real Estate - 60,New York Stock Exchange Inc.,USD,United States,,World Large Blend Equity,International Equities - Unhedged,IEQStock
0.00047914558329001665,FORTIVE CORP,Growth,International Shares,Global Shares,Global Shares,Industrials - 20,New York Stock Exchange Inc.,USD,United States,,World Large Blend Equity,International Equities - Unhedged,IEQStock
0.0008718230644650856,METTLER TOLEDO INC,Growth,International Shares,Global Shares,Global Shares,Health Care - 35,New York Stock Exchange Inc.,USD,United States,,World Large Blend Equity,International Equities - Unhedged,IEQStock
0.0009185371756945741,EXTRA SPACE STORAGE REIT INC,Growth,International Shares,Global Shares,Global Shares,Real Estate - 60,New York Stock Exchange Inc.,USD,United States,,World Large Blend Equity,International Equities - Unhedged,IEQStock
0.0009484153301414957,HARTFORD FINANCIAL SERVICES GROUP,Growth,International Shares,Global Shares,Global Shares,Financials - 40,New York Stock Exchange Inc.,USD,United States,,World Large Blend Equity,International Equities - Unhedged,IEQStock
0.0014483830896681133,EQUIFAX INC,Growth,International Shares,Global Shares,Global Shares,Industrials - 20,New York Stock Exchange Inc.,USD,United States,,World Large Blend Equity,International Equities - Unhedged,IEQStock
0.0010689451589900425,KEYSIGHT TECHNOLOGIES INC,Growth,International Shares,Global Shares,Global Shares,Information Technology - 45,New York Stock Exchange Inc.,USD,United States,,World Large Blend Equity,International Equities - Unhedged,IEQStock
0.0005441156611450546,WEYERHAEUSER REIT,Growth,International Shares,Global Shares,Global Shares,Real Estate - 60,New York Stock Exchange Inc.,USD,United States,,World Large Blend Equity,International Equities - Unhedged,IEQStock
0.0004028393653430465,ZIMMER BIOMET HOLDINGS INC,Growth,International Shares,Global Shares,Global Shares,Health Care - 35,New York Stock Exchange Inc.,USD,United States,,World Large Blend Equity,International Equities - Unhedged,IEQStock
0.0009397717696352947,ROYAL CARIBBEAN GROUP LTD,Growth,International Shares,Global Shares,Global Shares,Consumer Discretionary - 25,New York Stock Exchange Inc.,USD,United States,,World Large Blend Equity,International Equities - Unhedged,IEQStock
0.0005799507034263166,CHURCH AND DWIGHT INC,Growth,International Shares,Global Shares,Global Shares,Consumer Staples - 30,New York Stock Exchange Inc.,USD,United States,,World Large Blend Equity,International Equities - Unhedged,IEQStock
0.0006604281089949846,STERIS,Growth,International Shares,Global Shares,Global Shares,Health Care - 35,New York Stock Exchange Inc.,USD,United States,,World Large Blend Equity,International Equities - Unhedged,IEQStock
0.0005106672862270717,DELTA AIR LINES INC,Growth,International Shares,Global Shares,Global Shares,Industrials - 20,New York Stock Exchange Inc.,USD,United States,,World Large Blend Equity,International Equities - Unhedged,IEQStock
0.016636099803777553,Bank Account,Defensive,Cash,Cash,Cash,ASXStock,Cash,Cash,Bank Account,Cash,Domestic Cash,Cash,Cash
0.013928347905931525,Rio Tinto Limited,Growth,Australian Shares,Australian Shares,Australian Shares,Materials - 15,ASX,AUD,Australia,,Australia Large Blend Equity,Australian Equities,ASXStock
0.0010374978781884934,TELEFONICA SA,Growth,International Shares,Global Shares,Global Shares,Communication Services - 50,Bolsa De Madrid,EUR,Spain,,World Large Blend Equity,International Equities - Unhedged,IEQStock
0.002310052897826989,CELLNEX TELECOM SA,Growth,International Shares,Global Shares,Global Shares,Communication Services - 50,Bolsa De Madrid,EUR,Spain,,World Large Blend Equity,International Equities - Unhedged,IEQStock
0.0011856938223704378,REPSOL SA,Growth,International Shares,Global Shares,Global Shares,Energy - 10,Bolsa De Madrid,EUR,Spain,,World Large Blend Equity,International Equities - Unhedged,IEQStock
0.0024404165493475973,CAIXABANK SA,Growth,International Shares,Global Shares,Global Shares,Financials - 40,Bolsa De Madrid,EUR,Spain,,World Large Blend Equity,International Equities - Unhedged,IEQStock
0.0028789158585815445,FERROVIAL SE,Growth,International Shares,Global Shares,Global Shares,Industrials - 20,Bolsa De Madrid,EUR,Spain,,World Large Blend Equity,International Equities - Unhedged,IEQStock
0.001606572613943664,AENA SME SA,Growth,International Shares,Global Shares,Global Shares,Industrials - 20,Bolsa De Madrid,EUR,Spain,,World Large Blend Equity,International Equities - Unhedged,IEQStock
0.0007984666681011174,ACS ACTIVIDADES DE CONSTRUCCION Y,Growth,International Shares,Global Shares,Global Shares,Industrials - 20,Bolsa De Madrid,EUR,Spain,,World Large Blend Equity,International Equities - Unhedged,IEQStock
0.0004015069433533884,REDEIA CORPORACION SA,Growth,International Shares,Global Shares,Global Shares,Utilities - 55,Bolsa De Madrid,EUR,Spain,,World Large Blend Equity,International Equities - Unhedged,IEQStock
0.00037750021627316546,ENDESA SA,Growth,International Shares,Global Shares,Global Shares,Utilities - 55,Bolsa De Madrid,EUR,Spain,,World Large Blend Equity,International Equities - Unhedged,IEQStock
0.00031522973584126925,NATURGY ENERGY SA,Growth,International Shares,Global Shares,Global Shares,Utilities - 55,Bolsa De Madrid,EUR,Spain,,World Large Blend Equity,International Equities - Unhedged,IEQStock
0.00012695574705406408,ENAGAS SA,Growth,International Shares,Global Shares,Global Shares,Utilities - 55,Bolsa De Madrid,EUR,Spain,,World Large Blend Equity,International Equities - Unhedged,IEQStock
6.86629727739273e-05,GRIFOLS SA CLASS A,Growth,International Shares,Global Shares,Global Shares,Health Care - 35,Bolsa De Madrid,EUR,Spain,,World Large Blend Equity,International Equities - Unhedged,IEQStock
0.00939976174236367,IBERDROLA SA,Growth,International Shares,Global Shares,Global Shares,Utilities - 55,Bolsa De Madrid,EUR,Spain,,World Large Blend Equity,International Equities - Unhedged,IEQStock
0.009239968014425469,BANCO BILBAO VIZCAYA ARGENTARIA SA,Growth,International Shares,Global Shares,Global Shares,Financials - 40,Bolsa De Madrid,EUR,Spain,,World Large Blend Equity,International Equities - Unhedged,IEQStock
0.00826034376046239,INDUSTRIA DE DISENO TEXTIL INDITEX,Growth,International Shares,Global Shares,Global Shares,Consumer Discretionary - 25,Bolsa De Madrid,EUR,Spain,,World Large Blend Equity,International Equities - Unhedged,IEQStock
0.0021841099410148082,AMADEUS IT GROUP SA,Growth,International Shares,Global Shares,Global Shares,Consumer Discretionary - 25,Bolsa De Madrid,EUR,Spain,,World Large Blend Equity,International Equities - Unhedged,IEQStock
0.00015347799586574543,SOLVAY SA,Growth,International Shares,Global Shares,Global Shares,Materials - 15,Brussels Stock Exchange,EUR,Belgium,,World Large Blend Equity,International Equities - Unhedged,IEQStock
0.0048185966245881595,DEUTSCHE BANK AG,Growth,International Shares,Global Shares,Global Shares,Financials - 40,Deutsche Boerse Markets,EUR,Germany,,World Large Blend Equity,International Equities - Unhedged,IEQStock
0.00128612932257229,VONOVIA SE,Growth,International Shares,Global Shares,Global Shares,Real Estate - 60,Deutsche Boerse Markets,EUR,Germany,,World Large Blend Equity,International Equities - Unhedged,IEQStock
0.0031523479769306256,DAIMLER TRUCK HOLDING E AG,Growth,International Shares,Global Shares,Global Shares,Industrials - 20,Deutsche Boerse Markets,EUR,Germany,,World Large Blend Equity,International Equities - Unhedged,IEQStock
0.0016116764740640916,SIEMENS HEALTHINEERS AG,Growth,International Shares,Global Shares,Global Shares,Health Care - 35,Deutsche Boerse Markets,EUR,Germany,,World Large Blend Equity,International Equities - Unhedged,IEQStock
0.0018422118511223868,SYMRISE AG,Growth,International Shares,Global Shares,Global Shares,Materials - 15,Deutsche Boerse Markets,EUR,Germany,,World Large Blend Equity,International Equities - Unhedged,IEQStock
0.0024589830765713917,HANNOVER RUECK,Growth,International Shares,Global Shares,Global Shares,Financials - 40,Deutsche Boerse Markets,EUR,Germany,,World Large Blend Equity,International Equities - Unhedged,IEQStock
0.0013569906033918612,BEIERSDORF AG,Growth,International Shares,Global Shares,Global Shares,Consumer Staples - 30,Deutsche Boerse Markets,EUR,Germany,,World Large Blend Equity,International Equities - Unhedged,IEQStock
0.008941744189170707,RHEINMETALL AG,Growth,International Shares,Global Shares,Global Shares,Industrials - 20,Deutsche Boerse Markets,EUR,Germany,,World Large Blend Equity,International Equities - Unhedged,IEQStock
0.0007681621917333287,HENKEL & KGAA PREF AG,Growth,International Shares,Global Shares,Global Shares,Consumer Staples - 30,Deutsche Boerse Markets,EUR,Germany,,World Large Blend Equity,International Equities - Unhedged,IEQStock
0.0026758229439842493,COMMERZBANK AG,Growth,International Shares,Global Shares,Global Shares,Financials - 40,Deutsche Boerse Markets,EUR,Germany,,World Large Blend Equity,International Equities - Unhedged,IEQStock
0.0014616641864651431,BRENNTAG,Growth,International Shares,Global Shares,Global Shares,Industrials - 20,Deutsche Boerse Markets,EUR,Germany,,World Large Blend Equity,International Equities - Unhedged,IEQStock
0.0006069587644612089,FRESENIUS SE AND CO KGAA,Growth,International Shares,Global Shares,Global Shares,Health Care - 35,Deutsche Boerse Markets,EUR,Germany,,World Large Blend Equity,International Equities - Unhedged,IEQStock
0.0017481376183737392,MTU AERO ENGINES HOLDING AG,Growth,International Shares,Global Shares,Global Shares,Industrials - 20,Deutsche Boerse Markets,EUR,Germany,,World Large Blend Equity,International Equities - Unhedged,IEQStock
0.0017458193886452711,HEIDELBERG MATERIALS AG,Growth,International Shares,Global Shares,Global Shares,Materials - 15,Deutsche Boerse Markets,EUR,Germany,,World Large Blend Equity,International Equities - Unhedged,IEQStock
0.0009308913245169696,COVESTRO AG,Growth,International Shares,Global Shares,Global Shares,Materials - 15,Deutsche Boerse Markets,EUR,Germany,,World Large Blend Equity,International Equities - Unhedged,IEQStock
0.0016750100916623238,SARTORIUS PREF AG,Growth,International Shares,Global Shares,Global Shares,Health Care - 35,Deutsche Boerse Markets,EUR,Germany,,World Large Blend Equity,International Equities - Unhedged,IEQStock
0.00045330100809181663,PORSCHE AUTOMOBIL HOLDING PREF,Growth,International Shares,Global Shares,Global Shares,Consumer Discretionary - 25,Deutsche Boerse Markets,EUR,Germany,,World Large Blend Equity,International Equities - Unhedged,IEQStock
0.0002547289858493891,CONTINENTAL AG,Growth,International Shares,Global Shares,Global Shares,Consumer Discretionary - 25,Deutsche Boerse Markets,EUR,Germany,,World Large Blend Equity,International Equities - Unhedged,IEQStock
0.0003405699492178414,FRESENIUS MEDICAL CARE AG,Growth,International Shares,Global Shares,Global Shares,Health Care - 35,Deutsche Boerse Markets,EUR,Germany,,World Large Blend Equity,International Equities - Unhedged,IEQStock
0.0004491580543356991,HENKEL AG,Growth,International Shares,Global Shares,Global Shares,Consumer Staples - 30,Deutsche Boerse Markets,EUR,Germany,,World Large Blend Equity,International Equities - Unhedged,IEQStock
0.0004593714499042872,DELIVERY HERO,Growth,International Shares,Global Shares,Global Shares,Consumer Discretionary - 25,Deutsche Boerse Markets,EUR,Germany,,World Large Blend Equity,International Equities - Unhedged,IEQStock
0.00030034242205986383,PUMA,Growth,International Shares,Global Shares,Global Shares,Consumer Discretionary - 25,Deutsche Boerse Markets,EUR,Germany,,World Large Blend Equity,International Equities - Unhedged,IEQStock
0.0009454987884416369,GEA GROUP AG,Growth,International Shares,Global Shares,Global Shares,Industrials - 20,Deutsche Boerse Markets,EUR,Germany,,World Large Blend Equity,International Equities - Unhedged,IEQStock
0.00043870587173821705,LEG IMMOBILIEN N,Growth,International Shares,Global Shares,Global Shares,Real Estate - 60,Deutsche Boerse Markets,EUR,Germany,,World Large Blend Equity,International Equities - Unhedged,IEQStock
0.0005008424444539507,BMW PREF AG,Growth,International Shares,Global Shares,Global Shares,Consumer Discretionary - 25,Deutsche Boerse Markets,EUR,Germany,,World Large Blend Equity,International Equities - Unhedged,IEQStock
0.0003778130294959814,ZALANDO,Growth,International Shares,Global Shares,Global Shares,Consumer Discretionary - 25,Deutsche Boerse Markets,EUR,Germany,,World Large Blend Equity,International Equities - Unhedged,IEQStock
0.0011373823510083339,SIEMENS ENERGY N AG,Growth,International Shares,Global Shares,Global Shares,Industrials - 20,Deutsche Boerse Markets,EUR,Germany,,World Large Blend Equity,International Equities - Unhedged,IEQStock
0.00012716568851824819,HELLOFRESH,Growth,International Shares,Global Shares,Global Shares,Consumer Staples - 30,Deutsche Boerse Markets,EUR,Germany,,World Large Blend Equity,International Equities - Unhedged,IEQStock
0.00022735368190663052,VOLKSWAGEN AG,Growth,International Shares,Global Shares,Global Shares,Consumer Discretionary - 25,Deutsche Boerse Markets,EUR,Germany,,World Large Blend Equity,International Equities - Unhedged,IEQStock
0.034509526426927596,SAP,Growth,International Shares,Global Shares,Global Shares,Information Technology - 45,Deutsche Boerse Markets,EUR,Germany,,World Large Blend Equity,International Equities - Unhedged,IEQStock
0.019400828537874313,SIEMENS N AG,Growth,International Shares,Global Shares,Global Shares,Industrials - 20,Deutsche Boerse Markets,EUR,Germany,,World Large Blend Equity,International Equities - Unhedged,IEQStock
0.014180307199833743,ALLIANZ,Growth,International Shares,Global Shares,Global Shares,Financials - 40,Deutsche Boerse Markets,EUR,Germany,,World Large Blend Equity,International Equities - Unhedged,IEQStock
0.012566316358670001,DEUTSCHE TELEKOM N AG,Growth,International Shares,Global Shares,Global Shares,Communication Services - 50,Deutsche Boerse Markets,EUR,Germany,,World Large Blend Equity,International Equities - Unhedged,IEQStock
0.011551001337143216,MUENCHENER RUECKVERSICHERUNGS-GESE,Growth,International Shares,Global Shares,Global Shares,Financials - 40,Deutsche Boerse Markets,EUR,Germany,,World Large Blend Equity,International Equities - Unhedged,IEQStock
0.005493081451844552,MERCEDES-BENZ GROUP N AG,Growth,International Shares,Global Shares,Global Shares,Consumer Discretionary - 25,Deutsche Boerse Markets,EUR,Germany,,World Large Blend Equity,International Equities - Unhedged,IEQStock
0.0008168977876744685,BAYER AG,Growth,International Shares,Global Shares,Global Shares,Health Care - 35,Deutsche Boerse Markets,EUR,Germany,,World Large Blend Equity,International Equities - Unhedged,IEQStock
0.0024957707275526904,BASF N,Growth,International Shares,Global Shares,Global Shares,Materials - 15,Deutsche Boerse Markets,EUR,Germany,,World Large Blend Equity,International Equities - Unhedged,IEQStock
0.005900263363626717,INFINEON TECHNOLOGIES AG,Growth,International Shares,Global Shares,Global Shares,Information Technology - 45,Deutsche Boerse Markets,EUR,Germany,,World Large Blend Equity,International Equities - Unhedged,IEQStock
0.004385484434418314,DEUTSCHE POST AG,Growth,International Shares,Global Shares,Global Shares,Industrials - 20,Deutsche Boerse Markets,EUR,Germany,,World Large Blend Equity,International Equities - Unhedged,IEQStock
0.005625235422370052,DEUTSCHE BOERSE AG,Growth,International Shares,Global Shares,Global Shares,Financials - 40,Deutsche Boerse Markets,EUR,Germany,,World Large Blend Equity,International Equities - Unhedged,IEQStock
0.002953778271699425,ADIDAS N AG,Growth,International Shares,Global Shares,Global Shares,Consumer Discretionary - 25,Deutsche Boerse Markets,EUR,Germany,,World Large Blend Equity,International Equities - Unhedged,IEQStock
0.00251191595187035,BMW AG,Growth,International Shares,Global Shares,Global Shares,Consumer Discretionary - 25,Deutsche Boerse Markets,EUR,Germany,,World Large Blend Equity,International Equities - Unhedged,IEQStock
0.0029817196652414716,E.ON N,Growth,International Shares,Global Shares,Global Shares,Utilities - 55,Deutsche Boerse Markets,EUR,Germany,,World Large Blend Equity,International Equities - Unhedged,IEQStock
0.002529655661684292,RWE AG,Growth,International Shares,Global Shares,Global Shares,Utilities - 55,Deutsche Boerse Markets,EUR,Germany,,World Large Blend Equity,International Equities - Unhedged,IEQStock
0.0012549497160518354,VOLKSWAGEN NON-VOTING PREF AG,Growth,International Shares,Global Shares,Global Shares,Consumer Discretionary - 25,Deutsche Boerse Markets,EUR,Germany,,World Large Blend Equity,International Equities - Unhedged,IEQStock
0.00038603899821734353,DR ING HC F PORSCHE PRF AG,Growth,International Shares,Global Shares,Global Shares,Consumer Discretionary - 25,Deutsche Boerse Markets,EUR,Germany,,World Large Blend Equity,International Equities - Unhedged,IEQStock
0.0006906509813958552,QIAGEN NV,Growth,International Shares,Global Shares,Global Shares,Health Care - 35,Deutsche Boerse Xetra,EUR,Germany,,World Large Blend Equity,International Equities - Unhedged,IEQStock
0.010677842689696754,ADYEN NV,Growth,International Shares,Global Shares,Global Shares,Financials - 40,Euronext Amsterdam,EUR,Netherlands,,World Large Blend Equity,International Equities - Unhedged,IEQStock
0.029742940902472967,ASM INTERNATIONAL NV,Growth,International Shares,Global Shares,Global Shares,Information Technology - 45,Euronext Amsterdam,EUR,Netherlands,,World Large Blend Equity,International Equities - Unhedged,IEQStock
0.0013802614559623105,DSM FIRMENICH AG,Growth,International Shares,Global Shares,Global Shares,Materials - 15,Euronext Amsterdam,EUR,Netherlands,,World Large Blend Equity,International Equities - Unhedged,IEQStock
0.002077166888526272,UNIVERSAL MUSIC GROUP NV,Growth,International Shares,Global Shares,Global Shares,Communication Services - 50,Euronext Amsterdam,EUR,Netherlands,,World Large Blend Equity,International Equities - Unhedged,IEQStock
0.0010771746864623886,KONINKLIJKE PHILIPS NV,Growth,International Shares,Global Shares,Global Shares,Health Care - 35,Euronext Amsterdam,EUR,Netherlands,,World Large Blend Equity,International Equities - Unhedged,IEQStock
0.0007417918816692286,AKZO NOBEL NV,Growth,International Shares,Global Shares,Global Shares,Materials - 15,Euronext Amsterdam,EUR,Netherlands,,World Large Blend Equity,International Equities - Unhedged,IEQStock
0.001184748199170274,KONINKLIJKE KPN NV,Growth,International Shares,Global Shares,Global Shares,Communication Services - 50,Euronext Amsterdam,EUR,Netherlands,,World Large Blend Equity,International Equities - Unhedged,IEQStock
0.0010553938972543268,ARCELORMITTAL SA,Growth,International Shares,Global Shares,Global Shares,Materials - 15,Euronext Amsterdam,EUR,France,,World Large Blend Equity,International Equities - Unhedged,IEQStock
0.0011958052894157985,NN GROUP NV,Growth,International Shares,Global Shares,Global Shares,Financials - 40,Euronext Amsterdam,EUR,Netherlands,,World Large Blend Equity,International Equities - Unhedged,IEQStock
0.00488075589409761,BE SEMICONDUCTOR INDUSTRIES NV,Growth,International Shares,Global Shares,Global Shares,Information Technology - 45,Euronext Amsterdam,EUR,Netherlands,,World Large Blend Equity,International Equities - Unhedged,IEQStock
0.0017909054378320744,EXOR NV,Growth,International Shares,Global Shares,Global Shares,Financials - 40,Euronext Amsterdam,EUR,Netherlands,,World Large Blend Equity,International Equities - Unhedged,IEQStock
0.0004643359769701925,HEINEKEN HOLDING NV,Growth,International Shares,Global Shares,Global Shares,Consumer Staples - 30,Euronext Amsterdam,EUR,Netherlands,,World Large Blend Equity,International Equities - Unhedged,IEQStock
0.0018012424342408503,IMCD NV,Growth,International Shares,Global Shares,Global Shares,Industrials - 20,Euronext Amsterdam,EUR,Netherlands,,World Large Blend Equity,International Equities - Unhedged,IEQStock
0.0007646056271531008,AEGON LTD,Growth,International Shares,Global Shares,Global Shares,Financials - 40,Euronext Amsterdam,EUR,Netherlands,,World Large Blend Equity,International Equities - Unhedged,IEQStock
0.0005621868763095681,RANDSTAD HOLDING,Growth,International Shares,Global Shares,Global Shares,Industrials - 20,Euronext Amsterdam,EUR,Netherlands,,World Large Blend Equity,International Equities - Unhedged,IEQStock
0.0003405059560265203,ABN AMRO BANK NV,Growth,International Shares,Global Shares,Global Shares,Financials - 40,Euronext Amsterdam,EUR,Netherlands,,World Large Blend Equity,International Equities - Unhedged,IEQStock
0.12581391097773537,ASML HOLDING NV,Growth,International Shares,Global Shares,Global Shares,Information Technology - 45,Euronext Amsterdam,EUR,Netherlands,,World Large Blend Equity,International Equities - Unhedged,IEQStock
0.006742367942631632,ING GROEP NV,Growth,International Shares,Global Shares,Global Shares,Financials - 40,Euronext Amsterdam,EUR,Netherlands,,World Large Blend Equity,International Equities - Unhedged,IEQStock
0.004225434942944197,PROSUS NV,Growth,International Shares,Global Shares,Global Shares,Consumer Discretionary - 25,Euronext Amsterdam,EUR,Netherlands,,World Large Blend Equity,International Equities - Unhedged,IEQStock
0.008272838341722237,WOLTERS KLUWER NV,Growth,International Shares,Global Shares,Global Shares,Industrials - 20,Euronext Amsterdam,EUR,Netherlands,,World Large Blend Equity,International Equities - Unhedged,IEQStock
0.0028448875939449253,KONINKLIJKE AHOLD DELHAIZE NV,Growth,International Shares,Global Shares,Global Shares,Consumer Staples - 30,Euronext Amsterdam,EUR,Netherlands,,World Large Blend Equity,International Equities - Unhedged,IEQStock
0.001651081304016593,HEINEKEN NV,Growth,International Shares,Global Shares,Global Shares,Consumer Staples - 30,Euronext Amsterdam,EUR,Netherlands,,World Large Blend Equity,International Equities - Unhedged,IEQStock
0.0023235666257399473,KBC GROEP,Growth,International Shares,Global Shares,Global Shares,Financials - 40,Euronext Brussels,EUR,Belgium,,World Large Blend Equity,International Equities - Unhedged,IEQStock
0.0024737295016132024,UCB SA,Growth,International Shares,Global Shares,Global Shares,Health Care - 35,Euronext Brussels,EUR,Belgium,,World Large Blend Equity,International Equities - Unhedged,IEQStock
0.00046741392409381516,GROUPE BRUXELLES LAMBERT NV,Growth,International Shares,Global Shares,Global Shares,Financials - 40,Euronext Brussels,EUR,Belgium,,World Large Blend Equity,International Equities - Unhedged,IEQStock
0.0006544489143788913,AGEAS SA,Growth,International Shares,Global Shares,Global Shares,Financials - 40,Euronext Brussels,EUR,Belgium,,World Large Blend Equity,International Equities - Unhedged,IEQStock
9.659515978917212e-05,UMICORE SA,Growth,International Shares,Global Shares,Global Shares,Materials - 15,Euronext Brussels,EUR,Belgium,,World Large Blend Equity,International Equities - Unhedged,IEQStock
0.004460411066580689,ANHEUSER-BUSCH INBEV SA,Growth,International Shares,Global Shares,Global Shares,Consumer Staples - 30,Euronext Brussels,EUR,Belgium,,World Large Blend Equity,International Equities - Unhedged,IEQStock
0.010244115776007067,ARGENX,Growth,International Shares,Global Shares,Global Shares,Health Care - 35,Euronext Brussels,EUR,Belgium,,World Large Blend Equity,International Equities - Unhedged,IEQStock
0.0021524077707760895,KINGSPAN GROUP PLC,Growth,International Shares,Global Shares,Global Shares,Industrials - 20,Euronext Dublin,EUR,Ireland,,World Large Blend Equity,International Equities - Unhedged,IEQStock
0.0014679243364756238,SMURFIT KAPPA GROUP PLC,Growth,International Shares,Global Shares,Global Shares,Materials - 15,Euronext Dublin,EUR,Ireland,,World Large Blend Equity,International Equities - Unhedged,IEQStock
0.0012025285380427892,BANK OF IRELAND GROUP PLC,Growth,International Shares,Global Shares,Global Shares,Financials - 40,Euronext Dublin,EUR,Ireland,,World Large Blend Equity,International Equities - Unhedged,IEQStock
0.006595799129152307,FLUTTER ENTERTAINMENT PLC,Growth,International Shares,Global Shares,Global Shares,Consumer Discretionary - 25,Euronext Dublin,EUR,Ireland,,World Large Blend Equity,International Equities - Unhedged,IEQStock
0.0009835214632387707,EDP ENERGIAS DE PORTUGAL SA,Growth,International Shares,Global Shares,Global Shares,Utilities - 55,Euronext Lisbon,EUR,Portugal,,World Large Blend Equity,International Equities - Unhedged,IEQStock
0.0007871588465612475,JERONIMO MARTINS SA,Growth,International Shares,Global Shares,Global Shares,Consumer Staples - 30,Euronext Lisbon,EUR,Portugal,,World Large Blend Equity,International Equities - Unhedged,IEQStock
0.0006051460205952871,GALP ENERGIA SGPS SA,Growth,International Shares,Global Shares,Global Shares,Energy - 10,Euronext Lisbon,EUR,Portugal,,World Large Blend Equity,International Equities - Unhedged,IEQStock
0.004554581849939572,STMICROELECTRONICS NV,Growth,International Shares,Global Shares,Global Shares,Information Technology - 45,Euronext Milan,EUR,Italy,,World Large Blend Equity,International Equities - Unhedged,IEQStock
0.00335733115503299,ASSICURAZIONI GENERALI,Growth,International Shares,Global Shares,Global Shares,Financials - 40,Euronext Milan,EUR,Italy,,World Large Blend Equity,International Equities - Unhedged,IEQStock
0.0018917104482851655,MONCLER,Growth,International Shares,Global Shares,Global Shares,Consumer Discretionary - 25,Euronext Milan,EUR,Italy,,World Large Blend Equity,International Equities - Unhedged,IEQStock
0.0013572871251704883,TERNA RETE ELETTRICA NAZIONALE,Growth,International Shares,Global Shares,Global Shares,Utilities - 55,Euronext Milan,EUR,Italy,,World Large Blend Equity,International Equities - Unhedged,IEQStock
0.003833128933315872,PRYSMIAN,Growth,International Shares,Global Shares,Global Shares,Industrials - 20,Euronext Milan,EUR,Italy,,World Large Blend Equity,International Equities - Unhedged,IEQStock
0.0007989777611280499,SNAM,Growth,International Shares,Global Shares,Global Shares,Utilities - 55,Euronext Milan,EUR,Italy,,World Large Blend Equity,International Equities - Unhedged,IEQStock
0.0021744275676293763,BANCO BPM,Growth,International Shares,Global Shares,Global Shares,Financials - 40,Euronext Milan,EUR,Italy,,World Large Blend Equity,International Equities - Unhedged,IEQStock
0.001420441355775311,MEDIOBANCA BANCA DI CREDITO FINANZ,Growth,International Shares,Global Shares,Global Shares,Financials - 40,Euronext Milan,EUR,Italy,,World Large Blend Equity,International Equities - Unhedged,IEQStock
0.000984925538891395,TENARIS SA,Growth,International Shares,Global Shares,Global Shares,Energy - 10,Euronext Milan,EUR,Italy,,World Large Blend Equity,International Equities - Unhedged,IEQStock
0.0010270331984191764,FINECOBANK BANCA FINECO,Growth,International Shares,Global Shares,Global Shares,Financials - 40,Euronext Milan,EUR,Italy,,World Large Blend Equity,International Equities - Unhedged,IEQStock
0.000316521091135851,NEXI,Growth,International Shares,Global Shares,Global Shares,Financials - 40,Euronext Milan,EUR,Italy,,World Large Blend Equity,International Equities - Unhedged,IEQStock
7.38968128874889e-05,TELECOM ITALIA,Growth,International Shares,Global Shares,Global Shares,Communication Services - 50,Euronext Milan,EUR,Italy,,World Large Blend Equity,International Equities - Unhedged,IEQStock
0.005089968069659307,ENEL,Growth,International Shares,Global Shares,Global Shares,Utilities - 55,Euronext Milan,EUR,Italy,,World Large Blend Equity,International Equities - Unhedged,IEQStock
0.017984568289393266,UNICREDIT,Growth,International Shares,Global Shares,Global Shares,Financials - 40,Euronext Milan,EUR,Italy,,World Large Blend Equity,International Equities - Unhedged,IEQStock
0.004420679417373046,STELLANTIS NV,Growth,International Shares,Global Shares,Global Shares,Consumer Discretionary - 25,Euronext Milan,EUR,Italy,,World Large Blend Equity,International Equities - Unhedged,IEQStock
0.00794318652125173,INTESA SANPAOLO,Growth,International Shares,Global Shares,Global Shares,Financials - 40,Euronext Milan,EUR,Italy,,World Large Blend Equity,International Equities - Unhedged,IEQStock
0.01944561592869014,FERRARI NV,Growth,International Shares,Global Shares,Global Shares,Consumer Discretionary - 25,Euronext Milan,EUR,Italy,,World Large Blend Equity,International Equities - Unhedged,IEQStock
0.0028156536134837508,ENI,Growth,International Shares,Global Shares,Global Shares,Energy - 10,Euronext Milan,EUR,Italy,,World Large Blend Equity,International Equities - Unhedged,IEQStock
9.889577194804549e-05,TELECOM ITALIA SAVING,Growth,International Shares,Global Shares,Global Shares,Communication Services - 50,Euronext Milan,EUR,Italy,,World Large Blend Equity,International Equities - Unhedged,IEQStock
0.002145470188829014,DNB BANK,Growth,International Shares,Global Shares,Global Shares,Financials - 40,Euronext Oslo Bors,NOK,Norway,,World Large Blend Equity,International Equities - Unhedged,IEQStock
0.0005780769774449356,AKER BP,Growth,International Shares,Global Shares,Global Shares,Energy - 10,Euronext Oslo Bors,NOK,Norway,,World Large Blend Equity,International Equities - Unhedged,IEQStock
0.0009274830749700433,NORSK HYDRO,Growth,International Shares,Global Shares,Global Shares,Materials - 15,Euronext Oslo Bors,NOK,Norway,,World Large Blend Equity,International Equities - Unhedged,IEQStock
0.0006352493765290565,MOWI,Growth,International Shares,Global Shares,Global Shares,Consumer Staples - 30,Euronext Oslo Bors,NOK,Norway,,World Large Blend Equity,International Equities - Unhedged,IEQStock
0.0005735123556287397,ORKLA,Growth,International Shares,Global Shares,Global Shares,Consumer Staples - 30,Euronext Oslo Bors,NOK,Norway,,World Large Blend Equity,International Equities - Unhedged,IEQStock
0.0003805886192240927,YARA INTERNATIONAL,Growth,International Shares,Global Shares,Global Shares,Materials - 15,Euronext Oslo Bors,NOK,Norway,,World Large Blend Equity,International Equities - Unhedged,IEQStock
0.0025363126419558125,EQUINOR,Growth,International Shares,Global Shares,Global Shares,Energy - 10,Euronext Oslo Bors,NOK,Norway,,World Large Blend Equity,International Equities - Unhedged,IEQStock
5.352176519677395e-05,VALEO,Growth,International Shares,Global Shares,Global Shares,Consumer Discretionary - 25,Euronext Paris,EUR,France,,World Large Blend Equity,International Equities - Unhedged,IEQStock
0.001039839185046101,ORANGE SA,Growth,International Shares,Global Shares,Global Shares,Communication Services - 50,Euronext Paris,EUR,France,,World Large Blend Equity,International Equities - Unhedged,IEQStock
0.002748265087718139,MICHELIN,Growth,International Shares,Global Shares,Global Shares,Consumer Discretionary - 25,Euronext Paris,EUR,France,,World Large Blend Equity,International Equities - Unhedged,IEQStock
0.0035930306294302897,PUBLICIS GROUPE SA,Growth,International Shares,Global Shares,Global Shares,Communication Services - 50,Euronext Paris,EUR,France,,World Large Blend Equity,International Equities - Unhedged,IEQStock
0.0023274781032211938,VEOLIA ENVIRON. SA,Growth,International Shares,Global Shares,Global Shares,Utilities - 55,Euronext Paris,EUR,France,,World Large Blend Equity,International Equities - Unhedged,IEQStock
0.0012372715239797156,SOCIETE GENERALE SA,Growth,International Shares,Global Shares,Global Shares,Financials - 40,Euronext Paris,EUR,France,,World Large Blend Equity,International Equities - Unhedged,IEQStock
0.0017193035056875601,CREDIT AGRICOLE SA,Growth,International Shares,Global Shares,Global Shares,Financials - 40,Euronext Paris,EUR,France,,World Large Blend Equity,International Equities - Unhedged,IEQStock
0.0015604348987274363,THALES SA,Growth,International Shares,Global Shares,Global Shares,Industrials - 20,Euronext Paris,EUR,France,,World Large Blend Equity,International Equities - Unhedged,IEQStock
0.0008474509206519135,EDENRED,Growth,International Shares,Global Shares,Global Shares,Financials - 40,Euronext Paris,EUR,France,,World Large Blend Equity,International Equities - Unhedged,IEQStock
0.0005984715443930076,CARREFOUR SA,Growth,International Shares,Global Shares,Global Shares,Consumer Staples - 30,Euronext Paris,EUR,France,,World Large Blend Equity,International Equities - Unhedged,IEQStock
0.00041053219399978967,SODEXO SA,Growth,International Shares,Global Shares,Global Shares,Consumer Discretionary - 25,Euronext Paris,EUR,France,,World Large Blend Equity,International Equities - Unhedged,IEQStock
0.00026633269311921294,TELEPERFORMANCE,Growth,International Shares,Global Shares,Global Shares,Industrials - 20,Euronext Paris,EUR,France,,World Large Blend Equity,International Equities - Unhedged,IEQStock
0.0015250907542459894,EURONEXT NV,Growth,International Shares,Global Shares,Global Shares,Financials - 40,Euronext Paris,EUR,France,,World Large Blend Equity,International Equities - Unhedged,IEQStock
0.0004715474254499193,RENAULT SA,Growth,International Shares,Global Shares,Global Shares,Consumer Discretionary - 25,Euronext Paris,EUR,France,,World Large Blend Equity,International Equities - Unhedged,IEQStock
0.0007190915307974844,EIFFAGE SA,Growth,International Shares,Global Shares,Global Shares,Industrials - 20,Euronext Paris,EUR,France,,World Large Blend Equity,International Equities - Unhedged,IEQStock
0.0007444624373479566,EUROFINS SCIENTIFIC,Growth,International Shares,Global Shares,Global Shares,Health Care - 35,Euronext Paris,EUR,France,,World Large Blend Equity,International Equities - Unhedged,IEQStock
0.000518276466802672,BOUYGUES SA,Growth,International Shares,Global Shares,Global Shares,Industrials - 20,Euronext Paris,EUR,France,,World Large Blend Equity,International Equities - Unhedged,IEQStock
0.0010018546727264257,BUREAU VERITAS SA,Growth,International Shares,Global Shares,Global Shares,Industrials - 20,Euronext Paris,EUR,France,,World Large Blend Equity,International Equities - Unhedged,IEQStock
0.0004935414964699882,ARKEMA SA,Growth,International Shares,Global Shares,Global Shares,Materials - 15,Euronext Paris,EUR,France,,World Large Blend Equity,International Equities - Unhedged,IEQStock
0.0002119121456093256,VIVENDI,Growth,International Shares,Global Shares,Global Shares,Communication Services - 50,Euronext Paris,EUR,France,,World Large Blend Equity,International Equities - Unhedged,IEQStock
0.0003329318034112614,GECINA SA,Growth,International Shares,Global Shares,Global Shares,Real Estate - 60,Euronext Paris,EUR,France,,World Large Blend Equity,International Equities - Unhedged,IEQStock
0.0006093572247979084,ACCOR SA,Growth,International Shares,Global Shares,Global Shares,Consumer Discretionary - 25,Euronext Paris,EUR,France,,World Large Blend Equity,International Equities - Unhedged,IEQStock
0.0005097942317214823,GETLINK,Growth,International Shares,Global Shares,Global Shares,Industrials - 20,Euronext Paris,EUR,France,,World Large Blend Equity,International Equities - Unhedged,IEQStock
0.0012882663906201432,SARTORIUS STEDIM BIOTECH SA,Growth,International Shares,Global Shares,Global Shares,Health Care - 35,Euronext Paris,EUR,France,,World Large Blend Equity,International Equities - Unhedged,IEQStock
0.0001745828512814065,ALSTOM SA,Growth,International Shares,Global Shares,Global Shares,Industrials - 20,Euronext Paris,EUR,France,,World Large Blend Equity,International Equities - Unhedged,IEQStock
3.502353311721266e-05,WORLDLINE SA,Growth,International Shares,Global Shares,Global Shares,Financials - 40,Euronext Paris,EUR,France,,World Large Blend Equity,International Equities - Unhedged,IEQStock
0.04077836628930115,LVMH,Growth,International Shares,Global Shares,Global Shares,Consumer Discretionary - 25,Euronext Paris,EUR,France,,World Large Blend Equity,International Equities - Unhedged,IEQStock
0.013293803566931259,TOTALENERGIES,Growth,International Shares,Global Shares,Global Shares,Energy - 10,Euronext Paris,EUR,France,,World Large Blend Equity,International Equities - Unhedged,IEQStock
0.013655116968716255,LOREAL SA,Growth,International Shares,Global Shares,Global Shares,Consumer Staples - 30,Euronext Paris,EUR,France,,World Large Blend Equity,International Equities - Unhedged,IEQStock
0.015818048408735852,LAIR LIQUIDE SOCIETE ANONYME POUR,Growth,International Shares,Global Shares,Global Shares,Materials - 15,Euronext Paris,EUR,France,,World Large Blend Equity,International Equities - Unhedged,IEQStock
0.012760442645844725,AIRBUS GROUP,Growth,International Shares,Global Shares,Global Shares,Industrials - 20,Euronext Paris,EUR,France,,World Large Blend Equity,International Equities - Unhedged,IEQStock
0.007441106970139868,BNP PARIBAS SA,Growth,International Shares,Global Shares,Global Shares,Financials - 40,Euronext Paris,EUR,France,,World Large Blend Equity,International Equities - Unhedged,IEQStock
0.02605091587063137,HERMES INTERNATIONAL,Growth,International Shares,Global Shares,Global Shares,Consumer Discretionary - 25,Euronext Paris,EUR,France,,World Large Blend Equity,International Equities - Unhedged,IEQStock
0.00650066350064733,BANCO SANTANDER SA,Growth,International Shares,Global Shares,Global Shares,Health Care - 35,Euronext Paris,EUR,France,,World Large Blend Equity,International Equities - Unhedged,IEQStock
0.010590564097606763,SAFRAN SA,Growth,International Shares,Global Shares,Global Shares,Industrials - 20,Euronext Paris,EUR,France,,World Large Blend Equity,International Equities - Unhedged,IEQStock
0.008287876865552959,AXA SA,Growth,International Shares,Global Shares,Global Shares,Financials - 40,Euronext Paris,EUR,France,,World Large Blend Equity,International Equities - Unhedged,IEQStock
0.03444208659125905,SUNCOR ENERGY INC,Growth,International Shares,Global Shares,Global Shares,Industrials - 20,Euronext Paris,EUR,France,,World Large Blend Equity,International Equities - Unhedged,IEQStock
0.001835470436747649,PERNOD RICARD SA,Growth,International Shares,Global Shares,Global Shares,Consumer Staples - 30,Euronext Paris,EUR,France,,World Large Blend Equity,International Equities - Unhedged,IEQStock
0.001280008737671885,KERING SA,Growth,International Shares,Global Shares,Global Shares,Consumer Discretionary - 25,Euronext Paris,EUR,France,,World Large Blend Equity,International Equities - Unhedged,IEQStock
0.0049261485615246904,CAPGEMINI,Growth,International Shares,Global Shares,Global Shares,Information Technology - 45,Euronext Paris,EUR,France,,World Large Blend Equity,International Equities - Unhedged,IEQStock
0.002800904227668836,ENGIE SA,Growth,International Shares,Global Shares,Global Shares,Utilities - 55,Euronext Paris,EUR,France,,World Large Blend Equity,International Equities - Unhedged,IEQStock
0.0032592983484436514,DASSAULT SYSTEMES,Growth,International Shares,Global Shares,Global Shares,Information Technology - 45,Euronext Paris,EUR,France,,World Large Blend Equity,International Equities - Unhedged,IEQStock
0.008829744251044764,ESTEE LAUDER INC CLASS A,Growth,International Shares,Global Shares,Global Shares,Health Care - 35,Euronext Paris,EUR,France,,World Large Blend Equity,International Equities - Unhedged,IEQStock
0.006784613881546317,DOLLAR GENERAL CORP,Growth,International Shares,Global Shares,Global Shares,Industrials - 20,Euronext Paris,EUR,France,,World Large Blend Equity,International Equities - Unhedged,IEQStock
0.007641799190117006,COMPAGNIE DE SAINT GOBAIN SA,Growth,International Shares,Global Shares,Global Shares,Industrials - 20,Euronext Paris,EUR,France,,World Large Blend Equity,International Equities - Unhedged,IEQStock
0.004231480536606824,LEGRAND SA,Growth,International Shares,Global Shares,Global Shares,Industrials - 20,Euronext Paris,EUR,France,,World Large Blend Equity,International Equities - Unhedged,IEQStock
0.0024990730391460723,SSE PLC,Growth,International Shares,Global Shares,Global Shares,Utilities - 55,London Stock Exchange,GBP,United Kingdom,,World Large Blend Equity,International Equities - Unhedged,IEQStock
0.0006867764001585211,VODAFONE GROUP PLC,Growth,International Shares,Global Shares,Global Shares,Communication Services - 50,London Stock Exchange,GBP,United Kingdom,,World Large Blend Equity,International Equities - Unhedged,IEQStock
0.0014335051454614966,IMPERIAL BRANDS PLC,Growth,International Shares,Global Shares,Global Shares,Consumer Staples - 30,London Stock Exchange,GBP,United Kingdom,,World Large Blend Equity,International Equities - Unhedged,IEQStock
0.002163218614850907,HALEON PLC,Growth,International Shares,Global Shares,Global Shares,Consumer Staples - 30,London Stock Exchange,GBP,United Kingdom,,World Large Blend Equity,International Equities - Unhedged,IEQStock
0.002041234723718556,STANDARD CHARTERED PLC,Growth,International Shares,Global Shares,Global Shares,Financials - 40,London Stock Exchange,GBP,United Kingdom,,World Large Blend Equity,International Equities - Unhedged,IEQStock
0.0012981846681224577,LEGAL AND GENERAL GROUP PLC,Growth,International Shares,Global Shares,Global Shares,Financials - 40,London Stock Exchange,GBP,United Kingdom,,World Large Blend Equity,International Equities - Unhedged,IEQStock
0.00105561388889992,AVIVA PLC,Growth,International Shares,Global Shares,Global Shares,Financials - 40,London Stock Exchange,GBP,United Kingdom,,World Large Blend Equity,International Equities - Unhedged,IEQStock
0.0013227918896370737,RENTOKIL INITIAL PLC,Growth,International Shares,Global Shares,Global Shares,Industrials - 20,London Stock Exchange,GBP,United Kingdom,,World Large Blend Equity,International Equities - Unhedged,IEQStock
0.0025034345420620135,NATWEST GROUP PLC,Growth,International Shares,Global Shares,Global Shares,Financials - 40,London Stock Exchange,GBP,United Kingdom,,World Large Blend Equity,International Equities - Unhedged,IEQStock
0.0026362245718175303,INTERCONTINENTAL HOTELS GROUP PLC,Growth,International Shares,Global Shares,Global Shares,Consumer Discretionary - 25,London Stock Exchange,GBP,United Kingdom,,World Large Blend Equity,International Equities - Unhedged,IEQStock
0.0018554402452517311,SAGE GROUP PLC,Growth,International Shares,Global Shares,Global Shares,Information Technology - 45,London Stock Exchange,GBP,United Kingdom,,World Large Blend Equity,International Equities - Unhedged,IEQStock
0.0012800142798896953,INFORMA PLC,Growth,International Shares,Global Shares,Global Shares,Communication Services - 50,London Stock Exchange,GBP,United Kingdom,,World Large Blend Equity,International Equities - Unhedged,IEQStock
0.001326298667565609,BUNZL,Growth,International Shares,Global Shares,Global Shares,Industrials - 20,London Stock Exchange,GBP,United Kingdom,,World Large Blend Equity,International Equities - Unhedged,IEQStock
0.0013308205723599213,SEGRO REIT PLC,Growth,International Shares,Global Shares,Global Shares,Real Estate - 60,London Stock Exchange,GBP,United Kingdom,,World Large Blend Equity,International Equities - Unhedged,IEQStock
0.002531525045603203,NEXT PLC,Growth,International Shares,Global Shares,Global Shares,Consumer Discretionary - 25,London Stock Exchange,GBP,United Kingdom,,World Large Blend Equity,International Equities - Unhedged,IEQStock
0.0005338167331031419,CENTRICA PLC,Growth,International Shares,Global Shares,Global Shares,Utilities - 55,London Stock Exchange,GBP,United Kingdom,,World Large Blend Equity,International Equities - Unhedged,IEQStock
0.0005541037867129863,SMITH AND NEPHEW PLC,Growth,International Shares,Global Shares,Global Shares,Health Care - 35,London Stock Exchange,GBP,United Kingdom,,World Large Blend Equity,International Equities - Unhedged,IEQStock
0.0007603004612152361,ASSOCIATED BRITISH FOODS PLC,Growth,International Shares,Global Shares,Global Shares,Consumer Staples - 30,London Stock Exchange,GBP,United Kingdom,,World Large Blend Equity,International Equities - Unhedged,IEQStock
0.0006638929449478198,WPP PLC,Growth,International Shares,Global Shares,Global Shares,Communication Services - 50,London Stock Exchange,GBP,United Kingdom,,World Large Blend Equity,International Equities - Unhedged,IEQStock
0.0008526555144380211,UNITED UTILITIES GROUP PLC,Growth,International Shares,Global Shares,Global Shares,Utilities - 55,London Stock Exchange,GBP,United Kingdom,,World Large Blend Equity,International Equities - Unhedged,IEQStock
0.001392441490026739,HALMA PLC,Growth,International Shares,Global Shares,Global Shares,Information Technology - 45,London Stock Exchange,GBP,United Kingdom,,World Large Blend Equity,International Equities - Unhedged,IEQStock
0.0008683701315250946,SEVERN TRENT PLC,Growth,International Shares,Global Shares,Global Shares,Utilities - 55,London Stock Exchange,GBP,United Kingdom,,World Large Blend Equity,International Equities - Unhedged,IEQStock
0.0007454738769546087,PEARSON PLC,Growth,International Shares,Global Shares,Global Shares,Consumer Discretionary - 25,London Stock Exchange,GBP,United Kingdom,,World Large Blend Equity,International Equities - Unhedged,IEQStock
0.00017319888002447837,BURBERRY GROUP PLC,Growth,International Shares,Global Shares,Global Shares,Consumer Discretionary - 25,London Stock Exchange,GBP,United Kingdom,,World Large Blend Equity,International Equities - Unhedged,IEQStock
0.0004131469753226314,MONDI PLC,Growth,International Shares,Global Shares,Global Shares,Materials - 15,London Stock Exchange,GBP,United Kingdom,,World Large Blend Equity,International Equities - Unhedged,IEQStock
0.0004701966745117269,WHITBREAD PLC,Growth,International Shares,Global Shares,Global Shares,Consumer Discretionary - 25,London Stock Exchange,GBP,United Kingdom,,World Large Blend Equity,International Equities - Unhedged,IEQStock
0.00048549022253067687,CRODA INTERNATIONAL PLC,Growth,International Shares,Global Shares,Global Shares,Materials - 15,London Stock Exchange,GBP,United Kingdom,,World Large Blend Equity,International Equities - Unhedged,IEQStock
0.0007430893000858142,INTERTEK GROUP PLC,Growth,International Shares,Global Shares,Global Shares,Industrials - 20,London Stock Exchange,GBP,United Kingdom,,World Large Blend Equity,International Equities - Unhedged,IEQStock
0.0007144474405653148,SPIRAX-SARCO ENGINEERING PLC,Growth,International Shares,Global Shares,Global Shares,Industrials - 20,London Stock Exchange,GBP,United Kingdom,,World Large Blend Equity,International Equities - Unhedged,IEQStock
0.0011327965504855392,AUTO TRADER GROUP PLC,Growth,International Shares,Global Shares,Global Shares,Communication Services - 50,London Stock Exchange,GBP,United Kingdom,,World Large Blend Equity,International Equities - Unhedged,IEQStock
0.0005089366778856536,ENTAIN PLC,Growth,International Shares,Global Shares,Global Shares,Consumer Discretionary - 25,London Stock Exchange,GBP,United Kingdom,,World Large Blend Equity,International Equities - Unhedged,IEQStock
0.0006021535914165739,SMITHS GROUP PLC,Growth,International Shares,Global Shares,Global Shares,Industrials - 20,London Stock Exchange,GBP,United Kingdom,,World Large Blend Equity,International Equities - Unhedged,IEQStock
0.0005196330370618046,BERKELEY GROUP HOLDINGS (THE) PLC,Growth,International Shares,Global Shares,Global Shares,Consumer Discretionary - 25,London Stock Exchange,GBP,United Kingdom,,World Large Blend Equity,International Equities - Unhedged,IEQStock
0.00044014975650785335,DCC PLC,Growth,International Shares,Global Shares,Global Shares,Industrials - 20,London Stock Exchange,GBP,United Kingdom,,World Large Blend Equity,International Equities - Unhedged,IEQStock
0.0003993614687409032,SAINSBURY(J) PLC,Growth,International Shares,Global Shares,Global Shares,Consumer Staples - 30,London Stock Exchange,GBP,United Kingdom,,World Large Blend Equity,International Equities - Unhedged,IEQStock
0.00047716362320305097,M&G PLC,Growth,International Shares,Global Shares,Global Shares,Financials - 40,London Stock Exchange,GBP,United Kingdom,,World Large Blend Equity,International Equities - Unhedged,IEQStock
0.001357629663941689,ANTOFAGASTA PLC,Growth,International Shares,Global Shares,Global Shares,Materials - 15,London Stock Exchange,GBP,United Kingdom,,World Large Blend Equity,International Equities - Unhedged,IEQStock
0.0002869126504930635,LAND SECURITIES GROUP REIT PLC,Growth,International Shares,Global Shares,Global Shares,Real Estate - 60,London Stock Exchange,GBP,United Kingdom,,World Large Blend Equity,International Equities - Unhedged,IEQStock
0.00040142913325727443,PHOENIX GROUP HOLDINGS PLC,Growth,International Shares,Global Shares,Global Shares,Financials - 40,London Stock Exchange,GBP,United Kingdom,,World Large Blend Equity,International Equities - Unhedged,IEQStock
0.00038091172664053165,BARRATT DEVELOPMENTS,Growth,International Shares,Global Shares,Global Shares,Consumer Discretionary - 25,London Stock Exchange,GBP,United Kingdom,,World Large Blend Equity,International Equities - Unhedged,IEQStock
0.0005408712404981795,KINGFISHER PLC,Growth,International Shares,Global Shares,Global Shares,Consumer Discretionary - 25,London Stock Exchange,GBP,United Kingdom,,World Large Blend Equity,International Equities - Unhedged,IEQStock
0.0007318579785112146,MARKS AND SPENCER GROUP PLC,Growth,International Shares,Global Shares,Global Shares,Consumer Staples - 30,London Stock Exchange,GBP,United Kingdom,,World Large Blend Equity,International Equities - Unhedged,IEQStock
0.00046043398759723555,TAYLOR WIMPEY PLC,Growth,International Shares,Global Shares,Global Shares,Consumer Discretionary - 25,London Stock Exchange,GBP,United Kingdom,,World Large Blend Equity,International Equities - Unhedged,IEQStock
0.00013517720012565595,OCADO GROUP PLC,Growth,International Shares,Global Shares,Global Shares,Consumer Staples - 30,London Stock Exchange,GBP,United Kingdom,,World Large Blend Equity,International Equities - Unhedged,IEQStock
0.00019826951184952543,ST JAMESS PLACE PLC,Growth,International Shares,Global Shares,Global Shares,Financials - 40,London Stock Exchange,GBP,United Kingdom,,World Large Blend Equity,International Equities - Unhedged,IEQStock
0.0002916479514429126,PERSIMMON PLC,Growth,International Shares,Global Shares,Global Shares,Consumer Discretionary - 25,London Stock Exchange,GBP,United Kingdom,,World Large Blend Equity,International Equities - Unhedged,IEQStock
0.0002542507084701207,SCHRODERS PLC,Growth,International Shares,Global Shares,Global Shares,Financials - 40,London Stock Exchange,GBP,United Kingdom,,World Large Blend Equity,International Equities - Unhedged,IEQStock
0.0001579911753532241,ABRDN PLC,Growth,International Shares,Global Shares,Global Shares,Financials - 40,London Stock Exchange,GBP,United Kingdom,,World Large Blend Equity,International Equities - Unhedged,IEQStock
0.0001386661170877119,HARGREAVES LANSDOWN PLC,Growth,International Shares,Global Shares,Global Shares,Financials - 40,London Stock Exchange,GBP,United Kingdom,,World Large Blend Equity,International Equities - Unhedged,IEQStock
0.016635784013639555,SHELL PLC,Growth,International Shares,Global Shares,Global Shares,Energy - 10,London Stock Exchange,GBP,United Kingdom,,World Large Blend Equity,International Equities - Unhedged,IEQStock
0.027413056707184368,ASTRAZENECA PLC,Growth,International Shares,Global Shares,Global Shares,Health Care - 35,London Stock Exchange,GBP,United Kingdom,,World Large Blend Equity,International Equities - Unhedged,IEQStock
0.011485274777019662,HSBC HOLDINGS PLC,Growth,International Shares,Global Shares,Global Shares,Financials - 40,London Stock Exchange,GBP,United Kingdom,,World Large Blend Equity,International Equities - Unhedged,IEQStock
0.01015995576019582,UNILEVER PLC,Growth,International Shares,Global Shares,Global Shares,Consumer Staples - 30,London Stock Exchange,GBP,United Kingdom,,World Large Blend Equity,International Equities - Unhedged,IEQStock
0.005594836954579137,BP PLC,Growth,International Shares,Global Shares,Global Shares,Energy - 10,London Stock Exchange,GBP,United Kingdom,,World Large Blend Equity,International Equities - Unhedged,IEQStock
0.005005853710319517,DIAGEO PLC,Growth,International Shares,Global Shares,Global Shares,Consumer Staples - 30,London Stock Exchange,GBP,United Kingdom,,World Large Blend Equity,International Equities - Unhedged,IEQStock
0.005804441588219594,GLAXOSMITHKLINE,Growth,International Shares,Global Shares,Global Shares,Health Care - 35,London Stock Exchange,GBP,United Kingdom,,World Large Blend Equity,International Equities - Unhedged,IEQStock
0.01318211253280461,RELX PLC,Growth,International Shares,Global Shares,Global Shares,Industrials - 20,London Stock Exchange,GBP,United Kingdom,,World Large Blend Equity,International Equities - Unhedged,IEQStock
0.005128927526880852,BRITISH AMERICAN TOBACCO,Growth,International Shares,Global Shares,Global Shares,Consumer Staples - 30,London Stock Exchange,GBP,United Kingdom,,World Large Blend Equity,International Equities - Unhedged,IEQStock
0.005567807186938276,GLENCORE PLC,Growth,International Shares,Global Shares,Global Shares,Materials - 15,London Stock Exchange,GBP,United Kingdom,,World Large Blend Equity,International Equities - Unhedged,IEQStock
0.002690012620497066,RECKITT BENCKISER GROUP PLC,Growth,International Shares,Global Shares,Global Shares,Consumer Staples - 30,London Stock Exchange,GBP,United Kingdom,,World Large Blend Equity,International Equities - Unhedged,IEQStock
0.0047994445039176966,NATIONAL GRID PLC,Growth,International Shares,Global Shares,Global Shares,Utilities - 55,London Stock Exchange,GBP,United Kingdom,,World Large Blend Equity,International Equities - Unhedged,IEQStock
0.008541889158314558,LONDON STOCK EXCHANGE GROUP PLC,Growth,International Shares,Global Shares,Global Shares,Financials - 40,London Stock Exchange,GBP,United Kingdom,,World Large Blend Equity,International Equities - Unhedged,IEQStock
0.005380566471099375,COMPASS GROUP PLC,Growth,International Shares,Global Shares,Global Shares,Consumer Discretionary - 25,London Stock Exchange,GBP,United Kingdom,,World Large Blend Equity,International Equities - Unhedged,IEQStock
0.015616738086177077,CRH PUBLIC LIMITED PLC,Growth,International Shares,Global Shares,Global Shares,Materials - 15,London Stock Exchange,GBP,United Kingdom,,World Large Blend Equity,International Equities - Unhedged,IEQStock
0.009817979428707106,BAE SYSTEMS PLC,Growth,International Shares,Global Shares,Global Shares,Industrials - 20,London Stock Exchange,GBP,United Kingdom,,World Large Blend Equity,International Equities - Unhedged,IEQStock
0.0030570294754778834,ANGLO AMERICAN PLC,Growth,International Shares,Global Shares,Global Shares,Materials - 15,London Stock Exchange,GBP,United Kingdom,,World Large Blend Equity,International Equities - Unhedged,IEQStock
0.003082288104545121,LLOYDS BANKING GROUP PLC,Growth,International Shares,Global Shares,Global Shares,Financials - 40,London Stock Exchange,GBP,United Kingdom,,World Large Blend Equity,International Equities - Unhedged,IEQStock
0.005629500361872317,EXPERIAN PLC,Growth,International Shares,Global Shares,Global Shares,Industrials - 20,London Stock Exchange,GBP,United Kingdom,,World Large Blend Equity,International Equities - Unhedged,IEQStock
0.007325878849650141,ASHTEAD GROUP PLC,Growth,International Shares,Global Shares,Global Shares,Industrials - 20,London Stock Exchange,GBP,United Kingdom,,World Large Blend Equity,International Equities - Unhedged,IEQStock
0.0036325096974616747,BARCLAYS PLC,Growth,International Shares,Global Shares,Global Shares,Financials - 40,London Stock Exchange,GBP,United Kingdom,,World Large Blend Equity,International Equities - Unhedged,IEQStock
0.00912731694892438,3I GROUP PLC,Growth,International Shares,Global Shares,Global Shares,Financials - 40,London Stock Exchange,GBP,United Kingdom,,World Large Blend Equity,International Equities - Unhedged,IEQStock
0.0056256654652793135,ROLLS-ROYCE HOLDINGS PLC,Growth,International Shares,Global Shares,Global Shares,Industrials - 20,London Stock Exchange,GBP,United Kingdom,,World Large Blend Equity,International Equities - Unhedged,IEQStock
0.002617348999539626,TRACTOR SUPPLY,Growth,International Shares,Global Shares,Global Shares,Consumer Staples - 30,London Stock Exchange,GBP,United Kingdom,,World Large Blend Equity,International Equities - Unhedged,IEQStock
0.0007413767606549451,WEIR GROUP PLC,Growth,International Shares,Global Shares,Global Shares,Industrials - 20,London Stock Exchange,GBP,United Kingdom,,World Large Blend Equity,International Equities - Unhedged,IEQStock
0.0011846531430616425,INTERMEDIATE CAPITAL GROUP PLC,Growth,International Shares,Global Shares,Global Shares,Financials - 40,London Stock Exchange,GBP,United Kingdom,,World Large Blend Equity,International Equities - Unhedged,IEQStock
0.0006993171322507602,SMITH (DS) PLC,Growth,International Shares,Global Shares,Global Shares,Materials - 15,London Stock Exchange,GBP,United Kingdom,,World Large Blend Equity,International Equities - Unhedged,IEQStock
0.0006271915136309534,RIGHTMOVE PLC,Growth,International Shares,Global Shares,Global Shares,Communication Services - 50,London Stock Exchange,GBP,United Kingdom,,World Large Blend Equity,International Equities - Unhedged,IEQStock
0.0008047839714330249,IMI PLC,Growth,International Shares,Global Shares,Global Shares,Industrials - 20,London Stock Exchange,GBP,United Kingdom,,World Large Blend Equity,International Equities - Unhedged,IEQStock
0.0001631834633391455,JOHNSON MATTHEY PLC,Growth,International Shares,Global Shares,Global Shares,Materials - 15,London Stock Exchange,GBP,United Kingdom,,World Large Blend Equity,International Equities - Unhedged,IEQStock
0.00022946860124211055,BRITISH LAND REIT PLC,Growth,International Shares,Global Shares,Global Shares,Real Estate - 60,London Stock Exchange,GBP,United Kingdom,,World Large Blend Equity,International Equities - Unhedged,IEQStock
0.0020958911999847956,GENMAB,Growth,International Shares,Global Shares,Global Shares,Health Care - 35,Nasdaq Omx Nordic Copenhagen,DKK,Denmark,,World Large Blend Equity,International Equities - Unhedged,IEQStock
0.002287167465309864,DANSKE BANK,Growth,International Shares,Global Shares,Global Shares,Financials - 40,Nasdaq Omx Nordic Copenhagen,DKK,Denmark,,World Large Blend Equity,International Equities - Unhedged,IEQStock
0.0017355951585799967,COLOPLAST B,Growth,International Shares,Global Shares,Global Shares,Health Care - 35,Nasdaq Omx Nordic Copenhagen,DKK,Denmark,,World Large Blend Equity,International Equities - Unhedged,IEQStock
0.0009201810066666444,CARLSBERG AS CL B,Growth,International Shares,Global Shares,Global Shares,Consumer Staples - 30,Nasdaq Omx Nordic Copenhagen,DKK,Denmark,,World Large Blend Equity,International Equities - Unhedged,IEQStock
0.0038881478632297023,PANDORA,Growth,International Shares,Global Shares,Global Shares,Consumer Discretionary - 25,Nasdaq Omx Nordic Copenhagen,DKK,Denmark,,World Large Blend Equity,International Equities - Unhedged,IEQStock
0.0006351706464150998,ORSTED,Growth,International Shares,Global Shares,Global Shares,Utilities - 55,Nasdaq Omx Nordic Copenhagen,DKK,Denmark,,World Large Blend Equity,International Equities - Unhedged,IEQStock
0.0005293071221705327,TRYG,Growth,International Shares,Global Shares,Global Shares,Financials - 40,Nasdaq Omx Nordic Copenhagen,DKK,Denmark,,World Large Blend Equity,International Equities - Unhedged,IEQStock
0.0006076108318277388,A P MOLLER MAERSK B,Growth,International Shares,Global Shares,Global Shares,Industrials - 20,Nasdaq Omx Nordic Copenhagen,DKK,Denmark,,World Large Blend Equity,International Equities - Unhedged,IEQStock
0.00031183938152983817,A P MOLLER MAERSK,Growth,International Shares,Global Shares,Global Shares,Industrials - 20,Nasdaq Omx Nordic Copenhagen,DKK,Denmark,,World Large Blend Equity,International Equities - Unhedged,IEQStock
0.15647326237108838,NOVO NORDISK CLASS B,Growth,International Shares,Global Shares,Global Shares,Health Care - 35,Nasdaq Omx Nordic Copenhagen,DKK,Denmark,,World Large Blend Equity,International Equities - Unhedged,IEQStock
0.0069288592388591285,DSV,Growth,International Shares,Global Shares,Global Shares,Industrials - 20,Nasdaq Omx Nordic Copenhagen,DKK,Denmark,,World Large Blend Equity,International Equities - Unhedged,IEQStock
0.0027178330184806925,VESTAS WIND SYSTEMS,Growth,International Shares,Global Shares,Global Shares,Industrials - 20,Nasdaq Omx Nordic Copenhagen,DKK,Denmark,,World Large Blend Equity,International Equities - Unhedged,IEQStock
0.0001261793502465806,GN STORE NORD,Growth,International Shares,Global Shares,Global Shares,Consumer Discretionary - 25,Nasdaq OMX Nordic Copenhagen,EUR,Denmark,,World Large Blend Equity,International Equities - Unhedged,IEQStock
0.0015449691987162871,SAMPO,Growth,International Shares,Global Shares,Global Shares,Financials - 40,Nasdaq OMX Nordic Helsinki,EUR,Finland,,World Large Blend Equity,International Equities - Unhedged,IEQStock
0.0015860894128115236,UPM-KYMMENE,Growth,International Shares,Global Shares,Global Shares,Materials - 15,Nasdaq OMX Nordic Helsinki,EUR,Finland,,World Large Blend Equity,International Equities - Unhedged,IEQStock
0.001187700016832901,NOKIA,Growth,International Shares,Global Shares,Global Shares,Information Technology - 45,Nasdaq OMX Nordic Helsinki,EUR,Finland,,World Large Blend Equity,International Equities - Unhedged,IEQStock
0.0016672487297967535,KONE,Growth,International Shares,Global Shares,Global Shares,Industrials - 20,Nasdaq OMX Nordic Helsinki,EUR,Finland,,World Large Blend Equity,International Equities - Unhedged,IEQStock
0.00018396397489123739,NESTE,Growth,International Shares,Global Shares,Global Shares,Energy - 10,Nasdaq OMX Nordic Helsinki,EUR,Finland,,World Large Blend Equity,International Equities - Unhedged,IEQStock
0.0005443637055148809,STORA ENSO CLASS R,Growth,International Shares,Global Shares,Global Shares,Materials - 15,Nasdaq OMX Nordic Helsinki,EUR,Finland,,World Large Blend Equity,International Equities - Unhedged,IEQStock
0.0005584421189470375,ELISA,Growth,International Shares,Global Shares,Global Shares,Communication Services - 50,Nasdaq OMX Nordic Helsinki,EUR,Finland,,World Large Blend Equity,International Equities - Unhedged,IEQStock
0.0015213494016922725,METSO OYJ NPV,Growth,International Shares,Global Shares,Global Shares,Industrials - 20,Nasdaq OMX Nordic Helsinki,EUR,Finland,,World Large Blend Equity,International Equities - Unhedged,IEQStock
0.0006769268817477377,WARTSILA,Growth,International Shares,Global Shares,Global Shares,Industrials - 20,Nasdaq OMX Nordic Helsinki,EUR,Finland,,World Large Blend Equity,International Equities - Unhedged,IEQStock
0.0002718006875786634,FORTUM,Growth,International Shares,Global Shares,Global Shares,Utilities - 55,Nasdaq OMX Nordic Helsinki,EUR,Finland,,World Large Blend Equity,International Equities - Unhedged,IEQStock
0.00016019876747044143,KESKO CLASS B,Growth,International Shares,Global Shares,Global Shares,Consumer Staples - 30,Nasdaq OMX Nordic Helsinki,EUR,Finland,,World Large Blend Equity,International Equities - Unhedged,IEQStock
0.004361385619560185,ASSA ABLOY B,Growth,International Shares,Global Shares,Global Shares,Industrials - 20,Nasdaq OMX Nordic Stockholm,SEK,Sweden,,World Large Blend Equity,International Equities - Unhedged,IEQStock
0.002919543896601819,SANDVIK,Growth,International Shares,Global Shares,Global Shares,Industrials - 20,Nasdaq OMX Nordic Stockholm,SEK,Sweden,,World Large Blend Equity,International Equities - Unhedged,IEQStock
0.0018417359503889422,SKANDINAVISKA ENSKILDA BANKEN,Growth,International Shares,Global Shares,Global Shares,Financials - 40,Nasdaq OMX Nordic Stockholm,SEK,Sweden,,World Large Blend Equity,International Equities - Unhedged,IEQStock
0.00044950995729355666,HEXAGON CLASS B,Growth,International Shares,Global Shares,Global Shares,Information Technology - 45,Nasdaq OMX Nordic Stockholm,SEK,Sweden,,World Large Blend Equity,International Equities - Unhedged,IEQStock
0.005398722750824558,ATLAS COPCO CLASS B,Growth,International Shares,Global Shares,Global Shares,Industrials - 20,Nasdaq OMX Nordic Stockholm,SEK,Sweden,,World Large Blend Equity,International Equities - Unhedged,IEQStock
0.0036328648513209282,EVOLUTION,Growth,International Shares,Global Shares,Global Shares,Consumer Discretionary - 25,Nasdaq OMX Nordic Stockholm,SEK,Sweden,,World Large Blend Equity,International Equities - Unhedged,IEQStock
0.001594075624647505,SWEDBANK,Growth,International Shares,Global Shares,Global Shares,Financials - 40,Nasdaq OMX Nordic Stockholm,SEK,Sweden,,World Large Blend Equity,International Equities - Unhedged,IEQStock
0.0014021018289699706,ERICSSON B,Growth,International Shares,Global Shares,Global Shares,Information Technology - 45,Nasdaq OMX Nordic Stockholm,SEK,Sweden,,World Large Blend Equity,International Equities - Unhedged,IEQStock
0.0015569507599208893,SVENSKA HANDELSBANKEN-A SHS,Growth,International Shares,Global Shares,Global Shares,Financials - 40,Nasdaq OMX Nordic Stockholm,SEK,Sweden,,World Large Blend Equity,International Equities - Unhedged,IEQStock
0.0014851253181898656,ESSITY CLASS B,Growth,International Shares,Global Shares,Global Shares,Consumer Staples - 30,Nasdaq OMX Nordic Stockholm,SEK,Sweden,,World Large Blend Equity,International Equities - Unhedged,IEQStock
0.0020881720821258093,EPIROC CLASS A,Growth,International Shares,Global Shares,Global Shares,Industrials - 20,Nasdaq OMX Nordic Stockholm,SEK,Sweden,,World Large Blend Equity,International Equities - Unhedged,IEQStock
0.0020915170132009536,ALFA LAVAL,Growth,International Shares,Global Shares,Global Shares,Industrials - 20,Nasdaq OMX Nordic Stockholm,SEK,Sweden,,World Large Blend Equity,International Equities - Unhedged,IEQStock
0.000347334277846523,NIBE INDUSTRIER CLASS B,Growth,International Shares,Global Shares,Global Shares,Industrials - 20,Nasdaq OMX Nordic Stockholm,SEK,Sweden,,World Large Blend Equity,International Equities - Unhedged,IEQStock
0.000770921840943424,HENNES & MAURITZ,Growth,International Shares,Global Shares,Global Shares,Consumer Discretionary - 25,Nasdaq OMX Nordic Stockholm,SEK,Sweden,,World Large Blend Equity,International Equities - Unhedged,IEQStock
0.0012582872975600398,SVENSKA CELLULOSA B,Growth,International Shares,Global Shares,Global Shares,Materials - 15,Nasdaq OMX Nordic Stockholm,SEK,Sweden,,World Large Blend Equity,International Equities - Unhedged,IEQStock
0.0009256006780668645,BOLIDEN,Growth,International Shares,Global Shares,Global Shares,Materials - 15,Nasdaq OMX Nordic Stockholm,SEK,Sweden,,World Large Blend Equity,International Equities - Unhedged,IEQStock
0.0009191556947370637,SKF B,Growth,International Shares,Global Shares,Global Shares,Industrials - 20,Nasdaq OMX Nordic Stockholm,SEK,Sweden,,World Large Blend Equity,International Equities - Unhedged,IEQStock
0.0010676137973619046,EPIROC CLASS B,Growth,International Shares,Global Shares,Global Shares,Industrials - 20,Nasdaq OMX Nordic Stockholm,SEK,Sweden,,World Large Blend Equity,International Equities - Unhedged,IEQStock
0.0002829727698559538,TELIA COMPANY,Growth,International Shares,Global Shares,Global Shares,Communication Services - 50,Nasdaq OMX Nordic Stockholm,SEK,Sweden,,World Large Blend Equity,International Equities - Unhedged,IEQStock
0.0007059987834687859,SKANSKA B,Growth,International Shares,Global Shares,Global Shares,Industrials - 20,Nasdaq OMX Nordic Stockholm,SEK,Sweden,,World Large Blend Equity,International Equities - Unhedged,IEQStock
0.0007836627510956924,INDUSTRIVARDEN SERIES,Growth,International Shares,Global Shares,Global Shares,Financials - 40,Nasdaq OMX Nordic Stockholm,SEK,Sweden,,World Large Blend Equity,International Equities - Unhedged,IEQStock
0.0007682277406330196,INDUSTRIVARDEN A,Growth,International Shares,Global Shares,Global Shares,Financials - 40,Nasdaq OMX Nordic Stockholm,SEK,Sweden,,World Large Blend Equity,International Equities - Unhedged,IEQStock
0.0007209047627284135,GETINGE B,Growth,International Shares,Global Shares,Global Shares,Health Care - 35,Nasdaq OMX Nordic Stockholm,SEK,Sweden,,World Large Blend Equity,International Equities - Unhedged,IEQStock
0.00030695599173149085,TELE2 B,Growth,International Shares,Global Shares,Global Shares,Communication Services - 50,Nasdaq OMX Nordic Stockholm,SEK,Sweden,,World Large Blend Equity,International Equities - Unhedged,IEQStock
0.010742438971564364,ATLAS COPCO CLASS A,Growth,International Shares,Global Shares,Global Shares,Industrials - 20,Nasdaq OMX Nordic Stockholm,SEK,Sweden,,World Large Blend Equity,International Equities - Unhedged,IEQStock
0.007874499912155776,VOLVO CLASS B,Growth,International Shares,Global Shares,Global Shares,Industrials - 20,Nasdaq OMX Nordic Stockholm,SEK,Sweden,,World Large Blend Equity,International Equities - Unhedged,IEQStock
0.0014282933023832857,RYANAIR HOLDINGS ADR REPRESENTING,Growth,International Shares,Global Shares,Global Shares,Industrials - 20,NASDAQ Stock Market,USA,United States,,World Large Blend Equity,International Equities - Unhedged,IEQStock
0.0016305699138246185,MELROSE INDUSTRIES PLC,Growth,International Shares,Global Shares,Global Shares,Energy - 10,New York Stock Exchange Inc.,USD,United States,,World Large Blend Equity,International Equities - Unhedged,IEQStock
0.0014844060289014869,EQT,Growth,International Shares,Global Shares,Global Shares,Energy - 10,New York Stock Exchange Inc.,USD,United States,,World Large Blend Equity,International Equities - Unhedged,IEQStock
0.0022597904813800944,MERCK & CO INC,Growth,International Shares,Global Shares,Global Shares,Health Care - 35,New York Stock Exchange Inc.,USD,United States,,World Large Blend Equity,International Equities - Unhedged,IEQStock
0.0008974706820091116,TE CONNECTIVITY LTD,Growth,International Shares,Global Shares,Global Shares,Information Technology - 45,New York Stock Exchange Inc.,USD,United States,,World Large Blend Equity,International Equities - Unhedged,IEQStock
0.0008272902053917955,ARCHER DANIELS MIDLAND,Growth,International Shares,Global Shares,Global Shares,Consumer Staples - 30,New York Stock Exchange Inc.,USD,United States,,World Large Blend Equity,International Equities - Unhedged,IEQStock
0.0029965777178893364,PRUDENTIAL PLC,Growth,International Shares,Global Shares,Global Shares,Financials - 40,New York Stock Exchange Inc.,USD,United States,,World Large Blend Equity,International Equities - Unhedged,IEQStock
0.0028555177224506264,SWISS LIFE HOLDING AG,Growth,International Shares,Global Shares,Global Shares,Financials - 40,SIX Swiss Exchange,CHF,Switzerland,,World Large Blend Equity,International Equities - Unhedged,IEQStock
0.0020625387131558187,GEBERIT AG,Growth,International Shares,Global Shares,Global Shares,Industrials - 20,SIX Swiss Exchange,CHF,Switzerland,,World Large Blend Equity,International Equities - Unhedged,IEQStock
0.0018332329865032861,KUEHNE UND NAGEL INTERNATIONAL AG,Growth,International Shares,Global Shares,Global Shares,Industrials - 20,SIX Swiss Exchange,CHF,Switzerland,,World Large Blend Equity,International Equities - Unhedged,IEQStock
0.0025480327068789052,STRAUMANN HOLDING AG,Growth,International Shares,Global Shares,Global Shares,Health Care - 35,SIX Swiss Exchange,CHF,Switzerland,,World Large Blend Equity,International Equities - Unhedged,IEQStock
0.0011171838716621213,SWISSCOM AG,Growth,International Shares,Global Shares,Global Shares,Communication Services - 50,SIX Swiss Exchange,CHF,Switzerland,,World Large Blend Equity,International Equities - Unhedged,IEQStock
0.002458626140839647,LOGITECH INTERNATIONAL SA,Growth,International Shares,Global Shares,Global Shares,Information Technology - 45,SIX Swiss Exchange,CHF,Switzerland,,World Large Blend Equity,International Equities - Unhedged,IEQStock
0.00153528315179207,CHOCOLADEFABRIKEN LINDT & SPRUENGL,Growth,International Shares,Global Shares,Global Shares,Consumer Staples - 30,SIX Swiss Exchange,CHF,Switzerland,,World Large Blend Equity,International Equities - Unhedged,IEQStock
0.0011120210205142265,SGS SA,Growth,International Shares,Global Shares,Global Shares,Industrials - 20,SIX Swiss Exchange,CHF,Switzerland,,World Large Blend Equity,International Equities - Unhedged,IEQStock
0.0021085544919549593,SONOVA HOLDING AG,Growth,International Shares,Global Shares,Global Shares,Health Care - 35,SIX Swiss Exchange,CHF,Switzerland,,World Large Blend Equity,International Equities - Unhedged,IEQStock
0.0012613253293999843,CHOCOLADEFABRIKEN LINDT & SPRUENGL,Growth,International Shares,Global Shares,Global Shares,Consumer Staples - 30,SIX Swiss Exchange,CHF,Switzerland,,World Large Blend Equity,International Equities - Unhedged,IEQStock
0.0012696895869878607,JULIUS BAER GRUPPE AG,Growth,International Shares,Global Shares,Global Shares,Financials - 40,SIX Swiss Exchange,CHF,Switzerland,,World Large Blend Equity,International Equities - Unhedged,IEQStock
0.001591354337392687,SANDOZ GROUP AG,Growth,International Shares,Global Shares,Global Shares,Health Care - 35,SIX Swiss Exchange,CHF,Switzerland,,World Large Blend Equity,International Equities - Unhedged,IEQStock
0.004155732481172674,VAT GROUP AG,Growth,International Shares,Global Shares,Global Shares,Industrials - 20,SIX Swiss Exchange,CHF,Switzerland,,World Large Blend Equity,International Equities - Unhedged,IEQStock
0.0009908671987302383,SCHINDLER HOLDING PAR AG,Growth,International Shares,Global Shares,Global Shares,Industrials - 20,SIX Swiss Exchange,CHF,Switzerland,,World Large Blend Equity,International Equities - Unhedged,IEQStock
0.000283535478402921,THE SWATCH GROUP AG,Growth,International Shares,Global Shares,Global Shares,Consumer Discretionary - 25,SIX Swiss Exchange,CHF,Switzerland,,World Large Blend Equity,International Equities - Unhedged,IEQStock
0.0008183047543430809,SIG GROUP N AG,Growth,International Shares,Global Shares,Global Shares,Materials - 15,SIX Swiss Exchange,CHF,Switzerland,,World Large Blend Equity,International Equities - Unhedged,IEQStock
0.0002712680996482432,ADECCO GROUP AG,Growth,International Shares,Global Shares,Global Shares,Industrials - 20,SIX Swiss Exchange,CHF,Switzerland,,World Large Blend Equity,International Equities - Unhedged,IEQStock
0.0006578910554897028,ROCHE HOLDING AG,Growth,International Shares,Global Shares,Global Shares,Health Care - 35,SIX Swiss Exchange,CHF,Switzerland,,World Large Blend Equity,International Equities - Unhedged,IEQStock
0.0006323852967473689,SWISS PRIME SITE AG,Growth,International Shares,Global Shares,Global Shares,Real Estate - 60,SIX Swiss Exchange,CHF,Switzerland,,World Large Blend Equity,International Equities - Unhedged,IEQStock
0.0006581757604184025,BALOISE HOLDING AG,Growth,International Shares,Global Shares,Global Shares,Financials - 40,SIX Swiss Exchange,CHF,Switzerland,,World Large Blend Equity,International Equities - Unhedged,IEQStock
0.0003789332590787138,BARRY CALLEBAUT AG,Growth,International Shares,Global Shares,Global Shares,Consumer Staples - 30,SIX Swiss Exchange,CHF,Switzerland,,World Large Blend Equity,International Equities - Unhedged,IEQStock
0.00019445102486982018,TEMENOS AG,Growth,International Shares,Global Shares,Global Shares,Information Technology - 45,SIX Swiss Exchange,CHF,Switzerland,,World Large Blend Equity,International Equities - Unhedged,IEQStock
0.0004952201833951719,SCHINDLER HOLDING AG,Growth,International Shares,Global Shares,Global Shares,Industrials - 20,SIX Swiss Exchange,CHF,Switzerland,,World Large Blend Equity,International Equities - Unhedged,IEQStock
9.443760405570211e-05,THE SWATCH GROUP AG,Growth,International Shares,Global Shares,Global Shares,Consumer Discretionary - 25,SIX Swiss Exchange,CHF,Switzerland,,World Large Blend Equity,International Equities - Unhedged,IEQStock
0.02071099027312041,NESTLE SA,Growth,International Shares,Global Shares,Global Shares,Consumer Staples - 30,SIX Swiss Exchange,CHF,Switzerland,,World Large Blend Equity,International Equities - Unhedged,IEQStock
0.01627370867955774,NOVARTIS AG,Growth,International Shares,Global Shares,Global Shares,Health Care - 35,SIX Swiss Exchange,CHF,Switzerland,,World Large Blend Equity,International Equities - Unhedged,IEQStock
0.015203401612519745,ROCHE HOLDING PAR AG,Growth,International Shares,Global Shares,Global Shares,Health Care - 35,SIX Swiss Exchange,CHF,Switzerland,,World Large Blend Equity,International Equities - Unhedged,IEQStock
0.014648587041516302,UBS GROUP AG,Growth,International Shares,Global Shares,Global Shares,Financials - 40,SIX Swiss Exchange,CHF,Switzerland,,World Large Blend Equity,International Equities - Unhedged,IEQStock
0.009896529575783016,ZURICH INSURANCE GROUP AG,Growth,International Shares,Global Shares,Global Shares,Financials - 40,SIX Swiss Exchange,CHF,Switzerland,,World Large Blend Equity,International Equities - Unhedged,IEQStock
0.01221489945917847,COMPAGNIE FINANCIERE RICHEMONT SA,Growth,International Shares,Global Shares,Global Shares,Consumer Discretionary - 25,SIX Swiss Exchange,CHF,Switzerland,,World Large Blend Equity,International Equities - Unhedged,IEQStock
0.013763351574835362,ABB LTD,Growth,International Shares,Global Shares,Global Shares,Industrials - 20,SIX Swiss Exchange,CHF,Switzerland,,World Large Blend Equity,International Equities - Unhedged,IEQStock
0.004208020274017039,ALCON AG,Growth,International Shares,Global Shares,Global Shares,Health Care - 35,SIX Swiss Exchange,CHF,Switzerland,,World Large Blend Equity,International Equities - Unhedged,IEQStock
0.006665391579813481,SIKA AG,Growth,International Shares,Global Shares,Global Shares,Materials - 15,SIX Swiss Exchange,CHF,Switzerland,,World Large Blend Equity,International Equities - Unhedged,IEQStock
0.006931975661811775,HOLCIM LTD AG,Growth,International Shares,Global Shares,Global Shares,Materials - 15,SIX Swiss Exchange,CHF,Switzerland,,World Large Blend Equity,International Equities - Unhedged,IEQStock
0.003109283399742008,SWISS RE AG,Growth,International Shares,Global Shares,Global Shares,Financials - 40,SIX Swiss Exchange,CHF,Switzerland,,World Large Blend Equity,International Equities - Unhedged,IEQStock
0.004558519093999806,GIVAUDAN SA,Growth,International Shares,Global Shares,Global Shares,Materials - 15,SIX Swiss Exchange,CHF,Switzerland,,World Large Blend Equity,International Equities - Unhedged,IEQStock
0.005776846651042218,LONZA GROUP AG,Growth,International Shares,Global Shares,Global Shares,Health Care - 35,SIX Swiss Exchange,CHF,Switzerland,,World Large Blend Equity,International Equities - Unhedged,IEQStock
0.004608202621163582,PARTNERS GROUP HOLDING AG,Growth,International Shares,Global Shares,Global Shares,Financials - 40,SIX Swiss Exchange,CHF,Switzerland,,World Large Blend Equity,International Equities - Unhedged,IEQStock
0.00687850773538499,BROOKFIELD CORP CLASS A,Growth,International Shares,Global Shares,Global Shares,Financials - 40,Toronto Stock Exchange,CAD,Canada,,World Large Blend Equity,International Equities - Unhedged,IEQStock
0.001776804995497151,ERSTE GROUP BANK AG,Growth,International Shares,Global Shares,Global Shares,Financials - 40,Vienna Stock Exchange,EUR,Austria,,World Large Blend Equity,International Equities - Unhedged,IEQStock
0.0009297700216782416,VERBUND AG,Growth,International Shares,Global Shares,Global Shares,Utilities - 55,Vienna Stock Exchange,EUR,Austria,,World Large Blend Equity,International Equities - Unhedged,IEQStock
0.000458628376549579,OMV AG,Growth,International Shares,Global Shares,Global Shares,Energy - 10,Vienna Stock Exchange,EUR,Austria,,World Large Blend Equity,International Equities - Unhedged,IEQStock
0.0016331016605000625,Bank Account,Defensive,Cash,Cash,Cash,ASXStock,Cash,Cash,Bank Account,Cash,Domestic Cash,Cash,Cash
0.0010562194481182658,FUJITSU LTD,Growth,International Shares,Global Shares,Global Shares,Information Technology - 45,Tokyo Stock Exchange,JPY,Japan,,World Large Blend Equity,International Equities - Unhedged,IEQStock
0.004438166620932878,SUMITOMO CORP,Growth,International Shares,Global Shares,Global Shares,Industrials - 20,Tokyo Stock Exchange,JPY,Japan,,World Large Blend Equity,International Equities - Unhedged,IEQStock
0.002854188827650537,BRIDGESTONE CORP,Growth,International Shares,Global Shares,Global Shares,Consumer Discretionary - 25,Tokyo Stock Exchange,JPY,Japan,,World Large Blend Equity,International Equities - Unhedged,IEQStock
0.0064229987398430385,MARUBENI CORP,Growth,International Shares,Global Shares,Global Shares,Industrials - 20,Tokyo Stock Exchange,JPY,Japan,,World Large Blend Equity,International Equities - Unhedged,IEQStock
0.0039086696184937215,KOMATSU LTD,Growth,International Shares,Global Shares,Global Shares,Industrials - 20,Tokyo Stock Exchange,JPY,Japan,,World Large Blend Equity,International Equities - Unhedged,IEQStock
0.0026491861938307965,ASTELLAS PHARMA INC,Growth,International Shares,Global Shares,Global Shares,Health Care - 35,Tokyo Stock Exchange,JPY,Japan,,World Large Blend Equity,International Equities - Unhedged,IEQStock
0.03814193571834891,ADVANTEST CORP,Growth,International Shares,Global Shares,Global Shares,Information Technology - 45,Tokyo Stock Exchange,JPY,Japan,,World Large Blend Equity,International Equities - Unhedged,IEQStock
0.0017816487524505399,FUJIFILM HOLDINGS CORP,Growth,International Shares,Global Shares,Global Shares,Information Technology - 45,Tokyo Stock Exchange,JPY,Japan,,World Large Blend Equity,International Equities - Unhedged,IEQStock
0.0027300069763566003,CHUGAI PHARMACEUTICAL LTD,Growth,International Shares,Global Shares,Global Shares,Health Care - 35,Tokyo Stock Exchange,JPY,Japan,,World Large Blend Equity,International Equities - Unhedged,IEQStock
0.004280746200568728,ORIX CORP,Growth,International Shares,Global Shares,Global Shares,Financials - 40,Tokyo Stock Exchange,JPY,Japan,,World Large Blend Equity,International Equities - Unhedged,IEQStock
0.002584297435390063,PANASONIC HOLDINGS CORP,Growth,International Shares,Global Shares,Global Shares,Consumer Discretionary - 25,Tokyo Stock Exchange,JPY,Japan,,World Large Blend Equity,International Equities - Unhedged,IEQStock
0.0011214626920192585,MITSUI FUDOSAN LTD,Growth,International Shares,Global Shares,Global Shares,Real Estate - 60,Tokyo Stock Exchange,JPY,Japan,,World Large Blend Equity,International Equities - Unhedged,IEQStock
0.002013254848358645,JAPAN POST HOLDINGS LTD,Growth,International Shares,Global Shares,Global Shares,Financials - 40,Tokyo Stock Exchange,JPY,Japan,,World Large Blend Equity,International Equities - Unhedged,IEQStock
0.004269650481298786,DAI-ICHI LIFE HOLDINGS INC,Growth,International Shares,Global Shares,Global Shares,Financials - 40,Tokyo Stock Exchange,JPY,Japan,,World Large Blend Equity,International Equities - Unhedged,IEQStock
0.00958467942500953,RENESAS ELECTRONICS CORP,Growth,International Shares,Global Shares,Global Shares,Information Technology - 45,Tokyo Stock Exchange,JPY,Japan,,World Large Blend Equity,International Equities - Unhedged,IEQStock
0.0019244807023262125,TERUMO CORP,Growth,International Shares,Global Shares,Global Shares,Health Care - 35,Tokyo Stock Exchange,JPY,Japan,,World Large Blend Equity,International Equities - Unhedged,IEQStock
0.003078501453615971,NIPPON STEEL CORP,Growth,International Shares,Global Shares,Global Shares,Materials - 15,Tokyo Stock Exchange,JPY,Japan,,World Large Blend Equity,International Equities - Unhedged,IEQStock
0.0007303549636340571,ASAHI GROUP HOLDINGS LTD,Growth,International Shares,Global Shares,Global Shares,Consumer Staples - 30,Tokyo Stock Exchange,JPY,Japan,,World Large Blend Equity,International Equities - Unhedged,IEQStock
0.020412847490293495,DISCO CORP,Growth,International Shares,Global Shares,Global Shares,Information Technology - 45,Tokyo Stock Exchange,JPY,Japan,,World Large Blend Equity,International Equities - Unhedged,IEQStock
0.000995975295825217,MITSUBISHI HEAVY INDUSTRIES LTD,Growth,International Shares,Global Shares,Global Shares,Industrials - 20,Tokyo Stock Exchange,JPY,Japan,,World Large Blend Equity,International Equities - Unhedged,IEQStock
0.0051182774863927655,OLYMPUS CORP,Growth,International Shares,Global Shares,Global Shares,Health Care - 35,Tokyo Stock Exchange,JPY,Japan,,World Large Blend Equity,International Equities - Unhedged,IEQStock
0.0014657255494434892,KAO CORP,Growth,International Shares,Global Shares,Global Shares,Consumer Staples - 30,Tokyo Stock Exchange,JPY,Japan,,World Large Blend Equity,International Equities - Unhedged,IEQStock
0.000493736591970754,KYOCERA CORP,Growth,International Shares,Global Shares,Global Shares,Information Technology - 45,Tokyo Stock Exchange,JPY,Japan,,World Large Blend Equity,International Equities - Unhedged,IEQStock
0.0022591857030501814,DAIWA HOUSE INDUSTRY LTD,Growth,International Shares,Global Shares,Global Shares,Real Estate - 60,Tokyo Stock Exchange,JPY,Japan,,World Large Blend Equity,International Equities - Unhedged,IEQStock
0.0011896426491906128,CENTRAL JAPAN RAILWAY,Growth,International Shares,Global Shares,Global Shares,Industrials - 20,Tokyo Stock Exchange,JPY,Japan,,World Large Blend Equity,International Equities - Unhedged,IEQStock
0.004806663549084586,AJINOMOTO INC,Growth,International Shares,Global Shares,Global Shares,Consumer Staples - 30,Tokyo Stock Exchange,JPY,Japan,,World Large Blend Equity,International Equities - Unhedged,IEQStock
0.0017494382440784632,MS&AD INSURANCE GROUP HOLDINGS INC,Growth,International Shares,Global Shares,Global Shares,Financials - 40,Tokyo Stock Exchange,JPY,Japan,,World Large Blend Equity,International Equities - Unhedged,IEQStock
0.0003844978791395914,NIDEC CORP,Growth,International Shares,Global Shares,Global Shares,Industrials - 20,Tokyo Stock Exchange,JPY,Japan,,World Large Blend Equity,International Equities - Unhedged,IEQStock
0.0005144059793499996,EAST JAPAN RAILWAY,Growth,International Shares,Global Shares,Global Shares,Industrials - 20,Tokyo Stock Exchange,JPY,Japan,,World Large Blend Equity,International Equities - Unhedged,IEQStock
0.0003883486229853486,TDK CORP,Growth,International Shares,Global Shares,Global Shares,Information Technology - 45,Tokyo Stock Exchange,JPY,Japan,,World Large Blend Equity,International Equities - Unhedged,IEQStock
0.0004038896716245487,SUZUKI MOTOR CORP,Growth,International Shares,Global Shares,Global Shares,Consumer Discretionary - 25,Tokyo Stock Exchange,JPY,Japan,,World Large Blend Equity,International Equities - Unhedged,IEQStock
0.0019288086567088387,MITSUBISHI ESTATE CO LTD,Growth,International Shares,Global Shares,Global Shares,Real Estate - 60,Tokyo Stock Exchange,JPY,Japan,,World Large Blend Equity,International Equities - Unhedged,IEQStock
0.0008531055890692827,SECOM LTD,Growth,International Shares,Global Shares,Global Shares,Industrials - 20,Tokyo Stock Exchange,JPY,Japan,,World Large Blend Equity,International Equities - Unhedged,IEQStock
0.0017548055107336744,KUBOTA CORP,Growth,International Shares,Global Shares,Global Shares,Industrials - 20,Tokyo Stock Exchange,JPY,Japan,,World Large Blend Equity,International Equities - Unhedged,IEQStock
0.0018710796556690673,UNICHARM CORP,Growth,International Shares,Global Shares,Global Shares,Consumer Staples - 30,Tokyo Stock Exchange,JPY,Japan,,World Large Blend Equity,International Equities - Unhedged,IEQStock
0.01391630337631519,LASERTEC CORP,Growth,International Shares,Global Shares,Global Shares,Information Technology - 45,Tokyo Stock Exchange,JPY,Japan,,World Large Blend Equity,International Equities - Unhedged,IEQStock
0.0024182898305022587,AEON LTD,Growth,International Shares,Global Shares,Global Shares,Consumer Staples - 30,Tokyo Stock Exchange,JPY,Japan,,World Large Blend Equity,International Equities - Unhedged,IEQStock
0.003148037331907745,OTSUKA HOLDINGS LTD,Growth,International Shares,Global Shares,Global Shares,Health Care - 35,Tokyo Stock Exchange,JPY,Japan,,World Large Blend Equity,International Equities - Unhedged,IEQStock
0.002572556432096877,INPEX CORP,Growth,International Shares,Global Shares,Global Shares,Energy - 10,Tokyo Stock Exchange,JPY,Japan,,World Large Blend Equity,International Equities - Unhedged,IEQStock
0.0015375139681321186,JAPAN POST BANK LTD,Growth,International Shares,Global Shares,Global Shares,Financials - 40,Tokyo Stock Exchange,JPY,Japan,,World Large Blend Equity,International Equities - Unhedged,IEQStock
0.0007226022798647825,EISAI LTD,Growth,International Shares,Global Shares,Global Shares,Health Care - 35,Tokyo Stock Exchange,JPY,Japan,,World Large Blend Equity,International Equities - Unhedged,IEQStock
0.0005288522079410969,SHISEIDO LTD,Growth,International Shares,Global Shares,Global Shares,Consumer Staples - 30,Tokyo Stock Exchange,JPY,Japan,,World Large Blend Equity,International Equities - Unhedged,IEQStock
0.0022325542739798326,BANDAI NAMCO HOLDINGS INC,Growth,International Shares,Global Shares,Global Shares,Consumer Discretionary - 25,Tokyo Stock Exchange,JPY,Japan,,World Large Blend Equity,International Equities - Unhedged,IEQStock
0.001207729588369292,SOMPO HOLDINGS INC,Growth,International Shares,Global Shares,Global Shares,Financials - 40,Tokyo Stock Exchange,JPY,Japan,,World Large Blend Equity,International Equities - Unhedged,IEQStock
0.0009939746522019345,TOYOTA TSUSHO CORP,Growth,International Shares,Global Shares,Global Shares,Industrials - 20,Tokyo Stock Exchange,JPY,Japan,,World Large Blend Equity,International Equities - Unhedged,IEQStock
0.00041415922927238644,SHIONOGI LTD,Growth,International Shares,Global Shares,Global Shares,Health Care - 35,Tokyo Stock Exchange,JPY,Japan,,World Large Blend Equity,International Equities - Unhedged,IEQStock
0.002510930492908133,NOMURA HOLDINGS INC,Growth,International Shares,Global Shares,Global Shares,Financials - 40,Tokyo Stock Exchange,JPY,Japan,,World Large Blend Equity,International Equities - Unhedged,IEQStock
0.0010249682512421842,SUMITOMO MITSUI TRUST HOLDINGS INC,Growth,International Shares,Global Shares,Global Shares,Financials - 40,Tokyo Stock Exchange,JPY,Japan,,World Large Blend Equity,International Equities - Unhedged,IEQStock
0.002878862492026572,SEKISUI HOUSE LTD,Growth,International Shares,Global Shares,Global Shares,Consumer Discretionary - 25,Tokyo Stock Exchange,JPY,Japan,,World Large Blend Equity,International Equities - Unhedged,IEQStock
0.005359147559299381,NEC CORP,Growth,International Shares,Global Shares,Global Shares,Information Technology - 45,Tokyo Stock Exchange,JPY,Japan,,World Large Blend Equity,International Equities - Unhedged,IEQStock
0.0015911688243601214,SHIMANO INC,Growth,International Shares,Global Shares,Global Shares,Consumer Discretionary - 25,Tokyo Stock Exchange,JPY,Japan,,World Large Blend Equity,International Equities - Unhedged,IEQStock
0.0023703181418290456,TOYOTA INDUSTRIES CORP,Growth,International Shares,Global Shares,Global Shares,Industrials - 20,Tokyo Stock Exchange,JPY,Japan,,World Large Blend Equity,International Equities - Unhedged,IEQStock
0.004532037707748825,NIPPON YUSEN,Growth,International Shares,Global Shares,Global Shares,Industrials - 20,Tokyo Stock Exchange,JPY,Japan,,World Large Blend Equity,International Equities - Unhedged,IEQStock
0.0020274161287320122,RESONA HOLDINGS INC,Growth,International Shares,Global Shares,Global Shares,Financials - 40,Tokyo Stock Exchange,JPY,Japan,,World Large Blend Equity,International Equities - Unhedged,IEQStock
0.001027788705350099,KIRIN HOLDINGS LTD,Growth,International Shares,Global Shares,Global Shares,Consumer Staples - 30,Tokyo Stock Exchange,JPY,Japan,,World Large Blend Equity,International Equities - Unhedged,IEQStock
0.0013184733081270986,SUBARU CORP,Growth,International Shares,Global Shares,Global Shares,Consumer Discretionary - 25,Tokyo Stock Exchange,JPY,Japan,,World Large Blend Equity,International Equities - Unhedged,IEQStock
0.0015060516125225785,ENEOS HOLDINGS INC,Growth,International Shares,Global Shares,Global Shares,Energy - 10,Tokyo Stock Exchange,JPY,Japan,,World Large Blend Equity,International Equities - Unhedged,IEQStock
0.003552610154837387,NOMURA RESEARCH INSTITUTE LTD,Growth,International Shares,Global Shares,Global Shares,Information Technology - 45,Tokyo Stock Exchange,JPY,Japan,,World Large Blend Equity,International Equities - Unhedged,IEQStock
0.0010029724764845432,JAPAN EXCHANGE GROUP INC,Growth,International Shares,Global Shares,Global Shares,Financials - 40,Tokyo Stock Exchange,JPY,Japan,,World Large Blend Equity,International Equities - Unhedged,IEQStock
0.0006377055525741469,OBIC LTD,Growth,International Shares,Global Shares,Global Shares,Information Technology - 45,Tokyo Stock Exchange,JPY,Japan,,World Large Blend Equity,International Equities - Unhedged,IEQStock
0.00046940978215733803,NITTO DENKO CORP,Growth,International Shares,Global Shares,Global Shares,Materials - 15,Tokyo Stock Exchange,JPY,Japan,,World Large Blend Equity,International Equities - Unhedged,IEQStock
0.00039587015570335813,NISSAN MOTOR LTD,Growth,International Shares,Global Shares,Global Shares,Consumer Discretionary - 25,Tokyo Stock Exchange,JPY,Japan,,World Large Blend Equity,International Equities - Unhedged,IEQStock
0.0013113881424758615,KANSAI ELECTRIC POWER INC,Growth,International Shares,Global Shares,Global Shares,Utilities - 55,Tokyo Stock Exchange,JPY,Japan,,World Large Blend Equity,International Equities - Unhedged,IEQStock
0.0011008408917698351,TOKYO GAS LTD,Growth,International Shares,Global Shares,Global Shares,Utilities - 55,Tokyo Stock Exchange,JPY,Japan,,World Large Blend Equity,International Equities - Unhedged,IEQStock
0.002361729187241209,MITSUI OSK LINES LTD,Growth,International Shares,Global Shares,Global Shares,Industrials - 20,Tokyo Stock Exchange,JPY,Japan,,World Large Blend Equity,International Equities - Unhedged,IEQStock
0.0014393804616525336,T&D HOLDINGS INC,Growth,International Shares,Global Shares,Global Shares,Financials - 40,Tokyo Stock Exchange,JPY,Japan,,World Large Blend Equity,International Equities - Unhedged,IEQStock
0.001381070611285155,SUMITOMO ELECTRIC INDUSTRIES LTD,Growth,International Shares,Global Shares,Global Shares,Consumer Discretionary - 25,Tokyo Stock Exchange,JPY,Japan,,World Large Blend Equity,International Equities - Unhedged,IEQStock
0.0012832589202870141,NITORI HOLDINGS LTD,Growth,International Shares,Global Shares,Global Shares,Consumer Discretionary - 25,Tokyo Stock Exchange,JPY,Japan,,World Large Blend Equity,International Equities - Unhedged,IEQStock
0.00023911603549087236,KIKKOMAN CORP,Growth,International Shares,Global Shares,Global Shares,Consumer Staples - 30,Tokyo Stock Exchange,JPY,Japan,,World Large Blend Equity,International Equities - Unhedged,IEQStock
0.00030798934071609655,WEST JAPAN RAILWAY,Growth,International Shares,Global Shares,Global Shares,Industrials - 20,Tokyo Stock Exchange,JPY,Japan,,World Large Blend Equity,International Equities - Unhedged,IEQStock
0.0014553567185621287,YASKAWA ELECTRIC CORP,Growth,International Shares,Global Shares,Global Shares,Industrials - 20,Tokyo Stock Exchange,JPY,Japan,,World Large Blend Equity,International Equities - Unhedged,IEQStock
0.001610428471543938,DAIWA SECURITIES GROUP INC,Growth,International Shares,Global Shares,Global Shares,Financials - 40,Tokyo Stock Exchange,JPY,Japan,,World Large Blend Equity,International Equities - Unhedged,IEQStock
0.0004583565403964814,SYSMEX CORP,Growth,International Shares,Global Shares,Global Shares,Health Care - 35,Tokyo Stock Exchange,JPY,Japan,,World Large Blend Equity,International Equities - Unhedged,IEQStock
0.0008263921795190427,ASAHI KASEI CORP,Growth,International Shares,Global Shares,Global Shares,Materials - 15,Tokyo Stock Exchange,JPY,Japan,,World Large Blend Equity,International Equities - Unhedged,IEQStock
0.000744171621202774,MITSUBISHI CHEMICAL GROUP CORP,Growth,International Shares,Global Shares,Global Shares,Materials - 15,Tokyo Stock Exchange,JPY,Japan,,World Large Blend Equity,International Equities - Unhedged,IEQStock
0.0009138158314805154,CHUBU ELECTRIC POWER INC,Growth,International Shares,Global Shares,Global Shares,Utilities - 55,Tokyo Stock Exchange,JPY,Japan,,World Large Blend Equity,International Equities - Unhedged,IEQStock
0.0018266238471294687,PAN PACIFIC INTERNATIONAL HOLDINGS,Growth,International Shares,Global Shares,Global Shares,Consumer Discretionary - 25,Tokyo Stock Exchange,JPY,Japan,,World Large Blend Equity,International Equities - Unhedged,IEQStock
0.0004677125733011291,YAMAHA MOTOR LTD,Growth,International Shares,Global Shares,Global Shares,Consumer Discretionary - 25,Tokyo Stock Exchange,JPY,Japan,,World Large Blend Equity,International Equities - Unhedged,IEQStock
0.0016501207864862857,NTT DATA GROUP CORP,Growth,International Shares,Global Shares,Global Shares,Information Technology - 45,Tokyo Stock Exchange,JPY,Japan,,World Large Blend Equity,International Equities - Unhedged,IEQStock
0.0009295775877304946,SUMITOMO REALTY & DEVELOPMENT LTD,Growth,International Shares,Global Shares,Global Shares,Real Estate - 60,Tokyo Stock Exchange,JPY,Japan,,World Large Blend Equity,International Equities - Unhedged,IEQStock
0.0012972038188901111,LY CORP,Growth,International Shares,Global Shares,Global Shares,Communication Services - 50,Tokyo Stock Exchange,JPY,Japan,,World Large Blend Equity,International Equities - Unhedged,IEQStock
0.0006928076936048575,M3 INC,Growth,International Shares,Global Shares,Global Shares,Health Care - 35,Tokyo Stock Exchange,JPY,Japan,,World Large Blend Equity,International Equities - Unhedged,IEQStock
0.000772346096778688,HANKYU HANSHIN HOLDINGS INC,Growth,International Shares,Global Shares,Global Shares,Industrials - 20,Tokyo Stock Exchange,JPY,Japan,,World Large Blend Equity,International Equities - Unhedged,IEQStock
0.0009870178950320521,SUMITOMO METAL MINING LTD,Growth,International Shares,Global Shares,Global Shares,Materials - 15,Tokyo Stock Exchange,JPY,Japan,,World Large Blend Equity,International Equities - Unhedged,IEQStock
0.0007343670786512858,TORAY INDUSTRIES INC,Growth,International Shares,Global Shares,Global Shares,Materials - 15,Tokyo Stock Exchange,JPY,Japan,,World Large Blend Equity,International Equities - Unhedged,IEQStock
0.0012183488501384338,OSAKA GAS LTD,Growth,International Shares,Global Shares,Global Shares,Utilities - 55,Tokyo Stock Exchange,JPY,Japan,,World Large Blend Equity,International Equities - Unhedged,IEQStock
0.0012172085521570198,KAJIMA CORP,Growth,International Shares,Global Shares,Global Shares,Industrials - 20,Tokyo Stock Exchange,JPY,Japan,,World Large Blend Equity,International Equities - Unhedged,IEQStock
0.0009280335147007052,JFE HOLDINGS INC,Growth,International Shares,Global Shares,Global Shares,Materials - 15,Tokyo Stock Exchange,JPY,Japan,,World Large Blend Equity,International Equities - Unhedged,IEQStock
0.0010856240948630834,OMRON CORP,Growth,International Shares,Global Shares,Global Shares,Information Technology - 45,Tokyo Stock Exchange,JPY,Japan,,World Large Blend Equity,International Equities - Unhedged,IEQStock
0.000711292845206174,TOKYO ELECTRIC POWER HOLDINGS INC,Growth,International Shares,Global Shares,Global Shares,Utilities - 55,Tokyo Stock Exchange,JPY,Japan,,World Large Blend Equity,International Equities - Unhedged,IEQStock
0.0005775710743823725,ONO PHARMACEUTICAL LTD,Growth,International Shares,Global Shares,Global Shares,Health Care - 35,Tokyo Stock Exchange,JPY,Japan,,World Large Blend Equity,International Equities - Unhedged,IEQStock
0.0009178416044826409,ISUZU MOTORS LTD,Growth,International Shares,Global Shares,Global Shares,Consumer Discretionary - 25,Tokyo Stock Exchange,JPY,Japan,,World Large Blend Equity,International Equities - Unhedged,IEQStock
0.0009294132133661573,AGC INC,Growth,International Shares,Global Shares,Global Shares,Industrials - 20,Tokyo Stock Exchange,JPY,Japan,,World Large Blend Equity,International Equities - Unhedged,IEQStock
0.0007621973714259156,DAITO TRUST CONSTRUCTION LTD,Growth,International Shares,Global Shares,Global Shares,Real Estate - 60,Tokyo Stock Exchange,JPY,Japan,,World Large Blend Equity,International Equities - Unhedged,IEQStock
0.001157109466100314,NEXON LTD,Growth,International Shares,Global Shares,Global Shares,Communication Services - 50,Tokyo Stock Exchange,JPY,Japan,,World Large Blend Equity,International Equities - Unhedged,IEQStock
0.00022227462591282185,NIPPON PAINT HOLDINGS LTD,Growth,International Shares,Global Shares,Global Shares,Materials - 15,Tokyo Stock Exchange,JPY,Japan,,World Large Blend Equity,International Equities - Unhedged,IEQStock
0.0011734690617877035,MINEBEA MITSUMI INC,Growth,International Shares,Global Shares,Global Shares,Industrials - 20,Tokyo Stock Exchange,JPY,Japan,,World Large Blend Equity,International Equities - Unhedged,IEQStock
0.00046622913133043673,YAKULT HONSHA LTD,Growth,International Shares,Global Shares,Global Shares,Consumer Staples - 30,Tokyo Stock Exchange,JPY,Japan,,World Large Blend Equity,International Equities - Unhedged,IEQStock
0.00011523789366221428,NIPPON BUILDING FUND REIT INC,Growth,International Shares,Global Shares,Global Shares,Real Estate - 60,Tokyo Stock Exchange,JPY,Japan,,World Large Blend Equity,International Equities - Unhedged,IEQStock
0.0004580444452990563,DENTSU GROUP INC,Growth,International Shares,Global Shares,Global Shares,Communication Services - 50,Tokyo Stock Exchange,JPY,Japan,,World Large Blend Equity,International Equities - Unhedged,IEQStock
0.00127763134167361,SHIMADZU CORP,Growth,International Shares,Global Shares,Global Shares,Information Technology - 45,Tokyo Stock Exchange,JPY,Japan,,World Large Blend Equity,International Equities - Unhedged,IEQStock
0.0005620441128154092,ROHM LTD,Growth,International Shares,Global Shares,Global Shares,Information Technology - 45,Tokyo Stock Exchange,JPY,Japan,,World Large Blend Equity,International Equities - Unhedged,IEQStock
0.0007646376670350309,CAPCOM LTD,Growth,International Shares,Global Shares,Global Shares,Communication Services - 50,Tokyo Stock Exchange,JPY,Japan,,World Large Blend Equity,International Equities - Unhedged,IEQStock
0.0007449337373604375,TAISEI CORP,Growth,International Shares,Global Shares,Global Shares,Industrials - 20,Tokyo Stock Exchange,JPY,Japan,,World Large Blend Equity,International Equities - Unhedged,IEQStock
0.0006304644262109696,DAI NIPPON PRINTING LTD,Growth,International Shares,Global Shares,Global Shares,Industrials - 20,Tokyo Stock Exchange,JPY,Japan,,World Large Blend Equity,International Equities - Unhedged,IEQStock
0.0010846423196396698,MATSUKIYOKARA,Growth,International Shares,Global Shares,Global Shares,Consumer Staples - 30,Tokyo Stock Exchange,JPY,Japan,,World Large Blend Equity,International Equities - Unhedged,IEQStock
0.0004029321642792632,MEIJI HOLDINGS LTD,Growth,International Shares,Global Shares,Global Shares,Consumer Staples - 30,Tokyo Stock Exchange,JPY,Japan,,World Large Blend Equity,International Equities - Unhedged,IEQStock
0.0007018407548758054,MAKITA CORP,Growth,International Shares,Global Shares,Global Shares,Industrials - 20,Tokyo Stock Exchange,JPY,Japan,,World Large Blend Equity,International Equities - Unhedged,IEQStock
0.0005954025813820813,MAZDA MOTOR CORP,Growth,International Shares,Global Shares,Global Shares,Consumer Discretionary - 25,Tokyo Stock Exchange,JPY,Japan,,World Large Blend Equity,International Equities - Unhedged,IEQStock
0.0006058243294061118,TOKYU CORP,Growth,International Shares,Global Shares,Global Shares,Industrials - 20,Tokyo Stock Exchange,JPY,Japan,,World Large Blend Equity,International Equities - Unhedged,IEQStock
0.0008074704848929829,RAKUTEN GROUP INC,Growth,International Shares,Global Shares,Global Shares,Consumer Discretionary - 25,Tokyo Stock Exchange,JPY,Japan,,World Large Blend Equity,International Equities - Unhedged,IEQStock
0.0010315745453218395,OBAYASHI CORP,Growth,International Shares,Global Shares,Global Shares,Industrials - 20,Tokyo Stock Exchange,JPY,Japan,,World Large Blend Equity,International Equities - Unhedged,IEQStock
0.0017980239687398376,TOPPAN HOLDINGS INC,Growth,International Shares,Global Shares,Global Shares,Industrials - 20,Tokyo Stock Exchange,JPY,Japan,,World Large Blend Equity,International Equities - Unhedged,IEQStock
0.00038458475866560456,NISSIN FOODS HOLDINGS LTD,Growth,International Shares,Global Shares,Global Shares,Consumer Staples - 30,Tokyo Stock Exchange,JPY,Japan,,World Large Blend Equity,International Equities - Unhedged,IEQStock
0.0002803914537843446,HAMAMATSU PHOTONICS,Growth,International Shares,Global Shares,Global Shares,Information Technology - 45,Tokyo Stock Exchange,JPY,Japan,,World Large Blend Equity,International Equities - Unhedged,IEQStock
0.0002133124856973463,AISIN CORP,Growth,International Shares,Global Shares,Global Shares,Consumer Discretionary - 25,Tokyo Stock Exchange,JPY,Japan,,World Large Blend Equity,International Equities - Unhedged,IEQStock
0.000668761647889545,KEISEI ELECTRIC RAILWAY LTD,Growth,International Shares,Global Shares,Global Shares,Industrials - 20,Tokyo Stock Exchange,JPY,Japan,,World Large Blend Equity,International Equities - Unhedged,IEQStock
0.0009500439135859547,DAIFUKU LTD,Growth,International Shares,Global Shares,Global Shares,Industrials - 20,Tokyo Stock Exchange,JPY,Japan,,World Large Blend Equity,International Equities - Unhedged,IEQStock
0.0008539035934956943,SBI HOLDINGS INC,Growth,International Shares,Global Shares,Global Shares,Financials - 40,Tokyo Stock Exchange,JPY,Japan,,World Large Blend Equity,International Equities - Unhedged,IEQStock
0.0009924203829312426,MITSUBISHI HC CAPITAL INC,Growth,International Shares,Global Shares,Global Shares,Financials - 40,Tokyo Stock Exchange,JPY,Japan,,World Large Blend Equity,International Equities - Unhedged,IEQStock
0.0003981516335494088,NISSAN CHEMICAL CORP,Growth,International Shares,Global Shares,Global Shares,Materials - 15,Tokyo Stock Exchange,JPY,Japan,,World Large Blend Equity,International Equities - Unhedged,IEQStock
0.0006765304970699779,SEKISUI CHEMICAL LTD,Growth,International Shares,Global Shares,Global Shares,Consumer Discretionary - 25,Tokyo Stock Exchange,JPY,Japan,,World Large Blend Equity,International Equities - Unhedged,IEQStock
0.0014910740226688477,KONAMI GROUP CORP,Growth,International Shares,Global Shares,Global Shares,Communication Services - 50,Tokyo Stock Exchange,JPY,Japan,,World Large Blend Equity,International Equities - Unhedged,IEQStock
0.0012457589886690616,FUJI ELECTRIC LTD,Growth,International Shares,Global Shares,Global Shares,Industrials - 20,Tokyo Stock Exchange,JPY,Japan,,World Large Blend Equity,International Equities - Unhedged,IEQStock
0.000870756966105448,TREND MICRO INC,Growth,International Shares,Global Shares,Global Shares,Information Technology - 45,Tokyo Stock Exchange,JPY,Japan,,World Large Blend Equity,International Equities - Unhedged,IEQStock
0.000404119098348109,KINTETSU GROUP HOLDINGS LTD,Growth,International Shares,Global Shares,Global Shares,Industrials - 20,Tokyo Stock Exchange,JPY,Japan,,World Large Blend Equity,International Equities - Unhedged,IEQStock
0.0017410384485785151,IBIDEN LTD,Growth,International Shares,Global Shares,Global Shares,Information Technology - 45,Tokyo Stock Exchange,JPY,Japan,,World Large Blend Equity,International Equities - Unhedged,IEQStock
0.0012740263116355673,ZENSHO HOLDINGS LTD,Growth,International Shares,Global Shares,Global Shares,Consumer Discretionary - 25,Tokyo Stock Exchange,JPY,Japan,,World Large Blend Equity,International Equities - Unhedged,IEQStock
0.0008617965451653088,CONCORDIA FINANCIAL GROUP LTD,Growth,International Shares,Global Shares,Global Shares,Financials - 40,Tokyo Stock Exchange,JPY,Japan,,World Large Blend Equity,International Equities - Unhedged,IEQStock
0.00042682261951391113,JAPAN REAL ESTATE INVESTMENT TRUST,Growth,International Shares,Global Shares,Global Shares,Real Estate - 60,Tokyo Stock Exchange,JPY,Japan,,World Large Blend Equity,International Equities - Unhedged,IEQStock
0.0003966660752789118,TOBU RAILWAY LTD,Growth,International Shares,Global Shares,Global Shares,Industrials - 20,Tokyo Stock Exchange,JPY,Japan,,World Large Blend Equity,International Equities - Unhedged,IEQStock
0.000577475571149134,SUMCO CORP,Growth,International Shares,Global Shares,Global Shares,Information Technology - 45,Tokyo Stock Exchange,JPY,Japan,,World Large Blend Equity,International Equities - Unhedged,IEQStock
0.00047328751957443455,NOMURA REAL ESTATE MASTER FUND REI,Growth,International Shares,Global Shares,Global Shares,Real Estate - 60,Tokyo Stock Exchange,JPY,Japan,,World Large Blend Equity,International Equities - Unhedged,IEQStock
0.0004798376531893895,MISUMI GROUP INC,Growth,International Shares,Global Shares,Global Shares,Industrials - 20,Tokyo Stock Exchange,JPY,Japan,,World Large Blend Equity,International Equities - Unhedged,IEQStock
0.0013196178147912123,NIPPON SANSO HOLDINGS CORP,Growth,International Shares,Global Shares,Global Shares,Materials - 15,Tokyo Stock Exchange,JPY,Japan,,World Large Blend Equity,International Equities - Unhedged,IEQStock
0.0002925477472672786,ODAKYU ELECTRIC RAILWAY LTD,Growth,International Shares,Global Shares,Global Shares,Industrials - 20,Tokyo Stock Exchange,JPY,Japan,,World Large Blend Equity,International Equities - Unhedged,IEQStock
0.0012445435831131145,JSR CORP,Growth,International Shares,Global Shares,Global Shares,Materials - 15,Tokyo Stock Exchange,JPY,Japan,,World Large Blend Equity,International Equities - Unhedged,IEQStock
0.0006317162011476914,RICOH LTD,Growth,International Shares,Global Shares,Global Shares,Information Technology - 45,Tokyo Stock Exchange,JPY,Japan,,World Large Blend Equity,International Equities - Unhedged,IEQStock
0.00020194389368753896,JAPAN METROPOLITAN FUND INVESTMENT,Growth,International Shares,Global Shares,Global Shares,Real Estate - 60,Tokyo Stock Exchange,JPY,Japan,,World Large Blend Equity,International Equities - Unhedged,IEQStock
0.0001826976914995065,KDX REALTY INVESTMENT CORP,Growth,International Shares,Global Shares,Global Shares,Real Estate - 60,Tokyo Stock Exchange,JPY,Japan,,World Large Blend Equity,International Equities - Unhedged,IEQStock
0.00023542474630513436,SG HOLDINGS LTD,Growth,International Shares,Global Shares,Global Shares,Industrials - 20,Tokyo Stock Exchange,JPY,Japan,,World Large Blend Equity,International Equities - Unhedged,IEQStock
0.0006727176321943516,MITSUI CHEMICALS INC,Growth,International Shares,Global Shares,Global Shares,Materials - 15,Tokyo Stock Exchange,JPY,Japan,,World Large Blend Equity,International Equities - Unhedged,IEQStock
0.00023615706375049923,YAMATO HOLDINGS LTD,Growth,International Shares,Global Shares,Global Shares,Industrials - 20,Tokyo Stock Exchange,JPY,Japan,,World Large Blend Equity,International Equities - Unhedged,IEQStock
0.00046282605223303485,OTSUKA CORP,Growth,International Shares,Global Shares,Global Shares,Information Technology - 45,Tokyo Stock Exchange,JPY,Japan,,World Large Blend Equity,International Equities - Unhedged,IEQStock
0.0005353211970215759,KYOWA KIRIN LTD,Growth,International Shares,Global Shares,Global Shares,Health Care - 35,Tokyo Stock Exchange,JPY,Japan,,World Large Blend Equity,International Equities - Unhedged,IEQStock
0.000147475908181439,IDEMITSU KOSAN LTD,Growth,International Shares,Global Shares,Global Shares,Energy - 10,Tokyo Stock Exchange,JPY,Japan,,World Large Blend Equity,International Equities - Unhedged,IEQStock
0.00038984552167482746,TIS INC,Growth,International Shares,Global Shares,Global Shares,Information Technology - 45,Tokyo Stock Exchange,JPY,Japan,,World Large Blend Equity,International Equities - Unhedged,IEQStock
0.0005309081213036778,GLP J-REIT REIT,Growth,International Shares,Global Shares,Global Shares,Real Estate - 60,Tokyo Stock Exchange,JPY,Japan,,World Large Blend Equity,International Equities - Unhedged,IEQStock
0.0004589045317218673,SUNTORY BEVERAGE & FOOD LTD,Growth,International Shares,Global Shares,Global Shares,Consumer Staples - 30,Tokyo Stock Exchange,JPY,Japan,,World Large Blend Equity,International Equities - Unhedged,IEQStock
0.0009571602672242138,KAWASAKI KISEN LTD,Growth,International Shares,Global Shares,Global Shares,Industrials - 20,Tokyo Stock Exchange,JPY,Japan,,World Large Blend Equity,International Equities - Unhedged,IEQStock
0.0007352628539371622,YOKOGAWA ELECTRIC CORP,Growth,International Shares,Global Shares,Global Shares,Information Technology - 45,Tokyo Stock Exchange,JPY,Japan,,World Large Blend Equity,International Equities - Unhedged,IEQStock
0.0004310236473754924,NIPPON PROLOGIS REIT INC,Growth,International Shares,Global Shares,Global Shares,Real Estate - 60,Tokyo Stock Exchange,JPY,Japan,,World Large Blend Equity,International Equities - Unhedged,IEQStock
0.0007380317584191417,SEIKO EPSON CORP,Growth,International Shares,Global Shares,Global Shares,Information Technology - 45,Tokyo Stock Exchange,JPY,Japan,,World Large Blend Equity,International Equities - Unhedged,IEQStock
0.0003533307806516388,DAIWA HOUSE REIT CORP,Growth,International Shares,Global Shares,Global Shares,Real Estate - 60,Tokyo Stock Exchange,JPY,Japan,,World Large Blend Equity,International Equities - Unhedged,IEQStock
0.0004975391627014415,TOHO (TOKYO) LTD,Growth,International Shares,Global Shares,Global Shares,Communication Services - 50,Tokyo Stock Exchange,JPY,Japan,,World Large Blend Equity,International Equities - Unhedged,IEQStock
0.0006210906267799696,SHIZUOKA FINANCIAL GROUP INC,Growth,International Shares,Global Shares,Global Shares,Financials - 40,Tokyo Stock Exchange,JPY,Japan,,World Large Blend Equity,International Equities - Unhedged,IEQStock
0.0006862669868529322,CHIBA BANK LTD,Growth,International Shares,Global Shares,Global Shares,Financials - 40,Tokyo Stock Exchange,JPY,Japan,,World Large Blend Equity,International Equities - Unhedged,IEQStock
0.0008549510658861431,KOBE BUSSAN LTD,Growth,International Shares,Global Shares,Global Shares,Consumer Staples - 30,Tokyo Stock Exchange,JPY,Japan,,World Large Blend Equity,International Equities - Unhedged,IEQStock
0.00043265403392762225,ASAHI INTECC LTD,Growth,International Shares,Global Shares,Global Shares,Health Care - 35,Tokyo Stock Exchange,JPY,Japan,,World Large Blend Equity,International Equities - Unhedged,IEQStock
0.0003906475815968199,SHIMIZU CORP,Growth,International Shares,Global Shares,Global Shares,Industrials - 20,Tokyo Stock Exchange,JPY,Japan,,World Large Blend Equity,International Equities - Unhedged,IEQStock
0.008778219503017283,BAYCURRENT CONSULTING INC,Growth,International Shares,Global Shares,Global Shares,Industrials - 20,Tokyo Stock Exchange,JPY,Japan,,World Large Blend Equity,International Equities - Unhedged,IEQStock
0.0006258166886269128,BROTHER INDUSTRIES LTD,Growth,International Shares,Global Shares,Global Shares,Information Technology - 45,Tokyo Stock Exchange,JPY,Japan,,World Large Blend Equity,International Equities - Unhedged,IEQStock
0.00025874547944933907,USS LTD,Growth,International Shares,Global Shares,Global Shares,Consumer Discretionary - 25,Tokyo Stock Exchange,JPY,Japan,,World Large Blend Equity,International Equities - Unhedged,IEQStock
0.00026082720841556756,SUMITOMO CHEMICAL LTD,Growth,International Shares,Global Shares,Global Shares,Materials - 15,Tokyo Stock Exchange,JPY,Japan,,World Large Blend Equity,International Equities - Unhedged,IEQStock
0.0003380728341068599,JAPAN POST INSURANCE LTD,Growth,International Shares,Global Shares,Global Shares,Financials - 40,Tokyo Stock Exchange,JPY,Japan,,World Large Blend Equity,International Equities - Unhedged,IEQStock
0.0003466572852984301,NIPPON EXPRESS HOLDINGS INC,Growth,International Shares,Global Shares,Global Shares,Industrials - 20,Tokyo Stock Exchange,JPY,Japan,,World Large Blend Equity,International Equities - Unhedged,IEQStock
0.00018761761790108366,AZBIL CORP,Growth,International Shares,Global Shares,Global Shares,Information Technology - 45,Tokyo Stock Exchange,JPY,Japan,,World Large Blend Equity,International Equities - Unhedged,IEQStock
0.0005379487199682423,HULIC LTD,Growth,International Shares,Global Shares,Global Shares,Real Estate - 60,Tokyo Stock Exchange,JPY,Japan,,World Large Blend Equity,International Equities - Unhedged,IEQStock
0.00028290665491136725,HOSHIZAKI CORP,Growth,International Shares,Global Shares,Global Shares,Industrials - 20,Tokyo Stock Exchange,JPY,Japan,,World Large Blend Equity,International Equities - Unhedged,IEQStock
0.0003069293870824871,OJI HOLDINGS CORP,Growth,International Shares,Global Shares,Global Shares,Materials - 15,Tokyo Stock Exchange,JPY,Japan,,World Large Blend Equity,International Equities - Unhedged,IEQStock
7.208665173363281e-05,YAMAHA CORP,Growth,International Shares,Global Shares,Global Shares,Consumer Discretionary - 25,Tokyo Stock Exchange,JPY,Japan,,World Large Blend Equity,International Equities - Unhedged,IEQStock
0.0004699340765156495,MCDONALDS HOLDINGS (JAPAN) LTD,Growth,International Shares,Global Shares,Global Shares,Consumer Discretionary - 25,Tokyo Stock Exchange,JPY,Japan,,World Large Blend Equity,International Equities - Unhedged,IEQStock
0.0005789944820599644,HIROSE ELECTRIC LTD,Growth,International Shares,Global Shares,Global Shares,Information Technology - 45,Tokyo Stock Exchange,JPY,Japan,,World Large Blend Equity,International Equities - Unhedged,IEQStock
0.00045214807459378247,TOSOH CORP,Growth,International Shares,Global Shares,Global Shares,Materials - 15,Tokyo Stock Exchange,JPY,Japan,,World Large Blend Equity,International Equities - Unhedged,IEQStock
0.00038170044222757065,TOTO LTD,Growth,International Shares,Global Shares,Global Shares,Industrials - 20,Tokyo Stock Exchange,JPY,Japan,,World Large Blend Equity,International Equities - Unhedged,IEQStock
0.00019031336611955685,KOITO MANUFACTURING LTD,Growth,International Shares,Global Shares,Global Shares,Consumer Discretionary - 25,Tokyo Stock Exchange,JPY,Japan,,World Large Blend Equity,International Equities - Unhedged,IEQStock
0.0002589109411867443,ANA HOLDINGS INC,Growth,International Shares,Global Shares,Global Shares,Industrials - 20,Tokyo Stock Exchange,JPY,Japan,,World Large Blend Equity,International Equities - Unhedged,IEQStock
0.0005526153462688259,HIKARI TSUSHIN INC,Growth,International Shares,Global Shares,Global Shares,Industrials - 20,Tokyo Stock Exchange,JPY,Japan,,World Large Blend Equity,International Equities - Unhedged,IEQStock
0.0006099825675204948,SQUARE ENIX HLDG LTD,Growth,International Shares,Global Shares,Global Shares,Communication Services - 50,Tokyo Stock Exchange,JPY,Japan,,World Large Blend Equity,International Equities - Unhedged,IEQStock
0.0003537544310296271,HITACHI CONSTRUCTION MACHINERY LTD,Growth,International Shares,Global Shares,Global Shares,Industrials - 20,Tokyo Stock Exchange,JPY,Japan,,World Large Blend Equity,International Equities - Unhedged,IEQStock
0.0007545370251666789,ZOZO INC,Growth,International Shares,Global Shares,Global Shares,Consumer Discretionary - 25,Tokyo Stock Exchange,JPY,Japan,,World Large Blend Equity,International Equities - Unhedged,IEQStock
0.00022485934982970453,SCSK CORP,Growth,International Shares,Global Shares,Global Shares,Information Technology - 45,Tokyo Stock Exchange,JPY,Japan,,World Large Blend Equity,International Equities - Unhedged,IEQStock
0.000568926591959745,ORACLE JAPAN CORP,Growth,International Shares,Global Shares,Global Shares,Information Technology - 45,Tokyo Stock Exchange,JPY,Japan,,World Large Blend Equity,International Equities - Unhedged,IEQStock
0.0006209322827140675,OPEN HOUSE GROUP LTD,Growth,International Shares,Global Shares,Global Shares,Consumer Discretionary - 25,Tokyo Stock Exchange,JPY,Japan,,World Large Blend Equity,International Equities - Unhedged,IEQStock
0.00017114296135709703,JAPAN AIRLINES LTD,Growth,International Shares,Global Shares,Global Shares,Industrials - 20,Tokyo Stock Exchange,JPY,Japan,,World Large Blend Equity,International Equities - Unhedged,IEQStock
0.0005122406720195773,NOMURA REAL ESTATE HOLDINGS INC,Growth,International Shares,Global Shares,Global Shares,Real Estate - 60,Tokyo Stock Exchange,JPY,Japan,,World Large Blend Equity,International Equities - Unhedged,IEQStock
0.00027742656021278463,IIDA GROUP HOLDINGS LTD,Growth,International Shares,Global Shares,Global Shares,Consumer Discretionary - 25,Tokyo Stock Exchange,JPY,Japan,,World Large Blend Equity,International Equities - Unhedged,IEQStock
0.00020232925052865507,MONOTARO LTD,Growth,International Shares,Global Shares,Global Shares,Industrials - 20,Tokyo Stock Exchange,JPY,Japan,,World Large Blend Equity,International Equities - Unhedged,IEQStock
0.00011543035298065097,KOSE CORP,Growth,International Shares,Global Shares,Global Shares,Consumer Staples - 30,Tokyo Stock Exchange,JPY,Japan,,World Large Blend Equity,International Equities - Unhedged,IEQStock
0.00014422570400817166,SHARP CORP,Growth,International Shares,Global Shares,Global Shares,Consumer Discretionary - 25,Tokyo Stock Exchange,JPY,Japan,,World Large Blend Equity,International Equities - Unhedged,IEQStock
0.00023953492407364826,KOEI TECMO HOLDINGS LTD,Growth,International Shares,Global Shares,Global Shares,Communication Services - 50,Tokyo Stock Exchange,JPY,Japan,,World Large Blend Equity,International Equities - Unhedged,IEQStock
0.03910792217310782,TOYOTA MOTOR CORP,Growth,International Shares,Global Shares,Global Shares,Consumer Discretionary - 25,Tokyo Stock Exchange,JPY,Japan,,World Large Blend Equity,International Equities - Unhedged,IEQStock
0.005529772190019154,SONY GROUP CORP,Growth,International Shares,Global Shares,Global Shares,Consumer Discretionary - 25,Tokyo Stock Exchange,JPY,Japan,,World Large Blend Equity,International Equities - Unhedged,IEQStock
0.028326025298515065,MITSUBISHI UFJ FINANCIAL GROUP INC,Growth,International Shares,Global Shares,Global Shares,Financials - 40,Tokyo Stock Exchange,JPY,Japan,,World Large Blend Equity,International Equities - Unhedged,IEQStock
0.019117653955592943,KEYENCE CORP,Growth,International Shares,Global Shares,Global Shares,Information Technology - 45,Tokyo Stock Exchange,JPY,Japan,,World Large Blend Equity,International Equities - Unhedged,IEQStock
0.041642875251053584,TOKYO ELECTRON LTD,Growth,International Shares,Global Shares,Global Shares,Information Technology - 45,Tokyo Stock Exchange,JPY,Japan,,World Large Blend Equity,International Equities - Unhedged,IEQStock
0.005326928495530661,SUMITOMO MITSUI FINANCIAL GROUP IN,Growth,International Shares,Global Shares,Global Shares,Financials - 40,Tokyo Stock Exchange,JPY,Japan,,World Large Blend Equity,International Equities - Unhedged,IEQStock
0.008292554688760246,HITACHI LTD,Growth,International Shares,Global Shares,Global Shares,Industrials - 20,Tokyo Stock Exchange,JPY,Japan,,World Large Blend Equity,International Equities - Unhedged,IEQStock
0.022512177065355632,SHIN ETSU CHEMICAL LTD,Growth,International Shares,Global Shares,Global Shares,Materials - 15,Tokyo Stock Exchange,JPY,Japan,,World Large Blend Equity,International Equities - Unhedged,IEQStock
0.004965210310021732,MITSUBISHI CORP,Growth,International Shares,Global Shares,Global Shares,Industrials - 20,Tokyo Stock Exchange,JPY,Japan,,World Large Blend Equity,International Equities - Unhedged,IEQStock
0.02063164139299101,DAIICHI SANKYO LTD,Growth,International Shares,Global Shares,Global Shares,Health Care - 35,Tokyo Stock Exchange,JPY,Japan,,World Large Blend Equity,International Equities - Unhedged,IEQStock
0.008559941531201227,MITSUI LTD,Growth,International Shares,Global Shares,Global Shares,Industrials - 20,Tokyo Stock Exchange,JPY,Japan,,World Large Blend Equity,International Equities - Unhedged,IEQStock
0.007517437265644979,HONDA MOTOR LTD,Growth,International Shares,Global Shares,Global Shares,Consumer Discretionary - 25,Tokyo Stock Exchange,JPY,Japan,,World Large Blend Equity,International Equities - Unhedged,IEQStock
0.019541423394929206,RECRUIT HOLDINGS LTD,Growth,International Shares,Global Shares,Global Shares,Industrials - 20,Tokyo Stock Exchange,JPY,Japan,,World Large Blend Equity,International Equities - Unhedged,IEQStock
0.018620121973734194,ITOCHU CORP,Growth,International Shares,Global Shares,Global Shares,Industrials - 20,Tokyo Stock Exchange,JPY,Japan,,World Large Blend Equity,International Equities - Unhedged,IEQStock
0.008147916894237824,KDDI CORP,Growth,International Shares,Global Shares,Global Shares,Communication Services - 50,Tokyo Stock Exchange,JPY,Japan,,World Large Blend Equity,International Equities - Unhedged,IEQStock
0.013576839901243833,NINTENDO LTD,Growth,International Shares,Global Shares,Global Shares,Communication Services - 50,Tokyo Stock Exchange,JPY,Japan,,World Large Blend Equity,International Equities - Unhedged,IEQStock
0.010578242630087813,SOFTBANK GROUP CORP,Growth,International Shares,Global Shares,Global Shares,Communication Services - 50,Tokyo Stock Exchange,JPY,Japan,,World Large Blend Equity,International Equities - Unhedged,IEQStock
0.005071806545392612,TAKEDA PHARMACEUTICAL LTD,Growth,International Shares,Global Shares,Global Shares,Health Care - 35,Tokyo Stock Exchange,JPY,Japan,,World Large Blend Equity,International Equities - Unhedged,IEQStock
0.004433993420919909,TOKIO MARINE HOLDINGS INC,Growth,International Shares,Global Shares,Global Shares,Financials - 40,Tokyo Stock Exchange,JPY,Japan,,World Large Blend Equity,International Equities - Unhedged,IEQStock
0.007544548205784559,MIZUHO FINANCIAL GROUP INC,Growth,International Shares,Global Shares,Global Shares,Financials - 40,Tokyo Stock Exchange,JPY,Japan,,World Large Blend Equity,International Equities - Unhedged,IEQStock
0.01036339808579349,FAST RETAILING LTD,Growth,International Shares,Global Shares,Global Shares,Consumer Discretionary - 25,Tokyo Stock Exchange,JPY,Japan,,World Large Blend Equity,International Equities - Unhedged,IEQStock
0.0062167984870718,DAIKIN INDUSTRIES LTD,Growth,International Shares,Global Shares,Global Shares,Industrials - 20,Tokyo Stock Exchange,JPY,Japan,,World Large Blend Equity,International Equities - Unhedged,IEQStock
0.00630540218085029,ORIENTAL LAND LTD,Growth,International Shares,Global Shares,Global Shares,Consumer Discretionary - 25,Tokyo Stock Exchange,JPY,Japan,,World Large Blend Equity,International Equities - Unhedged,IEQStock
0.012213858021006722,HOYA CORP,Growth,International Shares,Global Shares,Global Shares,Health Care - 35,Tokyo Stock Exchange,JPY,Japan,,World Large Blend Equity,International Equities - Unhedged,IEQStock
0.0027927945932541723,NIPPON TELEGRAPH AND TELEPHONE COR,Growth,International Shares,Global Shares,Global Shares,Communication Services - 50,Tokyo Stock Exchange,JPY,Japan,,World Large Blend Equity,International Equities - Unhedged,IEQStock
0.005355138677850936,MURATA MANUFACTURING LTD,Growth,International Shares,Global Shares,Global Shares,Information Technology - 45,Tokyo Stock Exchange,JPY,Japan,,World Large Blend Equity,International Equities - Unhedged,IEQStock
0.00048127976578251914,SOFTBANK CORP,Growth,International Shares,Global Shares,Global Shares,Communication Services - 50,Tokyo Stock Exchange,JPY,Japan,,World Large Blend Equity,International Equities - Unhedged,IEQStock
0.004825408462521049,JAPAN TOBACCO INC,Growth,International Shares,Global Shares,Global Shares,Consumer Staples - 30,Tokyo Stock Exchange,JPY,Japan,,World Large Blend Equity,International Equities - Unhedged,IEQStock
0.005603577801102958,SMC (JAPAN) CORP,Growth,International Shares,Global Shares,Global Shares,Industrials - 20,Tokyo Stock Exchange,JPY,Japan,,World Large Blend Equity,International Equities - Unhedged,IEQStock
0.0038339879026435537,SEVEN & I HOLDINGS LTD,Growth,International Shares,Global Shares,Global Shares,Consumer Staples - 30,Tokyo Stock Exchange,JPY,Japan,,World Large Blend Equity,International Equities - Unhedged,IEQStock
0.004853643709585972,DENSO CORP,Growth,International Shares,Global Shares,Global Shares,Consumer Discretionary - 25,Tokyo Stock Exchange,JPY,Japan,,World Large Blend Equity,International Equities - Unhedged,IEQStock
0.0031395461975133984,FANUC CORP,Growth,International Shares,Global Shares,Global Shares,Industrials - 20,Tokyo Stock Exchange,JPY,Japan,,World Large Blend Equity,International Equities - Unhedged,IEQStock
0.004013284885078854,CANON INC,Growth,International Shares,Global Shares,Global Shares,Information Technology - 45,Tokyo Stock Exchange,JPY,Japan,,World Large Blend Equity,International Equities - Unhedged,IEQStock
0.004989796947935732,MITSUBISHI ELECTRIC CORP,Growth,International Shares,Global Shares,Global Shares,Industrials - 20,Tokyo Stock Exchange,JPY,Japan,,World Large Blend Equity,International Equities - Unhedged,IEQStock
