Current Weight,Name,G0,G1,G2,G3,G4,G5,G6,G7,G8,PeerGroup,OptimiserCategory,Type
0.02188,Bank Account,Defensive,Cash,Cash,Cash,ASXStock,Cash,Cash,Bank Account,Cash,Domestic Cash,Cash,ASXStock
0.018674201999999997,Bank Account,Defensive,Cash,Cash,Cash,ASXStock,Cash,Cash,Bank Account,Cash,Domestic Cash,Cash,ASXStock
0.0010732299999999999,CBOE GLOBAL MARKETS INC,Growth,International Shares,Global Shares,Global Shares,Financials - 40,Cboe BZX formerly known as BATS,USD,United States,,World Large Blend Equity,International Equities - Unhedged,IEQStock
0.0012878759999999999,DEUTSCHE TELEKOM N AG,Growth,International Shares,Global Shares,Global Shares,Communication Services - 50,Deutsche Boerse Markets,EUR,Germany,,World Large Blend Equity,International Equities - Unhedged,IEQStock
0.0017171679999999998,ESTEE LAUDER INC CLASS A,Growth,International Shares,Global Shares,Global Shares,Health Care - 35,Euronext Paris,EUR,France,,World Large Blend Equity,International Equities - Unhedged,IEQStock
0.0015025219999999998,DOLLAR GENERAL CORP,Growth,International Shares,Global Shares,Global Shares,Industrials - 20,Euronext Paris,EUR,France,,World Large Blend Equity,International Equities - Unhedged,IEQStock
0.00042929199999999995,ANGLO AMERICAN PLC,Growth,International Shares,Global Shares,Global Shares,Materials - 15,London Stock Exchange,GBP,United Kingdom,,World Large Blend Equity,International Equities - Unhedged,IEQStock
0.0012878759999999999,TRACTOR SUPPLY,Growth,International Shares,Global Shares,Global Shares,Consumer Staples - 30,London Stock Exchange,GBP,United Kingdom,,World Large Blend Equity,International Equities - Unhedged,IEQStock
0.0012878759999999999,T ROWE PRICE GROUP INC,Growth,International Shares,Global Shares,Global Shares,Financials - 40,NASDAQ Stock Market,USD,United States,,World Large Blend Equity,International Equities - Unhedged,IEQStock
0.0012878759999999999,ULTA BEAUTY INC,Growth,International Shares,Global Shares,Global Shares,Consumer Discretionary - 25,NASDAQ Stock Market,USD,United States,,World Large Blend Equity,International Equities - Unhedged,IEQStock
0.0008585839999999999,VERISIGN INC,Growth,International Shares,Global Shares,Global Shares,Information Technology - 45,NASDAQ Stock Market,USD,United States,,World Large Blend Equity,International Equities - Unhedged,IEQStock
0.0010732299999999999,ILLUMINA INC,Growth,International Shares,Global Shares,Global Shares,Health Care - 35,NASDAQ Stock Market,USD,United States,,World Large Blend Equity,International Equities - Unhedged,IEQStock
0.0012878759999999999,FIFTH THIRD BANCORP,Growth,International Shares,Global Shares,Global Shares,Financials - 40,NASDAQ Stock Market,USD,United States,,World Large Blend Equity,International Equities - Unhedged,IEQStock
0.0010732299999999999,PTC INC,Growth,International Shares,Global Shares,Global Shares,Information Technology - 45,NASDAQ Stock Market,USD,United States,,World Large Blend Equity,International Equities - Unhedged,IEQStock
0.0010732299999999999,NASDAQ INC,Growth,International Shares,Global Shares,Global Shares,Financials - 40,NASDAQ Stock Market,USD,United States,,World Large Blend Equity,International Equities - Unhedged,IEQStock
0.0008585839999999999,STEEL DYNAMICS INC,Growth,International Shares,Global Shares,Global Shares,Materials - 15,NASDAQ Stock Market,USD,United States,,World Large Blend Equity,International Equities - Unhedged,IEQStock
0.0008585839999999999,HOLOGIC INC,Growth,International Shares,Global Shares,Global Shares,Health Care - 35,NASDAQ Stock Market,USD,United States,,World Large Blend Equity,International Equities - Unhedged,IEQStock
0.0008585839999999999,AKAMAI TECHNOLOGIES INC,Growth,International Shares,Global Shares,Global Shares,Information Technology - 45,NASDAQ Stock Market,USD,United States,,World Large Blend Equity,International Equities - Unhedged,IEQStock
0.0010732299999999999,COOPER INC,Growth,International Shares,Global Shares,Global Shares,Health Care - 35,NASDAQ Stock Market,USD,United States,,World Large Blend Equity,International Equities - Unhedged,IEQStock
0.0010732299999999999,EXPEDIA GROUP INC,Growth,International Shares,Global Shares,Global Shares,Consumer Discretionary - 25,NASDAQ Stock Market,USD,United States,,World Large Blend Equity,International Equities - Unhedged,IEQStock
0.0008585839999999999,NETAPP INC,Growth,International Shares,Global Shares,Global Shares,Information Technology - 45,NASDAQ Stock Market,USD,United States,,World Large Blend Equity,International Equities - Unhedged,IEQStock
0.0008585839999999999,CINCINNATI FINANCIAL CORP,Growth,International Shares,Global Shares,Global Shares,Financials - 40,NASDAQ Stock Market,USD,United States,,World Large Blend Equity,International Equities - Unhedged,IEQStock
0.0010732299999999999,WALGREEN BOOTS ALLIANCE INC,Growth,International Shares,Global Shares,Global Shares,Consumer Staples - 30,NASDAQ Stock Market,USD,United States,,World Large Blend Equity,International Equities - Unhedged,IEQStock
0.0008585839999999999,PRINCIPAL FINANCIAL GROUP INC,Growth,International Shares,Global Shares,Global Shares,Financials - 40,NASDAQ Stock Market,USD,United States,,World Large Blend Equity,International Equities - Unhedged,IEQStock
0.0008585839999999999,FIRST SOLAR INC,Growth,International Shares,Global Shares,Global Shares,Information Technology - 45,NASDAQ Stock Market,USD,United States,,World Large Blend Equity,International Equities - Unhedged,IEQStock
0.0008585839999999999,AXON ENTERPRISE INC,Growth,International Shares,Global Shares,Global Shares,Industrials - 20,NASDAQ Stock Market,USD,United States,,World Large Blend Equity,International Equities - Unhedged,IEQStock
0.0010732299999999999,HUNTINGTON BANCSHARES INC,Growth,International Shares,Global Shares,Global Shares,Financials - 40,NASDAQ Stock Market,USD,United States,,World Large Blend Equity,International Equities - Unhedged,IEQStock
0.0008585839999999999,NORTHERN TRUST CORP,Growth,International Shares,Global Shares,Global Shares,Financials - 40,NASDAQ Stock Market,USD,United States,,World Large Blend Equity,International Equities - Unhedged,IEQStock
0.0008585839999999999,JB HUNT TRANSPORT SERVICES INC,Growth,International Shares,Global Shares,Global Shares,Industrials - 20,NASDAQ Stock Market,USD,United States,,World Large Blend Equity,International Equities - Unhedged,IEQStock
0.0008585839999999999,SKYWORKS SOLUTIONS INC,Growth,International Shares,Global Shares,Global Shares,Information Technology - 45,NASDAQ Stock Market,USD,United States,,World Large Blend Equity,International Equities - Unhedged,IEQStock
0.0010732299999999999,ALIGN TECHNOLOGY INC,Growth,International Shares,Global Shares,Global Shares,Health Care - 35,NASDAQ Stock Market,USD,United States,,World Large Blend Equity,International Equities - Unhedged,IEQStock
0.0008585839999999999,WESTERN DIGITAL CORP,Growth,International Shares,Global Shares,Global Shares,Information Technology - 45,NASDAQ Stock Market,USD,United States,,World Large Blend Equity,International Equities - Unhedged,IEQStock
0.0008585839999999999,SEAGATE TECHNOLOGY HOLDINGS PLC,Growth,International Shares,Global Shares,Global Shares,Information Technology - 45,NASDAQ Stock Market,USD,United States,,World Large Blend Equity,International Equities - Unhedged,IEQStock
0.0008585839999999999,TERADYNE INC,Growth,International Shares,Global Shares,Global Shares,Information Technology - 45,NASDAQ Stock Market,USD,United States,,World Large Blend Equity,International Equities - Unhedged,IEQStock
0.0008585839999999999,POOL CORP,Growth,International Shares,Global Shares,Global Shares,Consumer Discretionary - 25,NASDAQ Stock Market,USD,United States,,World Large Blend Equity,International Equities - Unhedged,IEQStock
0.0006439379999999999,ALLIANT ENERGY CORP,Growth,International Shares,Global Shares,Global Shares,Utilities - 55,NASDAQ Stock Market,USD,United States,,World Large Blend Equity,International Equities - Unhedged,IEQStock
0.0008585839999999999,UNITED AIRLINES HOLDINGS INC,Growth,International Shares,Global Shares,Global Shares,Industrials - 20,NASDAQ Stock Market,USD,United States,,World Large Blend Equity,International Equities - Unhedged,IEQStock
0.0006439379999999999,LKQ CORP,Growth,International Shares,Global Shares,Global Shares,Consumer Discretionary - 25,NASDAQ Stock Market,USD,United States,,World Large Blend Equity,International Equities - Unhedged,IEQStock
0.0006439379999999999,NORDSON CORP,Growth,International Shares,Global Shares,Global Shares,Industrials - 20,NASDAQ Stock Market,USD,United States,,World Large Blend Equity,International Equities - Unhedged,IEQStock
0.0008585839999999999,HOST HOTELS & RESORTS REIT INC,Growth,International Shares,Global Shares,Global Shares,Real Estate - 60,NASDAQ Stock Market,USD,United States,,World Large Blend Equity,International Equities - Unhedged,IEQStock
0.0006439379999999999,APA CORP,Growth,International Shares,Global Shares,Global Shares,Energy - 10,NASDAQ Stock Market,USD,United States,,World Large Blend Equity,International Equities - Unhedged,IEQStock
0.0006439379999999999,EVERGY INC,Growth,International Shares,Global Shares,Global Shares,Utilities - 55,NASDAQ Stock Market,USD,United States,,World Large Blend Equity,International Equities - Unhedged,IEQStock
0.0008585839999999999,INSULET CORP,Growth,International Shares,Global Shares,Global Shares,Health Care - 35,NASDAQ Stock Market,USD,United States,,World Large Blend Equity,International Equities - Unhedged,IEQStock
0.0008585839999999999,VIATRIS INC,Growth,International Shares,Global Shares,Global Shares,Health Care - 35,NASDAQ Stock Market,USD,United States,,World Large Blend Equity,International Equities - Unhedged,IEQStock
0.0008585839999999999,ENPHASE ENERGY INC,Growth,International Shares,Global Shares,Global Shares,Information Technology - 45,NASDAQ Stock Market,USD,United States,,World Large Blend Equity,International Equities - Unhedged,IEQStock
0.0006439379999999999,ZEBRA TECHNOLOGIES CORP CLASS A,Growth,International Shares,Global Shares,Global Shares,Information Technology - 45,NASDAQ Stock Market,USD,United States,,World Large Blend Equity,International Equities - Unhedged,IEQStock
0.0006439379999999999,GEN DIGITAL INC,Growth,International Shares,Global Shares,Global Shares,Information Technology - 45,NASDAQ Stock Market,USD,United States,,World Large Blend Equity,International Equities - Unhedged,IEQStock
0.0006439379999999999,TRIMBLE INC,Growth,International Shares,Global Shares,Global Shares,Information Technology - 45,NASDAQ Stock Market,USD,United States,,World Large Blend Equity,International Equities - Unhedged,IEQStock
0.0006439379999999999,JACK HENRY AND ASSOCIATES INC,Growth,International Shares,Global Shares,Global Shares,Financials - 40,NASDAQ Stock Market,USD,United States,,World Large Blend Equity,International Equities - Unhedged,IEQStock
0.0006439379999999999,INCYTE CORP,Growth,International Shares,Global Shares,Global Shares,Health Care - 35,NASDAQ Stock Market,USD,United States,,World Large Blend Equity,International Equities - Unhedged,IEQStock
0.0006439379999999999,REGENCY CENTERS REIT CORP,Growth,International Shares,Global Shares,Global Shares,Real Estate - 60,NASDAQ Stock Market,USD,United States,,World Large Blend Equity,International Equities - Unhedged,IEQStock
0.0006439379999999999,CH ROBINSON WORLDWIDE INC,Growth,International Shares,Global Shares,Global Shares,Industrials - 20,NASDAQ Stock Market,USD,United States,,World Large Blend Equity,International Equities - Unhedged,IEQStock
0.00042929199999999995,CAESARS ENTERTAINMENT INC,Growth,International Shares,Global Shares,Global Shares,Consumer Discretionary - 25,NASDAQ Stock Market,USD,United States,,World Large Blend Equity,International Equities - Unhedged,IEQStock
0.0006439379999999999,BIO TECHNE CORP,Growth,International Shares,Global Shares,Global Shares,Health Care - 35,NASDAQ Stock Market,USD,United States,,World Large Blend Equity,International Equities - Unhedged,IEQStock
0.0006439379999999999,F5 INC,Growth,International Shares,Global Shares,Global Shares,Information Technology - 45,NASDAQ Stock Market,USD,United States,,World Large Blend Equity,International Equities - Unhedged,IEQStock
0.00042929199999999995,WYNN RESORTS LTD,Growth,International Shares,Global Shares,Global Shares,Consumer Discretionary - 25,NASDAQ Stock Market,USD,United States,,World Large Blend Equity,International Equities - Unhedged,IEQStock
0.0006439379999999999,QORVO INC,Growth,International Shares,Global Shares,Global Shares,Information Technology - 45,NASDAQ Stock Market,USD,United States,,World Large Blend Equity,International Equities - Unhedged,IEQStock
0.0006439379999999999,MATCH GROUP INC,Growth,International Shares,Global Shares,Global Shares,Communication Services - 50,NASDAQ Stock Market,USD,United States,,World Large Blend Equity,International Equities - Unhedged,IEQStock
0.00042929199999999995,HENRY SCHEIN INC,Growth,International Shares,Global Shares,Global Shares,Health Care - 35,NASDAQ Stock Market,USD,United States,,World Large Blend Equity,International Equities - Unhedged,IEQStock
0.0006439379999999999,MARKETAXESS HOLDINGS INC,Growth,International Shares,Global Shares,Global Shares,Financials - 40,NASDAQ Stock Market,USD,United States,,World Large Blend Equity,International Equities - Unhedged,IEQStock
0.00042929199999999995,NEWS CORP CLASS A,Growth,International Shares,Global Shares,Global Shares,Communication Services - 50,NASDAQ Stock Market,USD,United States,,World Large Blend Equity,International Equities - Unhedged,IEQStock
0.00042929199999999995,ETSY INC,Growth,International Shares,Global Shares,Global Shares,Consumer Discretionary - 25,NASDAQ Stock Market,USD,United States,,World Large Blend Equity,International Equities - Unhedged,IEQStock
0.00042929199999999995,FOX CORP CLASS A,Growth,International Shares,Global Shares,Global Shares,Communication Services - 50,NASDAQ Stock Market,USD,United States,,World Large Blend Equity,International Equities - Unhedged,IEQStock
0.00042929199999999995,PARAMOUNT GLOBAL CLASS B,Growth,International Shares,Global Shares,Global Shares,Communication Services - 50,NASDAQ Stock Market,USD,United States,,World Large Blend Equity,International Equities - Unhedged,IEQStock
0.00042929199999999995,DENTSPLY SIRONA INC,Growth,International Shares,Global Shares,Global Shares,Health Care - 35,NASDAQ Stock Market,USD,United States,,World Large Blend Equity,International Equities - Unhedged,IEQStock
0.00042929199999999995,HASBRO INC,Growth,International Shares,Global Shares,Global Shares,Consumer Discretionary - 25,NASDAQ Stock Market,USD,United States,,World Large Blend Equity,International Equities - Unhedged,IEQStock
0.00042929199999999995,ZIONS BANCORPORATION,Growth,International Shares,Global Shares,Global Shares,Financials - 40,NASDAQ Stock Market,USD,United States,,World Large Blend Equity,International Equities - Unhedged,IEQStock
0.00021464599999999998,FOX CORP CLASS B,Growth,International Shares,Global Shares,Global Shares,Communication Services - 50,NASDAQ Stock Market,USD,United States,,World Large Blend Equity,International Equities - Unhedged,IEQStock
0.14896432399999998,MICROSOFT CORP,Growth,International Shares,Global Shares,Global Shares,Information Technology - 45,NASDAQ Stock Market,USD,United States,,World Large Blend Equity,International Equities - Unhedged,IEQStock
0.14510069599999997,APPLE INC,Growth,International Shares,Global Shares,Global Shares,Information Technology - 45,NASDAQ Stock Market,USD,United States,,World Large Blend Equity,International Equities - Unhedged,IEQStock
0.07255034799999999,AMAZON COM INC,Growth,International Shares,Global Shares,Global Shares,Consumer Discretionary - 25,NASDAQ Stock Market,USD,United States,,World Large Blend Equity,International Equities - Unhedged,IEQStock
0.06911601199999999,NVIDIA CORP,Growth,International Shares,Global Shares,Global Shares,Information Technology - 45,NASDAQ Stock Market,USD,United States,,World Large Blend Equity,International Equities - Unhedged,IEQStock
0.04400242999999999,ALPHABET INC CLASS A,Growth,International Shares,Global Shares,Global Shares,Communication Services - 50,NASDAQ Stock Market,USD,United States,,World Large Blend Equity,International Equities - Unhedged,IEQStock
0.042714553999999995,META PLATFORMS INC CLASS A,Growth,International Shares,Global Shares,Global Shares,Communication Services - 50,NASDAQ Stock Market,USD,United States,,World Large Blend Equity,International Equities - Unhedged,IEQStock
0.037563049999999994,ALPHABET INC CLASS C,Growth,International Shares,Global Shares,Global Shares,Communication Services - 50,NASDAQ Stock Market,USD,United States,,World Large Blend Equity,International Equities - Unhedged,IEQStock
0.03563123599999999,TESLA INC,Growth,International Shares,Global Shares,Global Shares,Consumer Discretionary - 25,NASDAQ Stock Market,USD,United States,,World Large Blend Equity,International Equities - Unhedged,IEQStock
0.025328227999999994,BROADCOM INC,Growth,International Shares,Global Shares,Global Shares,Information Technology - 45,NASDAQ Stock Market,USD,United States,,World Large Blend Equity,International Equities - Unhedged,IEQStock
0.014166635999999998,ADOBE INC,Growth,International Shares,Global Shares,Global Shares,Information Technology - 45,NASDAQ Stock Market,USD,United States,,World Large Blend Equity,International Equities - Unhedged,IEQStock
0.015669158,COSTCO WHOLESALE CORP,Growth,International Shares,Global Shares,Global Shares,Consumer Staples - 30,NASDAQ Stock Market,USD,United States,,World Large Blend Equity,International Equities - Unhedged,IEQStock
0.012449467999999997,PEPSICO INC,Growth,International Shares,Global Shares,Global Shares,Consumer Staples - 30,NASDAQ Stock Market,USD,United States,,World Large Blend Equity,International Equities - Unhedged,IEQStock
0.010946945999999999,CISCO SYSTEMS INC,Growth,International Shares,Global Shares,Global Shares,Information Technology - 45,NASDAQ Stock Market,USD,United States,,World Large Blend Equity,International Equities - Unhedged,IEQStock
0.011376237999999999,NETFLIX INC,Growth,International Shares,Global Shares,Global Shares,Communication Services - 50,NASDAQ Stock Market,USD,United States,,World Large Blend Equity,International Equities - Unhedged,IEQStock
0.010517653999999998,LINDE PLC,Growth,International Shares,Global Shares,Global Shares,Materials - 15,NASDAQ Stock Market,USD,United States,,World Large Blend Equity,International Equities - Unhedged,IEQStock
0.012664113999999997,ADVANCED MICRO DEVICES INC,Growth,International Shares,Global Shares,Global Shares,Information Technology - 45,NASDAQ Stock Market,USD,United States,,World Large Blend Equity,International Equities - Unhedged,IEQStock
0.009444423999999998,COMCAST CORP CLASS A,Growth,International Shares,Global Shares,Global Shares,Communication Services - 50,NASDAQ Stock Market,USD,United States,,World Large Blend Equity,International Equities - Unhedged,IEQStock
0.010946945999999999,INTEL CORPORATION CORP,Growth,International Shares,Global Shares,Global Shares,Information Technology - 45,NASDAQ Stock Market,USD,United States,,World Large Blend Equity,International Equities - Unhedged,IEQStock
0.008800485999999998,AMGEN INC,Growth,International Shares,Global Shares,Global Shares,Health Care - 35,NASDAQ Stock Market,USD,United States,,World Large Blend Equity,International Equities - Unhedged,IEQStock
0.009015131999999999,INTUIT INC,Growth,International Shares,Global Shares,Global Shares,Information Technology - 45,NASDAQ Stock Market,USD,United States,,World Large Blend Equity,International Equities - Unhedged,IEQStock
0.008371193999999998,QUALCOMM INC,Growth,International Shares,Global Shares,Global Shares,Information Technology - 45,NASDAQ Stock Market,USD,United States,,World Large Blend Equity,International Equities - Unhedged,IEQStock
0.008156548,TEXAS INSTRUMENT INC,Growth,International Shares,Global Shares,Global Shares,Information Technology - 45,NASDAQ Stock Market,USD,United States,,World Large Blend Equity,International Equities - Unhedged,IEQStock
0.007083317999999999,HONEYWELL INTERNATIONAL INC,Growth,International Shares,Global Shares,Global Shares,Industrials - 20,NASDAQ Stock Market,USD,United States,,World Large Blend Equity,International Equities - Unhedged,IEQStock
0.006868671999999999,APPLIED MATERIAL INC,Growth,International Shares,Global Shares,Global Shares,Information Technology - 45,NASDAQ Stock Market,USD,United States,,World Large Blend Equity,International Equities - Unhedged,IEQStock
0.005795442,STARBUCKS CORP,Growth,International Shares,Global Shares,Global Shares,Consumer Discretionary - 25,NASDAQ Stock Market,USD,United States,,World Large Blend Equity,International Equities - Unhedged,IEQStock
0.006439379999999999,BOOKING HOLDINGS INC,Growth,International Shares,Global Shares,Global Shares,Consumer Discretionary - 25,NASDAQ Stock Market,USD,United States,,World Large Blend Equity,International Equities - Unhedged,IEQStock
0.005580795999999999,GILEAD SCIENCES INC,Growth,International Shares,Global Shares,Global Shares,Health Care - 35,NASDAQ Stock Market,USD,United States,,World Large Blend Equity,International Equities - Unhedged,IEQStock
0.006224733999999998,INTUITIVE SURGICAL INC,Growth,International Shares,Global Shares,Global Shares,Health Care - 35,NASDAQ Stock Market,USD,United States,,World Large Blend Equity,International Equities - Unhedged,IEQStock
0.005795442,VERTEX PHARMACEUTICALS INC,Growth,International Shares,Global Shares,Global Shares,Health Care - 35,NASDAQ Stock Market,USD,United States,,World Large Blend Equity,International Equities - Unhedged,IEQStock
0.005366149999999999,MONDELEZ INTERNATIONAL INC CLASS A,Growth,International Shares,Global Shares,Global Shares,Consumer Staples - 30,NASDAQ Stock Market,USD,United States,,World Large Blend Equity,International Equities - Unhedged,IEQStock
0.0051515039999999995,AUTOMATIC DATA PROCESSING INC,Growth,International Shares,Global Shares,Global Shares,Industrials - 20,NASDAQ Stock Market,USD,United States,,World Large Blend Equity,International Equities - Unhedged,IEQStock
0.0051515039999999995,REGENERON PHARMACEUTICALS INC,Growth,International Shares,Global Shares,Global Shares,Health Care - 35,NASDAQ Stock Market,USD,United States,,World Large Blend Equity,International Equities - Unhedged,IEQStock
0.005366149999999999,LAM RESEARCH CORP,Growth,International Shares,Global Shares,Global Shares,Information Technology - 45,NASDAQ Stock Market,USD,United States,,World Large Blend Equity,International Equities - Unhedged,IEQStock
0.004936858,ANALOG DEVICES INC,Growth,International Shares,Global Shares,Global Shares,Information Technology - 45,NASDAQ Stock Market,USD,United States,,World Large Blend Equity,International Equities - Unhedged,IEQStock
0.004936858,MICRON TECHNOLOGY INC,Growth,International Shares,Global Shares,Global Shares,Information Technology - 45,NASDAQ Stock Market,USD,United States,,World Large Blend Equity,International Equities - Unhedged,IEQStock
0.003863627999999999,CME GROUP INC CLASS A,Growth,International Shares,Global Shares,Global Shares,Financials - 40,NASDAQ Stock Market,USD,United States,,World Large Blend Equity,International Equities - Unhedged,IEQStock
0.004507565999999999,T MOBILE US INC,Growth,International Shares,Global Shares,Global Shares,Communication Services - 50,NASDAQ Stock Market,USD,United States,,World Large Blend Equity,International Equities - Unhedged,IEQStock
0.004078274,SYNOPSYS INC,Growth,International Shares,Global Shares,Global Shares,Information Technology - 45,NASDAQ Stock Market,USD,United States,,World Large Blend Equity,International Equities - Unhedged,IEQStock
0.004722211999999999,PALO ALTO NETWORKS INC,Growth,International Shares,Global Shares,Global Shares,Information Technology - 45,NASDAQ Stock Market,USD,United States,,World Large Blend Equity,International Equities - Unhedged,IEQStock
0.004078274,EQUINIX REIT INC,Growth,International Shares,Global Shares,Global Shares,Real Estate - 60,NASDAQ Stock Market,USD,United States,,World Large Blend Equity,International Equities - Unhedged,IEQStock
0.003863627999999999,CADENCE DESIGN SYSTEMS INC,Growth,International Shares,Global Shares,Global Shares,Information Technology - 45,NASDAQ Stock Market,USD,United States,,World Large Blend Equity,International Equities - Unhedged,IEQStock
0.004078274,KLA CORP,Growth,International Shares,Global Shares,Global Shares,Information Technology - 45,NASDAQ Stock Market,USD,United States,,World Large Blend Equity,International Equities - Unhedged,IEQStock
0.003648982,CSX CORP,Growth,International Shares,Global Shares,Global Shares,Industrials - 20,NASDAQ Stock Market,USD,United States,,World Large Blend Equity,International Equities - Unhedged,IEQStock
0.003648982,PAYPAL HOLDINGS INC,Growth,International Shares,Global Shares,Global Shares,Financials - 40,NASDAQ Stock Market,USD,United States,,World Large Blend Equity,International Equities - Unhedged,IEQStock
0.0030050439999999997,OREILLY AUTOMOTIVE INC,Growth,International Shares,Global Shares,Global Shares,Consumer Discretionary - 25,NASDAQ Stock Market,USD,United States,,World Large Blend Equity,International Equities - Unhedged,IEQStock
0.0030050439999999997,ROPER TECHNOLOGIES INC,Growth,International Shares,Global Shares,Global Shares,Information Technology - 45,NASDAQ Stock Market,USD,United States,,World Large Blend Equity,International Equities - Unhedged,IEQStock
0.0032196899999999994,AIRBNB INC CLASS A,Growth,International Shares,Global Shares,Global Shares,Consumer Discretionary - 25,NASDAQ Stock Market,USD,United States,,World Large Blend Equity,International Equities - Unhedged,IEQStock
0.0030050439999999997,MARRIOTT INTERNATIONAL INC CLASS A,Growth,International Shares,Global Shares,Global Shares,Consumer Discretionary - 25,NASDAQ Stock Market,USD,United States,,World Large Blend Equity,International Equities - Unhedged,IEQStock
0.0030050439999999997,NXP SEMICONDUCTORS NV,Growth,International Shares,Global Shares,Global Shares,Information Technology - 45,NASDAQ Stock Market,USD,United States,,World Large Blend Equity,International Equities - Unhedged,IEQStock
0.0030050439999999997,LULULEMON ATHLETICA INC,Growth,International Shares,Global Shares,Global Shares,Consumer Discretionary - 25,NASDAQ Stock Market,USD,United States,,World Large Blend Equity,International Equities - Unhedged,IEQStock
0.0027903979999999995,CINTAS CORP,Growth,International Shares,Global Shares,Global Shares,Industrials - 20,NASDAQ Stock Market,USD,United States,,World Large Blend Equity,International Equities - Unhedged,IEQStock
0.0025757519999999997,PACCAR INC,Growth,International Shares,Global Shares,Global Shares,Industrials - 20,NASDAQ Stock Market,USD,United States,,World Large Blend Equity,International Equities - Unhedged,IEQStock
0.0027903979999999995,AUTODESK INC,Growth,International Shares,Global Shares,Global Shares,Information Technology - 45,NASDAQ Stock Market,USD,United States,,World Large Blend Equity,International Equities - Unhedged,IEQStock
0.0021464599999999998,CHARTER COMMUNICATIONS INC CLASS A,Growth,International Shares,Global Shares,Global Shares,Communication Services - 50,NASDAQ Stock Market,USD,United States,,World Large Blend Equity,International Equities - Unhedged,IEQStock
0.0023611059999999995,ROSS STORES INC,Growth,International Shares,Global Shares,Global Shares,Consumer Discretionary - 25,NASDAQ Stock Market,USD,United States,,World Large Blend Equity,International Equities - Unhedged,IEQStock
0.0023611059999999995,MONSTER BEVERAGE CORP,Growth,International Shares,Global Shares,Global Shares,Consumer Staples - 30,NASDAQ Stock Market,USD,United States,,World Large Blend Equity,International Equities - Unhedged,IEQStock
0.0025757519999999997,MICROCHIP TECHNOLOGY INC,Growth,International Shares,Global Shares,Global Shares,Information Technology - 45,NASDAQ Stock Market,USD,United States,,World Large Blend Equity,International Equities - Unhedged,IEQStock
0.0023611059999999995,AMERICAN ELECTRIC POWER INC,Growth,International Shares,Global Shares,Global Shares,Utilities - 55,NASDAQ Stock Market,USD,United States,,World Large Blend Equity,International Equities - Unhedged,IEQStock
0.0021464599999999998,COPART INC,Growth,International Shares,Global Shares,Global Shares,Industrials - 20,NASDAQ Stock Market,USD,United States,,World Large Blend Equity,International Equities - Unhedged,IEQStock
0.0019318139999999996,EXELON CORP,Growth,International Shares,Global Shares,Global Shares,Utilities - 55,NASDAQ Stock Market,USD,United States,,World Large Blend Equity,International Equities - Unhedged,IEQStock
0.0019318139999999996,CONSTELLATION ENERGY CORP,Growth,International Shares,Global Shares,Global Shares,Utilities - 55,NASDAQ Stock Market,USD,United States,,World Large Blend Equity,International Equities - Unhedged,IEQStock
0.0025757519999999997,DEXCOM INC,Growth,International Shares,Global Shares,Global Shares,Health Care - 35,NASDAQ Stock Market,USD,United States,,World Large Blend Equity,International Equities - Unhedged,IEQStock
0.0021464599999999998,PAYCHEX INC,Growth,International Shares,Global Shares,Global Shares,Industrials - 20,NASDAQ Stock Market,USD,United States,,World Large Blend Equity,International Equities - Unhedged,IEQStock
0.0019318139999999996,BIOGEN INC,Growth,International Shares,Global Shares,Global Shares,Health Care - 35,NASDAQ Stock Market,USD,United States,,World Large Blend Equity,International Equities - Unhedged,IEQStock
0.0019318139999999996,OLD DOMINION FREIGHT LINE INC,Growth,International Shares,Global Shares,Global Shares,Industrials - 20,NASDAQ Stock Market,USD,United States,,World Large Blend Equity,International Equities - Unhedged,IEQStock
0.0023611059999999995,IDEXX LABORATORIES INC,Growth,International Shares,Global Shares,Global Shares,Health Care - 35,NASDAQ Stock Market,USD,United States,,World Large Blend Equity,International Equities - Unhedged,IEQStock
0.0017171679999999998,BAKER HUGHES CLASS A,Growth,International Shares,Global Shares,Global Shares,Energy - 10,NASDAQ Stock Market,USD,United States,,World Large Blend Equity,International Equities - Unhedged,IEQStock
0.0017171679999999998,VERISK ANALYTICS INC,Growth,International Shares,Global Shares,Global Shares,Industrials - 20,NASDAQ Stock Market,USD,United States,,World Large Blend Equity,International Equities - Unhedged,IEQStock
0.0019318139999999996,FASTENAL,Growth,International Shares,Global Shares,Global Shares,Industrials - 20,NASDAQ Stock Market,USD,United States,,World Large Blend Equity,International Equities - Unhedged,IEQStock
0.0019318139999999996,COGNIZANT TECHNOLOGY SOLUTIONS COR,Growth,International Shares,Global Shares,Global Shares,Information Technology - 45,NASDAQ Stock Market,USD,United States,,World Large Blend Equity,International Equities - Unhedged,IEQStock
0.0019318139999999996,XCEL ENERGY INC,Growth,International Shares,Global Shares,Global Shares,Utilities - 55,NASDAQ Stock Market,USD,United States,,World Large Blend Equity,International Equities - Unhedged,IEQStock
0.0021464599999999998,FORTINET INC,Growth,International Shares,Global Shares,Global Shares,Information Technology - 45,NASDAQ Stock Market,USD,United States,,World Large Blend Equity,International Equities - Unhedged,IEQStock
0.0017171679999999998,ELECTRONIC ARTS INC,Growth,International Shares,Global Shares,Global Shares,Communication Services - 50,NASDAQ Stock Market,USD,United States,,World Large Blend Equity,International Equities - Unhedged,IEQStock
0.0015025219999999998,ARCH CAPITAL GROUP LTD,Growth,International Shares,Global Shares,Global Shares,Financials - 40,NASDAQ Stock Market,USD,United States,,World Large Blend Equity,International Equities - Unhedged,IEQStock
0.0017171679999999998,COSTAR GROUP INC,Growth,International Shares,Global Shares,Global Shares,Real Estate - 60,NASDAQ Stock Market,USD,United States,,World Large Blend Equity,International Equities - Unhedged,IEQStock
0.0017171679999999998,KEURIG DR PEPPER INC,Growth,International Shares,Global Shares,Global Shares,Consumer Staples - 30,NASDAQ Stock Market,USD,United States,,World Large Blend Equity,International Equities - Unhedged,IEQStock
0.0017171679999999998,ON SEMICONDUCTOR CORP,Growth,International Shares,Global Shares,Global Shares,Information Technology - 45,NASDAQ Stock Market,USD,United States,,World Large Blend Equity,International Equities - Unhedged,IEQStock
0.0015025219999999998,DIAMONDBACK ENERGY INC,Growth,International Shares,Global Shares,Global Shares,Energy - 10,NASDAQ Stock Market,USD,United States,,World Large Blend Equity,International Equities - Unhedged,IEQStock
0.0015025219999999998,CDW CORP,Growth,International Shares,Global Shares,Global Shares,Information Technology - 45,NASDAQ Stock Market,USD,United States,,World Large Blend Equity,International Equities - Unhedged,IEQStock
0.0017171679999999998,GE HEALTHCARE TECHNOLOGIES INC,Growth,International Shares,Global Shares,Global Shares,Health Care - 35,NASDAQ Stock Market,USD,United States,,World Large Blend Equity,International Equities - Unhedged,IEQStock
0.0017171679999999998,KRAFT HEINZ,Growth,International Shares,Global Shares,Global Shares,Consumer Staples - 30,NASDAQ Stock Market,USD,United States,,World Large Blend Equity,International Equities - Unhedged,IEQStock
0.0012878759999999999,WARNER BROS. DISCOVERY INC SERIES,Growth,International Shares,Global Shares,Global Shares,Communication Services - 50,NASDAQ Stock Market,USD,United States,,World Large Blend Equity,International Equities - Unhedged,IEQStock
0.0012878759999999999,WILLIS TOWERS WATSON PLC,Growth,International Shares,Global Shares,Global Shares,Financials - 40,NASDAQ Stock Market,USD,United States,,World Large Blend Equity,International Equities - Unhedged,IEQStock
0.0017171679999999998,ANSYS INC,Growth,International Shares,Global Shares,Global Shares,Information Technology - 45,NASDAQ Stock Market,USD,United States,,World Large Blend Equity,International Equities - Unhedged,IEQStock
0.0021464599999999998,MODERNA INC,Growth,International Shares,Global Shares,Global Shares,Health Care - 35,NASDAQ Stock Market,USD,United States,,World Large Blend Equity,International Equities - Unhedged,IEQStock
0.0015025219999999998,DOLLAR TREE INC,Growth,International Shares,Global Shares,Global Shares,Consumer Staples - 30,NASDAQ Stock Market,USD,United States,,World Large Blend Equity,International Equities - Unhedged,IEQStock
0.0015025219999999998,SBA COMMUNICATIONS REIT CORP CLASS,Growth,International Shares,Global Shares,Global Shares,Real Estate - 60,NASDAQ Stock Market,USD,United States,,World Large Blend Equity,International Equities - Unhedged,IEQStock
0.0015025219999999998,MONOLITHIC POWER SYSTEMS INC,Growth,International Shares,Global Shares,Global Shares,Information Technology - 45,NASDAQ Stock Market,USD,United States,,World Large Blend Equity,International Equities - Unhedged,IEQStock
0.0012878759999999999,EBAY INC,Growth,International Shares,Global Shares,Global Shares,Consumer Discretionary - 25,NASDAQ Stock Market,USD,United States,,World Large Blend Equity,International Equities - Unhedged,IEQStock
0.0012878759999999999,TAKE TWO INTERACTIVE SOFTWARE INC,Growth,International Shares,Global Shares,Global Shares,Communication Services - 50,NASDAQ Stock Market,USD,United States,,World Large Blend Equity,International Equities - Unhedged,IEQStock
0.0012878759999999999,APTIV PLC,Growth,International Shares,Global Shares,Global Shares,Consumer Discretionary - 25,New York Stock Exchange Inc.,USD,United States,,World Large Blend Equity,International Equities - Unhedged,IEQStock
0.0015025219999999998,DISCOVER FINANCIAL SERVICES,Growth,International Shares,Global Shares,Global Shares,Financials - 40,New York Stock Exchange Inc.,USD,United States,,World Large Blend Equity,International Equities - Unhedged,IEQStock
0.0012878759999999999,STATE STREET CORP,Growth,International Shares,Global Shares,Global Shares,Financials - 40,New York Stock Exchange Inc.,USD,United States,,World Large Blend Equity,International Equities - Unhedged,IEQStock
0.0012878759999999999,CORNING INC,Growth,International Shares,Global Shares,Global Shares,Information Technology - 45,New York Stock Exchange Inc.,USD,United States,,World Large Blend Equity,International Equities - Unhedged,IEQStock
0.0012878759999999999,BROADRIDGE FINANCIAL SOLUTIONS INC,Growth,International Shares,Global Shares,Global Shares,Industrials - 20,New York Stock Exchange Inc.,USD,United States,,World Large Blend Equity,International Equities - Unhedged,IEQStock
0.0010732299999999999,COTERRA ENERGY INC,Growth,International Shares,Global Shares,Global Shares,Energy - 10,New York Stock Exchange Inc.,USD,United States,,World Large Blend Equity,International Equities - Unhedged,IEQStock
0.0012878759999999999,ENTERGY CORP,Growth,International Shares,Global Shares,Global Shares,Utilities - 55,New York Stock Exchange Inc.,USD,United States,,World Large Blend Equity,International Equities - Unhedged,IEQStock
0.0010732299999999999,AMEREN CORP,Growth,International Shares,Global Shares,Global Shares,Utilities - 55,New York Stock Exchange Inc.,USD,United States,,World Large Blend Equity,International Equities - Unhedged,IEQStock
0.0010732299999999999,MOLINA HEALTHCARE INC,Growth,International Shares,Global Shares,Global Shares,Health Care - 35,New York Stock Exchange Inc.,USD,United States,,World Large Blend Equity,International Equities - Unhedged,IEQStock
0.0012878759999999999,HEWLETT PACKARD ENTERPRISE,Growth,International Shares,Global Shares,Global Shares,Information Technology - 45,New York Stock Exchange Inc.,USD,United States,,World Large Blend Equity,International Equities - Unhedged,IEQStock
0.0012878759999999999,M&T BANK CORP,Growth,International Shares,Global Shares,Global Shares,Financials - 40,New York Stock Exchange Inc.,USD,United States,,World Large Blend Equity,International Equities - Unhedged,IEQStock
0.0010732299999999999,EVERSOURCE ENERGY,Growth,International Shares,Global Shares,Global Shares,Utilities - 55,New York Stock Exchange Inc.,USD,United States,,World Large Blend Equity,International Equities - Unhedged,IEQStock
0.0012878759999999999,WESTINGHOUSE AIR BRAKE TECHNOLOGIE,Growth,International Shares,Global Shares,Global Shares,Industrials - 20,New York Stock Exchange Inc.,USD,United States,,World Large Blend Equity,International Equities - Unhedged,IEQStock
0.0012878759999999999,NVR INC,Growth,International Shares,Global Shares,Global Shares,Consumer Discretionary - 25,New York Stock Exchange Inc.,USD,United States,,World Large Blend Equity,International Equities - Unhedged,IEQStock
0.0010732299999999999,TARGA RESOURCES CORP,Growth,International Shares,Global Shares,Global Shares,Energy - 10,New York Stock Exchange Inc.,USD,United States,,World Large Blend Equity,International Equities - Unhedged,IEQStock
0.0010732299999999999,PPL CORP,Growth,International Shares,Global Shares,Global Shares,Utilities - 55,New York Stock Exchange Inc.,USD,United States,,World Large Blend Equity,International Equities - Unhedged,IEQStock
0.0010732299999999999,GENUINE PARTS,Growth,International Shares,Global Shares,Global Shares,Consumer Discretionary - 25,New York Stock Exchange Inc.,USD,United States,,World Large Blend Equity,International Equities - Unhedged,IEQStock
0.0010732299999999999,HOWMET AEROSPACE INC,Growth,International Shares,Global Shares,Global Shares,Industrials - 20,New York Stock Exchange Inc.,USD,United States,,World Large Blend Equity,International Equities - Unhedged,IEQStock
0.0010732299999999999,RAYMOND JAMES INC,Growth,International Shares,Global Shares,Global Shares,Financials - 40,New York Stock Exchange Inc.,USD,United States,,World Large Blend Equity,International Equities - Unhedged,IEQStock
0.0010732299999999999,FIRSTENERGY CORP,Growth,International Shares,Global Shares,Global Shares,Utilities - 55,New York Stock Exchange Inc.,USD,United States,,World Large Blend Equity,International Equities - Unhedged,IEQStock
0.0010732299999999999,EQUITY RESIDENTIAL REIT,Growth,International Shares,Global Shares,Global Shares,Real Estate - 60,New York Stock Exchange Inc.,USD,United States,,World Large Blend Equity,International Equities - Unhedged,IEQStock
0.0010732299999999999,LABORATORY CORPORATION OF AMERICA,Growth,International Shares,Global Shares,Global Shares,Health Care - 35,New York Stock Exchange Inc.,USD,United States,,World Large Blend Equity,International Equities - Unhedged,IEQStock
0.0010732299999999999,INTERNATIONAL FLAVORS & FRAGRANCES,Growth,International Shares,Global Shares,Global Shares,Materials - 15,New York Stock Exchange Inc.,USD,United States,,World Large Blend Equity,International Equities - Unhedged,IEQStock
0.0010732299999999999,DOVER CORP,Growth,International Shares,Global Shares,Global Shares,Industrials - 20,New York Stock Exchange Inc.,USD,United States,,World Large Blend Equity,International Equities - Unhedged,IEQStock
0.0012878759999999999,PULTEGROUP INC,Growth,International Shares,Global Shares,Global Shares,Consumer Discretionary - 25,New York Stock Exchange Inc.,USD,United States,,World Large Blend Equity,International Equities - Unhedged,IEQStock
0.0010732299999999999,INVITATION HOMES INC,Growth,International Shares,Global Shares,Global Shares,Real Estate - 60,New York Stock Exchange Inc.,USD,United States,,World Large Blend Equity,International Equities - Unhedged,IEQStock
0.0010732299999999999,DARDEN RESTAURANTS INC,Growth,International Shares,Global Shares,Global Shares,Consumer Discretionary - 25,New York Stock Exchange Inc.,USD,United States,,World Large Blend Equity,International Equities - Unhedged,IEQStock
0.0010732299999999999,TELEDYNE TECHNOLOGIES INC,Growth,International Shares,Global Shares,Global Shares,Information Technology - 45,New York Stock Exchange Inc.,USD,United States,,World Large Blend Equity,International Equities - Unhedged,IEQStock
0.0010732299999999999,VENTAS REIT INC,Growth,International Shares,Global Shares,Global Shares,Real Estate - 60,New York Stock Exchange Inc.,USD,United States,,World Large Blend Equity,International Equities - Unhedged,IEQStock
0.0010732299999999999,GARMIN LTD,Growth,International Shares,Global Shares,Global Shares,Consumer Discretionary - 25,New York Stock Exchange Inc.,USD,United States,,World Large Blend Equity,International Equities - Unhedged,IEQStock
0.0010732299999999999,BAXTER INTERNATIONAL INC,Growth,International Shares,Global Shares,Global Shares,Health Care - 35,New York Stock Exchange Inc.,USD,United States,,World Large Blend Equity,International Equities - Unhedged,IEQStock
0.0008585839999999999,TYLER TECHNOLOGIES INC,Growth,International Shares,Global Shares,Global Shares,Information Technology - 45,New York Stock Exchange Inc.,USD,United States,,World Large Blend Equity,International Equities - Unhedged,IEQStock
0.0010732299999999999,IRON MOUNTAIN INC,Growth,International Shares,Global Shares,Global Shares,Real Estate - 60,New York Stock Exchange Inc.,USD,United States,,World Large Blend Equity,International Equities - Unhedged,IEQStock
0.0010732299999999999,FLEETCOR TECHNOLOGIES INC,Growth,International Shares,Global Shares,Global Shares,Financials - 40,New York Stock Exchange Inc.,USD,United States,,World Large Blend Equity,International Equities - Unhedged,IEQStock
0.0010732299999999999,CENTERPOINT ENERGY INC,Growth,International Shares,Global Shares,Global Shares,Utilities - 55,New York Stock Exchange Inc.,USD,United States,,World Large Blend Equity,International Equities - Unhedged,IEQStock
0.0008585839999999999,FACTSET RESEARCH SYSTEMS INC,Growth,International Shares,Global Shares,Global Shares,Financials - 40,New York Stock Exchange Inc.,USD,United States,,World Large Blend Equity,International Equities - Unhedged,IEQStock
0.0008585839999999999,JACOBS SOLUTIONS INC,Growth,International Shares,Global Shares,Global Shares,Industrials - 20,New York Stock Exchange Inc.,USD,United States,,World Large Blend Equity,International Equities - Unhedged,IEQStock
0.0008585839999999999,BROWN & BROWN INC,Growth,International Shares,Global Shares,Global Shares,Financials - 40,New York Stock Exchange Inc.,USD,United States,,World Large Blend Equity,International Equities - Unhedged,IEQStock
0.0008585839999999999,EVEREST GROUP LTD,Growth,International Shares,Global Shares,Global Shares,Financials - 40,New York Stock Exchange Inc.,USD,United States,,World Large Blend Equity,International Equities - Unhedged,IEQStock
0.0008585839999999999,CLOROX,Growth,International Shares,Global Shares,Global Shares,Consumer Staples - 30,New York Stock Exchange Inc.,USD,United States,,World Large Blend Equity,International Equities - Unhedged,IEQStock
0.0010732299999999999,EXPEDITORS INTERNATIONAL OF WASHIN,Growth,International Shares,Global Shares,Global Shares,Industrials - 20,New York Stock Exchange Inc.,USD,United States,,World Large Blend Equity,International Equities - Unhedged,IEQStock
0.0008585839999999999,ATMOS ENERGY CORP,Growth,International Shares,Global Shares,Global Shares,Utilities - 55,New York Stock Exchange Inc.,USD,United States,,World Large Blend Equity,International Equities - Unhedged,IEQStock
0.0008585839999999999,MCCORMICK & CO NON-VOTING INC,Growth,International Shares,Global Shares,Global Shares,Consumer Staples - 30,New York Stock Exchange Inc.,USD,United States,,World Large Blend Equity,International Equities - Unhedged,IEQStock
0.0008585839999999999,CMS ENERGY CORP,Growth,International Shares,Global Shares,Global Shares,Utilities - 55,New York Stock Exchange Inc.,USD,United States,,World Large Blend Equity,International Equities - Unhedged,IEQStock
0.0010732299999999999,LAS VEGAS SANDS CORP,Growth,International Shares,Global Shares,Global Shares,Consumer Discretionary - 25,New York Stock Exchange Inc.,USD,United States,,World Large Blend Equity,International Equities - Unhedged,IEQStock
0.0008585839999999999,BALL CORP,Growth,International Shares,Global Shares,Global Shares,Materials - 15,New York Stock Exchange Inc.,USD,United States,,World Large Blend Equity,International Equities - Unhedged,IEQStock
0.0008585839999999999,BUNGE GLOBAL SA,Growth,International Shares,Global Shares,Global Shares,Consumer Staples - 30,New York Stock Exchange Inc.,USD,United States,,World Large Blend Equity,International Equities - Unhedged,IEQStock
0.0010732299999999999,ALEXANDRIA REAL ESTATE EQUITIES RE,Growth,International Shares,Global Shares,Global Shares,Real Estate - 60,New York Stock Exchange Inc.,USD,United States,,World Large Blend Equity,International Equities - Unhedged,IEQStock
0.0010732299999999999,WATERS CORP,Growth,International Shares,Global Shares,Global Shares,Health Care - 35,New York Stock Exchange Inc.,USD,United States,,World Large Blend Equity,International Equities - Unhedged,IEQStock
0.0008585839999999999,VERALTO CORP,Growth,International Shares,Global Shares,Global Shares,Industrials - 20,New York Stock Exchange Inc.,USD,United States,,World Large Blend Equity,International Equities - Unhedged,IEQStock
0.0008585839999999999,TEXTRON INC,Growth,International Shares,Global Shares,Global Shares,Industrials - 20,New York Stock Exchange Inc.,USD,United States,,World Large Blend Equity,International Equities - Unhedged,IEQStock
0.0008585839999999999,OMNICOM GROUP INC,Growth,International Shares,Global Shares,Global Shares,Communication Services - 50,New York Stock Exchange Inc.,USD,United States,,World Large Blend Equity,International Equities - Unhedged,IEQStock
0.0008585839999999999,CF INDUSTRIES HOLDINGS INC,Growth,International Shares,Global Shares,Global Shares,Materials - 15,New York Stock Exchange Inc.,USD,United States,,World Large Blend Equity,International Equities - Unhedged,IEQStock
0.0008585839999999999,HUBBELL INC,Growth,International Shares,Global Shares,Global Shares,Industrials - 20,New York Stock Exchange Inc.,USD,United States,,World Large Blend Equity,International Equities - Unhedged,IEQStock
0.0008585839999999999,QUEST DIAGNOSTICS INC,Growth,International Shares,Global Shares,Global Shares,Health Care - 35,New York Stock Exchange Inc.,USD,United States,,World Large Blend Equity,International Equities - Unhedged,IEQStock
0.0008585839999999999,IDEX CORP,Growth,International Shares,Global Shares,Global Shares,Industrials - 20,New York Stock Exchange Inc.,USD,United States,,World Large Blend Equity,International Equities - Unhedged,IEQStock
0.0010732299999999999,REGIONS FINANCIAL CORP,Growth,International Shares,Global Shares,Global Shares,Financials - 40,New York Stock Exchange Inc.,USD,United States,,World Large Blend Equity,International Equities - Unhedged,IEQStock
0.0008585839999999999,ALBEMARLE CORP,Growth,International Shares,Global Shares,Global Shares,Materials - 15,New York Stock Exchange Inc.,USD,United States,,World Large Blend Equity,International Equities - Unhedged,IEQStock
0.0008585839999999999,AVERY DENNISON CORP,Growth,International Shares,Global Shares,Global Shares,Materials - 15,New York Stock Exchange Inc.,USD,United States,,World Large Blend Equity,International Equities - Unhedged,IEQStock
0.0008585839999999999,EPAM SYSTEMS INC,Growth,International Shares,Global Shares,Global Shares,Information Technology - 45,New York Stock Exchange Inc.,USD,United States,,World Large Blend Equity,International Equities - Unhedged,IEQStock
0.0008585839999999999,SNAP ON INC,Growth,International Shares,Global Shares,Global Shares,Industrials - 20,New York Stock Exchange Inc.,USD,United States,,World Large Blend Equity,International Equities - Unhedged,IEQStock
0.0008585839999999999,LEIDOS HOLDINGS INC,Growth,International Shares,Global Shares,Global Shares,Industrials - 20,New York Stock Exchange Inc.,USD,United States,,World Large Blend Equity,International Equities - Unhedged,IEQStock
0.0008585839999999999,PACKAGING CORP OF AMERICA,Growth,International Shares,Global Shares,Global Shares,Materials - 15,New York Stock Exchange Inc.,USD,United States,,World Large Blend Equity,International Equities - Unhedged,IEQStock
0.0008585839999999999,SOUTHWEST AIRLINES,Growth,International Shares,Global Shares,Global Shares,Industrials - 20,New York Stock Exchange Inc.,USD,United States,,World Large Blend Equity,International Equities - Unhedged,IEQStock
0.0008585839999999999,MID AMERICA APARTMENT COMMUNITIES,Growth,International Shares,Global Shares,Global Shares,Real Estate - 60,New York Stock Exchange Inc.,USD,United States,,World Large Blend Equity,International Equities - Unhedged,IEQStock
0.0008585839999999999,WR BERKLEY CORP,Growth,International Shares,Global Shares,Global Shares,Financials - 40,New York Stock Exchange Inc.,USD,United States,,World Large Blend Equity,International Equities - Unhedged,IEQStock
0.0008585839999999999,LAMB WESTON HOLDINGS INC,Growth,International Shares,Global Shares,Global Shares,Consumer Staples - 30,New York Stock Exchange Inc.,USD,United States,,World Large Blend Equity,International Equities - Unhedged,IEQStock
0.0008585839999999999,ESSEX PROPERTY TRUST REIT INC,Growth,International Shares,Global Shares,Global Shares,Real Estate - 60,New York Stock Exchange Inc.,USD,United States,,World Large Blend Equity,International Equities - Unhedged,IEQStock
0.0008585839999999999,KELLANOVA,Growth,International Shares,Global Shares,Global Shares,Consumer Staples - 30,New York Stock Exchange Inc.,USD,United States,,World Large Blend Equity,International Equities - Unhedged,IEQStock
0.0008585839999999999,TYSON FOODS INC CLASS A,Growth,International Shares,Global Shares,Global Shares,Consumer Staples - 30,New York Stock Exchange Inc.,USD,United States,,World Large Blend Equity,International Equities - Unhedged,IEQStock
0.0008585839999999999,AMCOR PLC,Growth,International Shares,Global Shares,Global Shares,Materials - 15,New York Stock Exchange Inc.,USD,United States,,World Large Blend Equity,International Equities - Unhedged,IEQStock
0.0008585839999999999,STANLEY BLACK & DECKER INC,Growth,International Shares,Global Shares,Global Shares,Industrials - 20,New York Stock Exchange Inc.,USD,United States,,World Large Blend Equity,International Equities - Unhedged,IEQStock
0.0006439379999999999,CONAGRA BRANDS INC,Growth,International Shares,Global Shares,Global Shares,Consumer Staples - 30,New York Stock Exchange Inc.,USD,United States,,World Large Blend Equity,International Equities - Unhedged,IEQStock
0.0008585839999999999,DOMINOS PIZZA INC,Growth,International Shares,Global Shares,Global Shares,Consumer Discretionary - 25,New York Stock Exchange Inc.,USD,United States,,World Large Blend Equity,International Equities - Unhedged,IEQStock
0.0008585839999999999,BEST BUY CO INC,Growth,International Shares,Global Shares,Global Shares,Consumer Discretionary - 25,New York Stock Exchange Inc.,USD,United States,,World Large Blend Equity,International Equities - Unhedged,IEQStock
0.0008585839999999999,CARNIVAL CORP,Growth,International Shares,Global Shares,Global Shares,Consumer Discretionary - 25,New York Stock Exchange Inc.,USD,United States,,World Large Blend Equity,International Equities - Unhedged,IEQStock
0.0008585839999999999,MASCO CORP,Growth,International Shares,Global Shares,Global Shares,Industrials - 20,New York Stock Exchange Inc.,USD,United States,,World Large Blend Equity,International Equities - Unhedged,IEQStock
0.0008585839999999999,SYNCHRONY FINANCIAL,Growth,International Shares,Global Shares,Global Shares,Financials - 40,New York Stock Exchange Inc.,USD,United States,,World Large Blend Equity,International Equities - Unhedged,IEQStock
0.0006439379999999999,LIVE NATION ENTERTAINMENT INC,Growth,International Shares,Global Shares,Global Shares,Communication Services - 50,New York Stock Exchange Inc.,USD,United States,,World Large Blend Equity,International Equities - Unhedged,IEQStock
0.0008585839999999999,CITIZENS FINANCIAL GROUP INC,Growth,International Shares,Global Shares,Global Shares,Financials - 40,New York Stock Exchange Inc.,USD,United States,,World Large Blend Equity,International Equities - Unhedged,IEQStock
0.0006439379999999999,LOEWS CORP,Growth,International Shares,Global Shares,Global Shares,Financials - 40,New York Stock Exchange Inc.,CAD,Canada,,World Large Blend Equity,International Equities - Unhedged,IEQStock
0.0006439379999999999,INTERNATIONAL PAPER,Growth,International Shares,Global Shares,Global Shares,Materials - 15,New York Stock Exchange Inc.,USD,United States,,World Large Blend Equity,International Equities - Unhedged,IEQStock
0.0006439379999999999,JM SMUCKER,Growth,International Shares,Global Shares,Global Shares,Consumer Staples - 30,New York Stock Exchange Inc.,USD,United States,,World Large Blend Equity,International Equities - Unhedged,IEQStock
0.0008585839999999999,CELANESE CORP,Growth,International Shares,Global Shares,Global Shares,Materials - 15,New York Stock Exchange Inc.,USD,United States,,World Large Blend Equity,International Equities - Unhedged,IEQStock
0.0006439379999999999,KIMCO REALTY REIT CORP,Growth,International Shares,Global Shares,Global Shares,Real Estate - 60,New York Stock Exchange Inc.,USD,United States,,World Large Blend Equity,International Equities - Unhedged,IEQStock
0.0006439379999999999,INTERPUBLIC GROUP OF COMPANIES INC,Growth,International Shares,Global Shares,Global Shares,Communication Services - 50,New York Stock Exchange Inc.,USD,United States,,World Large Blend Equity,International Equities - Unhedged,IEQStock
0.0006439379999999999,MOLSON COORS BREWING CLASS B,Growth,International Shares,Global Shares,Global Shares,Consumer Staples - 30,New York Stock Exchange Inc.,USD,United States,,World Large Blend Equity,International Equities - Unhedged,IEQStock
0.0006439379999999999,AES CORP,Growth,International Shares,Global Shares,Global Shares,Utilities - 55,New York Stock Exchange Inc.,USD,United States,,World Large Blend Equity,International Equities - Unhedged,IEQStock
0.0006439379999999999,BROWN FORMAN CORP CLASS B,Growth,International Shares,Global Shares,Global Shares,Consumer Staples - 30,New York Stock Exchange Inc.,USD,United States,,World Large Blend Equity,International Equities - Unhedged,IEQStock
0.0006439379999999999,MGM RESORTS INTERNATIONAL,Growth,International Shares,Global Shares,Global Shares,Consumer Discretionary - 25,New York Stock Exchange Inc.,USD,United States,,World Large Blend Equity,International Equities - Unhedged,IEQStock
0.0006439379999999999,ROLLINS INC,Growth,International Shares,Global Shares,Global Shares,Industrials - 20,New York Stock Exchange Inc.,USD,United States,,World Large Blend Equity,International Equities - Unhedged,IEQStock
0.0006439379999999999,MOSAIC,Growth,International Shares,Global Shares,Global Shares,Materials - 15,New York Stock Exchange Inc.,USD,United States,,World Large Blend Equity,International Equities - Unhedged,IEQStock
0.0006439379999999999,REVVITY INC,Growth,International Shares,Global Shares,Global Shares,Health Care - 35,New York Stock Exchange Inc.,USD,United States,,World Large Blend Equity,International Equities - Unhedged,IEQStock
0.0006439379999999999,KEYCORP,Growth,International Shares,Global Shares,Global Shares,Financials - 40,New York Stock Exchange Inc.,USD,United States,,World Large Blend Equity,International Equities - Unhedged,IEQStock
0.0006439379999999999,NRG ENERGY INC,Growth,International Shares,Global Shares,Global Shares,Utilities - 55,New York Stock Exchange Inc.,USD,United States,,World Large Blend Equity,International Equities - Unhedged,IEQStock
0.0006439379999999999,NISOURCE INC,Growth,International Shares,Global Shares,Global Shares,Utilities - 55,New York Stock Exchange Inc.,USD,United States,,World Large Blend Equity,International Equities - Unhedged,IEQStock
0.0006439379999999999,CERIDIAN HCM HOLDING INC,Growth,International Shares,Global Shares,Global Shares,Industrials - 20,New York Stock Exchange Inc.,USD,United States,,World Large Blend Equity,International Equities - Unhedged,IEQStock
0.0006439379999999999,CARMAX INC,Growth,International Shares,Global Shares,Global Shares,Consumer Discretionary - 25,New York Stock Exchange Inc.,USD,United States,,World Large Blend Equity,International Equities - Unhedged,IEQStock
0.0006439379999999999,PENTAIR,Growth,International Shares,Global Shares,Global Shares,Industrials - 20,New York Stock Exchange Inc.,USD,United States,,World Large Blend Equity,International Equities - Unhedged,IEQStock
0.0006439379999999999,GLOBE LIFE INC,Growth,International Shares,Global Shares,Global Shares,Financials - 40,New York Stock Exchange Inc.,USD,United States,,World Large Blend Equity,International Equities - Unhedged,IEQStock
0.0006439379999999999,UDR REIT INC,Growth,International Shares,Global Shares,Global Shares,Real Estate - 60,New York Stock Exchange Inc.,USD,United States,,World Large Blend Equity,International Equities - Unhedged,IEQStock
0.0006439379999999999,TELEFLEX INC,Growth,International Shares,Global Shares,Global Shares,Health Care - 35,New York Stock Exchange Inc.,USD,United States,,World Large Blend Equity,International Equities - Unhedged,IEQStock
0.0006439379999999999,WESTROCK,Growth,International Shares,Global Shares,Global Shares,Materials - 15,New York Stock Exchange Inc.,USD,United States,,World Large Blend Equity,International Equities - Unhedged,IEQStock
0.00042929199999999995,HORMEL FOODS CORP,Growth,International Shares,Global Shares,Global Shares,Consumer Staples - 30,New York Stock Exchange Inc.,USD,United States,,World Large Blend Equity,International Equities - Unhedged,IEQStock
0.0006439379999999999,CHARLES RIVER LABORATORIES INTERNA,Growth,International Shares,Global Shares,Global Shares,Health Care - 35,New York Stock Exchange Inc.,USD,United States,,World Large Blend Equity,International Equities - Unhedged,IEQStock
0.0006439379999999999,HUNTINGTON INGALLS INDUSTRIES INC,Growth,International Shares,Global Shares,Global Shares,Industrials - 20,New York Stock Exchange Inc.,USD,United States,,World Large Blend Equity,International Equities - Unhedged,IEQStock
0.0006439379999999999,CAMDEN PROPERTY TRUST REIT,Growth,International Shares,Global Shares,Global Shares,Real Estate - 60,New York Stock Exchange Inc.,USD,United States,,World Large Blend Equity,International Equities - Unhedged,IEQStock
0.0006439379999999999,EASTMAN CHEMICAL,Growth,International Shares,Global Shares,Global Shares,Materials - 15,New York Stock Exchange Inc.,USD,United States,,World Large Blend Equity,International Equities - Unhedged,IEQStock
0.0006439379999999999,HEALTHPEAK PROPERTIES INC,Growth,International Shares,Global Shares,Global Shares,Real Estate - 60,New York Stock Exchange Inc.,USD,United States,,World Large Blend Equity,International Equities - Unhedged,IEQStock
0.0006439379999999999,ALLEGION PLC,Growth,International Shares,Global Shares,Global Shares,Industrials - 20,New York Stock Exchange Inc.,USD,United States,,World Large Blend Equity,International Equities - Unhedged,IEQStock
0.00042929199999999995,A O SMITH CORP,Growth,International Shares,Global Shares,Global Shares,Industrials - 20,New York Stock Exchange Inc.,USD,United States,,World Large Blend Equity,International Equities - Unhedged,IEQStock
0.00042929199999999995,JUNIPER NETWORKS INC,Growth,International Shares,Global Shares,Global Shares,Information Technology - 45,New York Stock Exchange Inc.,USD,United States,,World Large Blend Equity,International Equities - Unhedged,IEQStock
0.00042929199999999995,ASSURANT INC,Growth,International Shares,Global Shares,Global Shares,Financials - 40,New York Stock Exchange Inc.,USD,United States,,World Large Blend Equity,International Equities - Unhedged,IEQStock
0.00042929199999999995,PAYCOM SOFTWARE INC,Growth,International Shares,Global Shares,Global Shares,Industrials - 20,New York Stock Exchange Inc.,USD,United States,,World Large Blend Equity,International Equities - Unhedged,IEQStock
0.00042929199999999995,PINNACLE WEST CORP,Growth,International Shares,Global Shares,Global Shares,Utilities - 55,New York Stock Exchange Inc.,USD,United States,,World Large Blend Equity,International Equities - Unhedged,IEQStock
0.00042929199999999995,UNIVERSAL HEALTH SERVICES INC CLAS,Growth,International Shares,Global Shares,Global Shares,Health Care - 35,New York Stock Exchange Inc.,USD,United States,,World Large Blend Equity,International Equities - Unhedged,IEQStock
0.0006439379999999999,BOSTON PROPERTIES REIT INC,Growth,International Shares,Global Shares,Global Shares,Real Estate - 60,New York Stock Exchange Inc.,USD,United States,,World Large Blend Equity,International Equities - Unhedged,IEQStock
0.00042929199999999995,ROBERT HALF,Growth,International Shares,Global Shares,Global Shares,Industrials - 20,New York Stock Exchange Inc.,USD,United States,,World Large Blend Equity,International Equities - Unhedged,IEQStock
0.00042929199999999995,CAMPBELL SOUP,Growth,International Shares,Global Shares,Global Shares,Consumer Staples - 30,New York Stock Exchange Inc.,USD,United States,,World Large Blend Equity,International Equities - Unhedged,IEQStock
0.00042929199999999995,BORGWARNER INC,Growth,International Shares,Global Shares,Global Shares,Consumer Discretionary - 25,New York Stock Exchange Inc.,USD,United States,,World Large Blend Equity,International Equities - Unhedged,IEQStock
0.0006439379999999999,BATH AND BODY WORKS INC,Growth,International Shares,Global Shares,Global Shares,Consumer Discretionary - 25,New York Stock Exchange Inc.,USD,United States,,World Large Blend Equity,International Equities - Unhedged,IEQStock
0.00042929199999999995,FEDERAL REALTY INVESTMENT TRUST RE,Growth,International Shares,Global Shares,Global Shares,Real Estate - 60,New York Stock Exchange Inc.,USD,United States,,World Large Blend Equity,International Equities - Unhedged,IEQStock
0.00042929199999999995,FRANKLIN RESOURCES INC,Growth,International Shares,Global Shares,Global Shares,Financials - 40,New York Stock Exchange Inc.,USD,United States,,World Large Blend Equity,International Equities - Unhedged,IEQStock
0.00042929199999999995,FMC CORP,Growth,International Shares,Global Shares,Global Shares,Materials - 15,New York Stock Exchange Inc.,USD,United States,,World Large Blend Equity,International Equities - Unhedged,IEQStock
0.00042929199999999995,GENERAC HOLDINGS INC,Growth,International Shares,Global Shares,Global Shares,Industrials - 20,New York Stock Exchange Inc.,USD,United States,,World Large Blend Equity,International Equities - Unhedged,IEQStock
0.00042929199999999995,TAPESTRY INC,Growth,International Shares,Global Shares,Global Shares,Consumer Discretionary - 25,New York Stock Exchange Inc.,USD,United States,,World Large Blend Equity,International Equities - Unhedged,IEQStock
0.00042929199999999995,BIO RAD LABORATORIES INC CLASS A,Growth,International Shares,Global Shares,Global Shares,Health Care - 35,New York Stock Exchange Inc.,USD,United States,,World Large Blend Equity,International Equities - Unhedged,IEQStock
0.00042929199999999995,CATALENT INC,Growth,International Shares,Global Shares,Global Shares,Health Care - 35,New York Stock Exchange Inc.,USD,United States,,World Large Blend Equity,International Equities - Unhedged,IEQStock
0.00042929199999999995,WHIRLPOOL CORP,Growth,International Shares,Global Shares,Global Shares,Consumer Discretionary - 25,New York Stock Exchange Inc.,USD,United States,,World Large Blend Equity,International Equities - Unhedged,IEQStock
0.00042929199999999995,INVESCO LTD,Growth,International Shares,Global Shares,Global Shares,Financials - 40,New York Stock Exchange Inc.,USD,United States,,World Large Blend Equity,International Equities - Unhedged,IEQStock
0.00042929199999999995,NORWEGIAN CRUISE LINE HOLDINGS LTD,Growth,International Shares,Global Shares,Global Shares,Consumer Discretionary - 25,New York Stock Exchange Inc.,USD,United States,,World Large Blend Equity,International Equities - Unhedged,IEQStock
0.00042929199999999995,COMERICA INC,Growth,International Shares,Global Shares,Global Shares,Financials - 40,New York Stock Exchange Inc.,USD,United States,,World Large Blend Equity,International Equities - Unhedged,IEQStock
0.00021464599999999998,VF CORP,Growth,International Shares,Global Shares,Global Shares,Consumer Discretionary - 25,New York Stock Exchange Inc.,USD,United States,,World Large Blend Equity,International Equities - Unhedged,IEQStock
0.00021464599999999998,RALPH LAUREN CORP CLASS A,Growth,International Shares,Global Shares,Global Shares,Consumer Discretionary - 25,New York Stock Exchange Inc.,USD,United States,,World Large Blend Equity,International Equities - Unhedged,IEQStock
0.00021464599999999998,MOHAWK INDUSTRIES INC,Growth,International Shares,Global Shares,Global Shares,Consumer Discretionary - 25,New York Stock Exchange Inc.,USD,United States,,World Large Blend Equity,International Equities - Unhedged,IEQStock
0.00021464599999999998,DAVITA INC,Growth,International Shares,Global Shares,Global Shares,Health Care - 35,New York Stock Exchange Inc.,USD,United States,,World Large Blend Equity,International Equities - Unhedged,IEQStock
0.0006439379999999999,MELROSE INDUSTRIES PLC,Growth,International Shares,Global Shares,Global Shares,Energy - 10,New York Stock Exchange Inc.,USD,United States,,World Large Blend Equity,International Equities - Unhedged,IEQStock
0.0008585839999999999,EQT,Growth,International Shares,Global Shares,Global Shares,Energy - 10,New York Stock Exchange Inc.,USD,United States,,World Large Blend Equity,International Equities - Unhedged,IEQStock
0.035845881999999996,BERKSHIRE HATHAWAY INC CLASS B,Growth,International Shares,Global Shares,Global Shares,Financials - 40,New York Stock Exchange Inc.,USD,United States,,World Large Blend Equity,International Equities - Unhedged,IEQStock
0.026616103999999995,UNITEDHEALTH GROUP INC,Growth,International Shares,Global Shares,Global Shares,Health Care - 35,New York Stock Exchange Inc.,USD,United States,,World Large Blend Equity,International Equities - Unhedged,IEQStock
0.026616103999999995,ELI LILLY,Growth,International Shares,Global Shares,Global Shares,Health Care - 35,New York Stock Exchange Inc.,USD,United States,,World Large Blend Equity,International Equities - Unhedged,IEQStock
0.021679245999999996,EXXON MOBIL CORP,Growth,International Shares,Global Shares,Global Shares,Energy - 10,New York Stock Exchange Inc.,USD,United States,,World Large Blend Equity,International Equities - Unhedged,IEQStock
0.026616103999999995,JPMORGAN CHASE & CO,Growth,International Shares,Global Shares,Global Shares,Financials - 40,New York Stock Exchange Inc.,USD,United States,,World Large Blend Equity,International Equities - Unhedged,IEQStock
0.022323183999999996,VISA INC CLASS A,Growth,International Shares,Global Shares,Global Shares,Financials - 40,New York Stock Exchange Inc.,USD,United States,,World Large Blend Equity,International Equities - Unhedged,IEQStock
0.020820661999999997,JOHNSON & JOHNSON,Growth,International Shares,Global Shares,Global Shares,Health Care - 35,New York Stock Exchange Inc.,USD,United States,,World Large Blend Equity,International Equities - Unhedged,IEQStock
0.018674201999999997,PROCTER & GAMBLE,Growth,International Shares,Global Shares,Global Shares,Consumer Staples - 30,New York Stock Exchange Inc.,USD,United States,,World Large Blend Equity,International Equities - Unhedged,IEQStock
0.018674201999999997,MASTERCARD INC CLASS A,Growth,International Shares,Global Shares,Global Shares,Financials - 40,New York Stock Exchange Inc.,USD,United States,,World Large Blend Equity,International Equities - Unhedged,IEQStock
0.018674201999999997,HOME DEPOT INC,Growth,International Shares,Global Shares,Global Shares,Consumer Discretionary - 25,New York Stock Exchange Inc.,USD,United States,,World Large Blend Equity,International Equities - Unhedged,IEQStock
0.015883803999999998,MERCK & CO INC,Growth,International Shares,Global Shares,Global Shares,Health Care - 35,New York Stock Exchange Inc.,USD,United States,,World Large Blend Equity,International Equities - Unhedged,IEQStock
0.01395199,CHEVRON CORP,Growth,International Shares,Global Shares,Global Shares,Energy - 10,New York Stock Exchange Inc.,USD,United States,,World Large Blend Equity,International Equities - Unhedged,IEQStock
0.015239865999999998,ABBVIE INC,Growth,International Shares,Global Shares,Global Shares,Health Care - 35,New York Stock Exchange Inc.,USD,United States,,World Large Blend Equity,International Equities - Unhedged,IEQStock
0.012020175999999999,WALMART INC,Growth,International Shares,Global Shares,Global Shares,Consumer Staples - 30,New York Stock Exchange Inc.,USD,United States,,World Large Blend Equity,International Equities - Unhedged,IEQStock
0.012449467999999997,COCA-COLA,Growth,International Shares,Global Shares,Global Shares,Consumer Staples - 30,New York Stock Exchange Inc.,USD,United States,,World Large Blend Equity,International Equities - Unhedged,IEQStock
0.013522697999999998,SALESFORCE INC,Growth,International Shares,Global Shares,Global Shares,Information Technology - 45,New York Stock Exchange Inc.,USD,United States,,World Large Blend Equity,International Equities - Unhedged,IEQStock
0.011376237999999999,ACCENTURE PLC CLASS A,Growth,International Shares,Global Shares,Global Shares,Information Technology - 45,New York Stock Exchange Inc.,USD,United States,,World Large Blend Equity,International Equities - Unhedged,IEQStock
0.011376237999999999,MCDONALDS CORP,Growth,International Shares,Global Shares,Global Shares,Consumer Discretionary - 25,New York Stock Exchange Inc.,USD,United States,,World Large Blend Equity,International Equities - Unhedged,IEQStock
0.012664113999999997,BANK OF AMERICA CORP,Growth,International Shares,Global Shares,Global Shares,Financials - 40,New York Stock Exchange Inc.,USD,United States,,World Large Blend Equity,International Equities - Unhedged,IEQStock
0.011161591999999998,THERMO FISHER SCIENTIFIC INC,Growth,International Shares,Global Shares,Global Shares,Health Care - 35,New York Stock Exchange Inc.,USD,United States,,World Large Blend Equity,International Equities - Unhedged,IEQStock
0.009015131999999999,PFIZER INC,Growth,International Shares,Global Shares,Global Shares,Health Care - 35,New York Stock Exchange Inc.,USD,United States,,World Large Blend Equity,International Equities - Unhedged,IEQStock
0.008800485999999998,ORACLE CORP,Growth,International Shares,Global Shares,Global Shares,Information Technology - 45,New York Stock Exchange Inc.,USD,United States,,World Large Blend Equity,International Equities - Unhedged,IEQStock
0.010517653999999998,ABBOTT LABORATORIES,Growth,International Shares,Global Shares,Global Shares,Health Care - 35,New York Stock Exchange Inc.,USD,United States,,World Large Blend Equity,International Equities - Unhedged,IEQStock
0.009015131999999999,WALT DISNEY,Growth,International Shares,Global Shares,Global Shares,Communication Services - 50,New York Stock Exchange Inc.,USD,United States,,World Large Blend Equity,International Equities - Unhedged,IEQStock
0.009015131999999999,VERIZON COMMUNICATIONS INC,Growth,International Shares,Global Shares,Global Shares,Communication Services - 50,New York Stock Exchange Inc.,USD,United States,,World Large Blend Equity,International Equities - Unhedged,IEQStock
0.009659069999999999,WELLS FARGO,Growth,International Shares,Global Shares,Global Shares,Financials - 40,New York Stock Exchange Inc.,USD,United States,,World Large Blend Equity,International Equities - Unhedged,IEQStock
0.007941901999999999,PHILIP MORRIS INTERNATIONAL INC,Growth,International Shares,Global Shares,Global Shares,Consumer Staples - 30,New York Stock Exchange Inc.,USD,United States,,World Large Blend Equity,International Equities - Unhedged,IEQStock
0.007297964,CONOCOPHILLIPS,Growth,International Shares,Global Shares,Global Shares,Energy - 10,New York Stock Exchange Inc.,USD,United States,,World Large Blend Equity,International Equities - Unhedged,IEQStock
0.007941901999999999,INTERNATIONAL BUSINESS MACHINES CO,Growth,International Shares,Global Shares,Global Shares,Information Technology - 45,New York Stock Exchange Inc.,USD,United States,,World Large Blend Equity,International Equities - Unhedged,IEQStock
0.006868671999999999,NIKE INC CLASS B,Growth,International Shares,Global Shares,Global Shares,Consumer Discretionary - 25,New York Stock Exchange Inc.,USD,United States,,World Large Blend Equity,International Equities - Unhedged,IEQStock
0.008371193999999998,DANAHER CORP,Growth,International Shares,Global Shares,Global Shares,Health Care - 35,New York Stock Exchange Inc.,USD,United States,,World Large Blend Equity,International Equities - Unhedged,IEQStock
0.007941901999999999,UNION PACIFIC CORP,Growth,International Shares,Global Shares,Global Shares,Industrials - 20,New York Stock Exchange Inc.,USD,United States,,World Large Blend Equity,International Equities - Unhedged,IEQStock
0.007727255999999998,SERVICENOW INC,Growth,International Shares,Global Shares,Global Shares,Information Technology - 45,New York Stock Exchange Inc.,USD,United States,,World Large Blend Equity,International Equities - Unhedged,IEQStock
0.0075126099999999986,S&P GLOBAL INC,Growth,International Shares,Global Shares,Global Shares,Financials - 40,New York Stock Exchange Inc.,USD,United States,,World Large Blend Equity,International Equities - Unhedged,IEQStock
0.0075126099999999986,GENERAL ELECTRIC,Growth,International Shares,Global Shares,Global Shares,Industrials - 20,New York Stock Exchange Inc.,USD,United States,,World Large Blend Equity,International Equities - Unhedged,IEQStock
0.006654025999999999,RTX CORP,Growth,International Shares,Global Shares,Global Shares,Industrials - 20,New York Stock Exchange Inc.,USD,United States,,World Large Blend Equity,International Equities - Unhedged,IEQStock
0.007941901999999999,CATERPILLAR INC,Growth,International Shares,Global Shares,Global Shares,Industrials - 20,New York Stock Exchange Inc.,USD,United States,,World Large Blend Equity,International Equities - Unhedged,IEQStock
0.006868671999999999,NEXTERA ENERGY INC,Growth,International Shares,Global Shares,Global Shares,Utilities - 55,New York Stock Exchange Inc.,USD,United States,,World Large Blend Equity,International Equities - Unhedged,IEQStock
0.006654025999999999,LOWES COMPANIES INC,Growth,International Shares,Global Shares,Global Shares,Consumer Discretionary - 25,New York Stock Exchange Inc.,USD,United States,,World Large Blend Equity,International Equities - Unhedged,IEQStock
0.005580795999999999,BRISTOL MYERS SQUIBB,Growth,International Shares,Global Shares,Global Shares,Health Care - 35,New York Stock Exchange Inc.,USD,United States,,World Large Blend Equity,International Equities - Unhedged,IEQStock
0.006868671999999999,BOEING,Growth,International Shares,Global Shares,Global Shares,Industrials - 20,New York Stock Exchange Inc.,USD,United States,,World Large Blend Equity,International Equities - Unhedged,IEQStock
0.006010087999999999,ELEVANCE HEALTH INC,Growth,International Shares,Global Shares,Global Shares,Health Care - 35,New York Stock Exchange Inc.,USD,United States,,World Large Blend Equity,International Equities - Unhedged,IEQStock
0.006868671999999999,GOLDMAN SACHS GROUP INC,Growth,International Shares,Global Shares,Global Shares,Financials - 40,New York Stock Exchange Inc.,USD,United States,,World Large Blend Equity,International Equities - Unhedged,IEQStock
0.005580795999999999,TJX INC,Growth,International Shares,Global Shares,Global Shares,Consumer Discretionary - 25,New York Stock Exchange Inc.,USD,United States,,World Large Blend Equity,International Equities - Unhedged,IEQStock
0.006224733999999998,UNITED PARCEL SERVICE INC CLASS B,Growth,International Shares,Global Shares,Global Shares,Industrials - 20,New York Stock Exchange Inc.,USD,United States,,World Large Blend Equity,International Equities - Unhedged,IEQStock
0.005366149999999999,LOCKHEED MARTIN CORP,Growth,International Shares,Global Shares,Global Shares,Industrials - 20,New York Stock Exchange Inc.,USD,United States,,World Large Blend Equity,International Equities - Unhedged,IEQStock
0.005795442,DEERE,Growth,International Shares,Global Shares,Global Shares,Industrials - 20,New York Stock Exchange Inc.,USD,United States,,World Large Blend Equity,International Equities - Unhedged,IEQStock
0.006224733999999998,MEDTRONIC PLC,Growth,International Shares,Global Shares,Global Shares,Health Care - 35,New York Stock Exchange Inc.,USD,United States,,World Large Blend Equity,International Equities - Unhedged,IEQStock
0.006224733999999998,MORGAN STANLEY,Growth,International Shares,Global Shares,Global Shares,Financials - 40,New York Stock Exchange Inc.,USD,United States,,World Large Blend Equity,International Equities - Unhedged,IEQStock
0.006654025999999999,PROLOGIS REIT INC,Growth,International Shares,Global Shares,Global Shares,Real Estate - 60,New York Stock Exchange Inc.,USD,United States,,World Large Blend Equity,International Equities - Unhedged,IEQStock
0.0051515039999999995,MARSH & MCLENNAN INC,Growth,International Shares,Global Shares,Global Shares,Financials - 40,New York Stock Exchange Inc.,USD,United States,,World Large Blend Equity,International Equities - Unhedged,IEQStock
0.005366149999999999,STRYKER CORP,Growth,International Shares,Global Shares,Global Shares,Health Care - 35,New York Stock Exchange Inc.,USD,United States,,World Large Blend Equity,International Equities - Unhedged,IEQStock
0.0051515039999999995,PROGRESSIVE CORP,Growth,International Shares,Global Shares,Global Shares,Financials - 40,New York Stock Exchange Inc.,USD,United States,,World Large Blend Equity,International Equities - Unhedged,IEQStock
0.006010087999999999,BLACKROCK INC,Growth,International Shares,Global Shares,Global Shares,Financials - 40,New York Stock Exchange Inc.,USD,United States,,World Large Blend Equity,International Equities - Unhedged,IEQStock
0.005580795999999999,CVS HEALTH CORP,Growth,International Shares,Global Shares,Global Shares,Health Care - 35,New York Stock Exchange Inc.,USD,United States,,World Large Blend Equity,International Equities - Unhedged,IEQStock
0.004936858,CHUBB LTD,Growth,International Shares,Global Shares,Global Shares,Financials - 40,New York Stock Exchange Inc.,USD,United States,,World Large Blend Equity,International Equities - Unhedged,IEQStock
0.005795442,AMERICAN EXPRESS,Growth,International Shares,Global Shares,Global Shares,Financials - 40,New York Stock Exchange Inc.,USD,United States,,World Large Blend Equity,International Equities - Unhedged,IEQStock
0.004936858,CIGNA,Growth,International Shares,Global Shares,Global Shares,Health Care - 35,New York Stock Exchange Inc.,USD,United States,,World Large Blend Equity,International Equities - Unhedged,IEQStock
0.005366149999999999,AMERICAN TOWER REIT CORP,Growth,International Shares,Global Shares,Global Shares,Real Estate - 60,New York Stock Exchange Inc.,USD,United States,,World Large Blend Equity,International Equities - Unhedged,IEQStock
0.0051515039999999995,EATON PLC,Growth,International Shares,Global Shares,Global Shares,Industrials - 20,New York Stock Exchange Inc.,USD,United States,,World Large Blend Equity,International Equities - Unhedged,IEQStock
0.005366149999999999,CHARLES SCHWAB CORP,Growth,International Shares,Global Shares,Global Shares,Financials - 40,New York Stock Exchange Inc.,USD,United States,,World Large Blend Equity,International Equities - Unhedged,IEQStock
0.005580795999999999,CITIGROUP INC,Growth,International Shares,Global Shares,Global Shares,Financials - 40,New York Stock Exchange Inc.,USD,United States,,World Large Blend Equity,International Equities - Unhedged,IEQStock
0.004722211999999999,ZOETIS INC CLASS A,Growth,International Shares,Global Shares,Global Shares,Health Care - 35,New York Stock Exchange Inc.,USD,United States,,World Large Blend Equity,International Equities - Unhedged,IEQStock
0.004507565999999999,BOSTON SCIENTIFIC CORP,Growth,International Shares,Global Shares,Global Shares,Health Care - 35,New York Stock Exchange Inc.,USD,United States,,World Large Blend Equity,International Equities - Unhedged,IEQStock
0.003863627999999999,SCHLUMBERGER NV,Growth,International Shares,Global Shares,Global Shares,Energy - 10,New York Stock Exchange Inc.,USD,United States,,World Large Blend Equity,International Equities - Unhedged,IEQStock
0.0042929199999999995,SOUTHERN,Growth,International Shares,Global Shares,Global Shares,Utilities - 55,New York Stock Exchange Inc.,USD,United States,,World Large Blend Equity,International Equities - Unhedged,IEQStock
0.003863627999999999,BECTON DICKINSON,Growth,International Shares,Global Shares,Global Shares,Health Care - 35,New York Stock Exchange Inc.,USD,United States,,World Large Blend Equity,International Equities - Unhedged,IEQStock
0.0042929199999999995,FISERV INC,Growth,International Shares,Global Shares,Global Shares,Financials - 40,New York Stock Exchange Inc.,USD,United States,,World Large Blend Equity,International Equities - Unhedged,IEQStock
0.003863627999999999,ALTRIA GROUP INC,Growth,International Shares,Global Shares,Global Shares,Consumer Staples - 30,New York Stock Exchange Inc.,USD,United States,,World Large Blend Equity,International Equities - Unhedged,IEQStock
0.003648982,EOG RESOURCES INC,Growth,International Shares,Global Shares,Global Shares,Energy - 10,New York Stock Exchange Inc.,USD,United States,,World Large Blend Equity,International Equities - Unhedged,IEQStock
0.004722211999999999,BLACKSTONE INC,Growth,International Shares,Global Shares,Global Shares,Financials - 40,New York Stock Exchange Inc.,USD,United States,,World Large Blend Equity,International Equities - Unhedged,IEQStock
0.004078274,DUKE ENERGY CORP,Growth,International Shares,Global Shares,Global Shares,Utilities - 55,New York Stock Exchange Inc.,USD,United States,,World Large Blend Equity,International Equities - Unhedged,IEQStock
0.003648982,NORTHROP GRUMMAN CORP,Growth,International Shares,Global Shares,Global Shares,Industrials - 20,New York Stock Exchange Inc.,USD,United States,,World Large Blend Equity,International Equities - Unhedged,IEQStock
0.0032196899999999994,AON PLC CLASS A,Growth,International Shares,Global Shares,Global Shares,Financials - 40,New York Stock Exchange Inc.,USD,United States,,World Large Blend Equity,International Equities - Unhedged,IEQStock
0.003863627999999999,ILLINOIS TOOL INC,Growth,International Shares,Global Shares,Global Shares,Industrials - 20,New York Stock Exchange Inc.,USD,United States,,World Large Blend Equity,International Equities - Unhedged,IEQStock
0.0034343359999999996,WASTE MANAGEMENT INC,Growth,International Shares,Global Shares,Global Shares,Industrials - 20,New York Stock Exchange Inc.,USD,United States,,World Large Blend Equity,International Equities - Unhedged,IEQStock
0.003648982,COLGATE-PALMOLIVE,Growth,International Shares,Global Shares,Global Shares,Consumer Staples - 30,New York Stock Exchange Inc.,USD,United States,,World Large Blend Equity,International Equities - Unhedged,IEQStock
0.003863627999999999,INTERCONTINENTAL EXCHANGE INC,Growth,International Shares,Global Shares,Global Shares,Financials - 40,New York Stock Exchange Inc.,USD,United States,,World Large Blend Equity,International Equities - Unhedged,IEQStock
0.0034343359999999996,MCKESSON CORP,Growth,International Shares,Global Shares,Global Shares,Health Care - 35,New York Stock Exchange Inc.,USD,United States,,World Large Blend Equity,International Equities - Unhedged,IEQStock
0.0030050439999999997,HUMANA INC,Growth,International Shares,Global Shares,Global Shares,Health Care - 35,New York Stock Exchange Inc.,USD,United States,,World Large Blend Equity,International Equities - Unhedged,IEQStock
0.003863627999999999,SHERWIN WILLIAMS,Growth,International Shares,Global Shares,Global Shares,Materials - 15,New York Stock Exchange Inc.,USD,United States,,World Large Blend Equity,International Equities - Unhedged,IEQStock
0.0032196899999999994,MARATHON PETROLEUM CORP,Growth,International Shares,Global Shares,Global Shares,Energy - 10,New York Stock Exchange Inc.,USD,United States,,World Large Blend Equity,International Equities - Unhedged,IEQStock
0.0032196899999999994,CHIPOTLE MEXICAN GRILL INC,Growth,International Shares,Global Shares,Global Shares,Consumer Discretionary - 25,New York Stock Exchange Inc.,USD,United States,,World Large Blend Equity,International Equities - Unhedged,IEQStock
0.0032196899999999994,AIR PRODUCTS AND CHEMICALS INC,Growth,International Shares,Global Shares,Global Shares,Materials - 15,New York Stock Exchange Inc.,USD,United States,,World Large Blend Equity,International Equities - Unhedged,IEQStock
0.0030050439999999997,FEDEX CORP,Growth,International Shares,Global Shares,Global Shares,Industrials - 20,New York Stock Exchange Inc.,USD,United States,,World Large Blend Equity,International Equities - Unhedged,IEQStock
0.0030050439999999997,GENERAL DYNAMICS CORP,Growth,International Shares,Global Shares,Global Shares,Industrials - 20,New York Stock Exchange Inc.,USD,United States,,World Large Blend Equity,International Equities - Unhedged,IEQStock
0.0027903979999999995,PIONEER NATURAL RESOURCE,Growth,International Shares,Global Shares,Global Shares,Energy - 10,New York Stock Exchange Inc.,USD,United States,,World Large Blend Equity,International Equities - Unhedged,IEQStock
0.003648982,US BANCORP,Growth,International Shares,Global Shares,Global Shares,Financials - 40,New York Stock Exchange Inc.,USD,United States,,World Large Blend Equity,International Equities - Unhedged,IEQStock
0.0032196899999999994,ARISTA NETWORKS INC,Growth,International Shares,Global Shares,Global Shares,Information Technology - 45,New York Stock Exchange Inc.,USD,United States,,World Large Blend Equity,International Equities - Unhedged,IEQStock
0.0032196899999999994,MOODYS CORP,Growth,International Shares,Global Shares,Global Shares,Financials - 40,New York Stock Exchange Inc.,USD,United States,,World Large Blend Equity,International Equities - Unhedged,IEQStock
0.0025757519999999997,ARTHUR J GALLAGHER,Growth,International Shares,Global Shares,Global Shares,Financials - 40,New York Stock Exchange Inc.,USD,United States,,World Large Blend Equity,International Equities - Unhedged,IEQStock
0.0032196899999999994,PARKER-HANNIFIN CORP,Growth,International Shares,Global Shares,Global Shares,Industrials - 20,New York Stock Exchange Inc.,USD,United States,,World Large Blend Equity,International Equities - Unhedged,IEQStock
0.0032196899999999994,3M,Growth,International Shares,Global Shares,Global Shares,Industrials - 20,New York Stock Exchange Inc.,USD,United States,,World Large Blend Equity,International Equities - Unhedged,IEQStock
0.0034343359999999996,TARGET CORP,Growth,International Shares,Global Shares,Global Shares,Consumer Staples - 30,New York Stock Exchange Inc.,USD,United States,,World Large Blend Equity,International Equities - Unhedged,IEQStock
0.0027903979999999995,MOTOROLA SOLUTIONS INC,Growth,International Shares,Global Shares,Global Shares,Information Technology - 45,New York Stock Exchange Inc.,USD,United States,,World Large Blend Equity,International Equities - Unhedged,IEQStock
0.0032196899999999994,PHILLIPS,Growth,International Shares,Global Shares,Global Shares,Energy - 10,New York Stock Exchange Inc.,USD,United States,,World Large Blend Equity,International Equities - Unhedged,IEQStock
0.0030050439999999997,AMPHENOL CORP CLASS A,Growth,International Shares,Global Shares,Global Shares,Information Technology - 45,New York Stock Exchange Inc.,USD,United States,,World Large Blend Equity,International Equities - Unhedged,IEQStock
0.0030050439999999997,TRANE TECHNOLOGIES PLC,Growth,International Shares,Global Shares,Global Shares,Industrials - 20,New York Stock Exchange Inc.,USD,United States,,World Large Blend Equity,International Equities - Unhedged,IEQStock
0.0030050439999999997,TRANSDIGM GROUP INC,Growth,International Shares,Global Shares,Global Shares,Industrials - 20,New York Stock Exchange Inc.,USD,United States,,World Large Blend Equity,International Equities - Unhedged,IEQStock
0.0032196899999999994,FREEPORT MCMORAN INC,Growth,International Shares,Global Shares,Global Shares,Materials - 15,New York Stock Exchange Inc.,USD,United States,,World Large Blend Equity,International Equities - Unhedged,IEQStock
0.0030050439999999997,EMERSON ELECTRIC,Growth,International Shares,Global Shares,Global Shares,Industrials - 20,New York Stock Exchange Inc.,USD,United States,,World Large Blend Equity,International Equities - Unhedged,IEQStock
0.0023611059999999995,AUTOZONE INC,Growth,International Shares,Global Shares,Global Shares,Consumer Discretionary - 25,New York Stock Exchange Inc.,USD,United States,,World Large Blend Equity,International Equities - Unhedged,IEQStock
0.0034343359999999996,PNC FINANCIAL SERVICES GROUP INC,Growth,International Shares,Global Shares,Global Shares,Financials - 40,New York Stock Exchange Inc.,USD,United States,,World Large Blend Equity,International Equities - Unhedged,IEQStock
0.0030050439999999997,HCA HEALTHCARE INC,Growth,International Shares,Global Shares,Global Shares,Health Care - 35,New York Stock Exchange Inc.,USD,United States,,World Large Blend Equity,International Equities - Unhedged,IEQStock
0.0025757519999999997,SEMPRA,Growth,International Shares,Global Shares,Global Shares,Utilities - 55,New York Stock Exchange Inc.,USD,United States,,World Large Blend Equity,International Equities - Unhedged,IEQStock
0.0025757519999999997,AMERICAN INTERNATIONAL GROUP INC,Growth,International Shares,Global Shares,Global Shares,Financials - 40,New York Stock Exchange Inc.,USD,United States,,World Large Blend Equity,International Equities - Unhedged,IEQStock
0.0025757519999999997,WELLTOWER INC,Growth,International Shares,Global Shares,Global Shares,Real Estate - 60,New York Stock Exchange Inc.,USD,United States,,World Large Blend Equity,International Equities - Unhedged,IEQStock
0.0025757519999999997,ECOLAB INC,Growth,International Shares,Global Shares,Global Shares,Materials - 15,New York Stock Exchange Inc.,USD,United States,,World Large Blend Equity,International Equities - Unhedged,IEQStock
0.0027903979999999995,NORFOLK SOUTHERN CORP,Growth,International Shares,Global Shares,Global Shares,Industrials - 20,New York Stock Exchange Inc.,USD,United States,,World Large Blend Equity,International Equities - Unhedged,IEQStock
0.0023611059999999995,AFLAC INC,Growth,International Shares,Global Shares,Global Shares,Financials - 40,New York Stock Exchange Inc.,USD,United States,,World Large Blend Equity,International Equities - Unhedged,IEQStock
0.0023611059999999995,VALERO ENERGY CORP,Growth,International Shares,Global Shares,Global Shares,Energy - 10,New York Stock Exchange Inc.,USD,United States,,World Large Blend Equity,International Equities - Unhedged,IEQStock
0.0023611059999999995,WILLIAMS INC,Growth,International Shares,Global Shares,Global Shares,Energy - 10,New York Stock Exchange Inc.,USD,United States,,World Large Blend Equity,International Equities - Unhedged,IEQStock
0.0025757519999999997,CARRIER GLOBAL CORP,Growth,International Shares,Global Shares,Global Shares,Industrials - 20,New York Stock Exchange Inc.,USD,United States,,World Large Blend Equity,International Equities - Unhedged,IEQStock
0.0025757519999999997,CROWN CASTLE INC,Growth,International Shares,Global Shares,Global Shares,Real Estate - 60,New York Stock Exchange Inc.,USD,United States,,World Large Blend Equity,International Equities - Unhedged,IEQStock
0.0025757519999999997,HILTON WORLDWIDE HOLDINGS INC,Growth,International Shares,Global Shares,Global Shares,Consumer Discretionary - 25,New York Stock Exchange Inc.,USD,United States,,World Large Blend Equity,International Equities - Unhedged,IEQStock
0.0021464599999999998,KIMBERLY CLARK CORP,Growth,International Shares,Global Shares,Global Shares,Consumer Staples - 30,New York Stock Exchange Inc.,USD,United States,,World Large Blend Equity,International Equities - Unhedged,IEQStock
0.0027903979999999995,TRUIST FINANCIAL CORP,Growth,International Shares,Global Shares,Global Shares,Financials - 40,New York Stock Exchange Inc.,USD,United States,,World Large Blend Equity,International Equities - Unhedged,IEQStock
0.0023611059999999995,EDWARDS LIFESCIENCES CORP,Growth,International Shares,Global Shares,Global Shares,Health Care - 35,New York Stock Exchange Inc.,USD,United States,,World Large Blend Equity,International Equities - Unhedged,IEQStock
0.0027903979999999995,CAPITAL ONE FINANCIAL CORP,Growth,International Shares,Global Shares,Global Shares,Financials - 40,New York Stock Exchange Inc.,USD,United States,,World Large Blend Equity,International Equities - Unhedged,IEQStock
0.0025757519999999997,FORD MOTOR CO,Growth,International Shares,Global Shares,Global Shares,Consumer Discretionary - 25,New York Stock Exchange Inc.,USD,United States,,World Large Blend Equity,International Equities - Unhedged,IEQStock
0.0021464599999999998,OCCIDENTAL PETROLEUM CORP,Growth,International Shares,Global Shares,Global Shares,Energy - 10,New York Stock Exchange Inc.,USD,United States,,World Large Blend Equity,International Equities - Unhedged,IEQStock
0.0021464599999999998,HESS CORP,Growth,International Shares,Global Shares,Global Shares,Energy - 10,New York Stock Exchange Inc.,USD,United States,,World Large Blend Equity,International Equities - Unhedged,IEQStock
0.0023611059999999995,MSCI INC,Growth,International Shares,Global Shares,Global Shares,Financials - 40,New York Stock Exchange Inc.,USD,United States,,World Large Blend Equity,International Equities - Unhedged,IEQStock
0.0021464599999999998,TE CONNECTIVITY LTD,Growth,International Shares,Global Shares,Global Shares,Information Technology - 45,New York Stock Exchange Inc.,USD,United States,,World Large Blend Equity,International Equities - Unhedged,IEQStock
0.0025757519999999997,PUBLIC STORAGE REIT,Growth,International Shares,Global Shares,Global Shares,Real Estate - 60,New York Stock Exchange Inc.,USD,United States,,World Large Blend Equity,International Equities - Unhedged,IEQStock
0.0021464599999999998,CONSTELLATION BRANDS INC CLASS A,Growth,International Shares,Global Shares,Global Shares,Consumer Staples - 30,New York Stock Exchange Inc.,USD,United States,,World Large Blend Equity,International Equities - Unhedged,IEQStock
0.0027903979999999995,GENERAL MOTORS,Growth,International Shares,Global Shares,Global Shares,Consumer Discretionary - 25,New York Stock Exchange Inc.,USD,United States,,World Large Blend Equity,International Equities - Unhedged,IEQStock
0.0023611059999999995,TRAVELERS COMPANIES INC,Growth,International Shares,Global Shares,Global Shares,Financials - 40,New York Stock Exchange Inc.,USD,United States,,World Large Blend Equity,International Equities - Unhedged,IEQStock
0.0021464599999999998,CENTENE CORP,Growth,International Shares,Global Shares,Global Shares,Health Care - 35,New York Stock Exchange Inc.,USD,United States,,World Large Blend Equity,International Equities - Unhedged,IEQStock
0.0021464599999999998,DIGITAL REALTY TRUST REIT INC,Growth,International Shares,Global Shares,Global Shares,Real Estate - 60,New York Stock Exchange Inc.,USD,United States,,World Large Blend Equity,International Equities - Unhedged,IEQStock
0.0019318139999999996,ARCHER DANIELS MIDLAND,Growth,International Shares,Global Shares,Global Shares,Consumer Staples - 30,New York Stock Exchange Inc.,USD,United States,,World Large Blend Equity,International Equities - Unhedged,IEQStock
0.0021464599999999998,DOMINION ENERGY INC,Growth,International Shares,Global Shares,Global Shares,Utilities - 55,New York Stock Exchange Inc.,USD,United States,,World Large Blend Equity,International Equities - Unhedged,IEQStock
0.0019318139999999996,GENERAL MILLS INC,Growth,International Shares,Global Shares,Global Shares,Consumer Staples - 30,New York Stock Exchange Inc.,USD,United States,,World Large Blend Equity,International Equities - Unhedged,IEQStock
0.0023611059999999995,METLIFE INC,Growth,International Shares,Global Shares,Global Shares,Financials - 40,New York Stock Exchange Inc.,USD,United States,,World Large Blend Equity,International Equities - Unhedged,IEQStock
0.0025757519999999997,SIMON PROPERTY GROUP REIT INC,Growth,International Shares,Global Shares,Global Shares,Real Estate - 60,New York Stock Exchange Inc.,USD,United States,,World Large Blend Equity,International Equities - Unhedged,IEQStock
0.0021464599999999998,ONEOK INC,Growth,International Shares,Global Shares,Global Shares,Energy - 10,New York Stock Exchange Inc.,USD,United States,,World Large Blend Equity,International Equities - Unhedged,IEQStock
0.0023611059999999995,NUCOR CORP,Growth,International Shares,Global Shares,Global Shares,Materials - 15,New York Stock Exchange Inc.,USD,United States,,World Large Blend Equity,International Equities - Unhedged,IEQStock
0.0023611059999999995,D R HORTON INC,Growth,International Shares,Global Shares,Global Shares,Consumer Discretionary - 25,New York Stock Exchange Inc.,USD,United States,,World Large Blend Equity,International Equities - Unhedged,IEQStock
0.0021464599999999998,IQVIA HOLDINGS INC,Growth,International Shares,Global Shares,Global Shares,Health Care - 35,New York Stock Exchange Inc.,USD,United States,,World Large Blend Equity,International Equities - Unhedged,IEQStock
0.0023611059999999995,REALTY INCOME REIT CORP,Growth,International Shares,Global Shares,Global Shares,Real Estate - 60,New York Stock Exchange Inc.,USD,United States,,World Large Blend Equity,International Equities - Unhedged,IEQStock
0.0019318139999999996,YUM BRANDS INC,Growth,International Shares,Global Shares,Global Shares,Consumer Discretionary - 25,New York Stock Exchange Inc.,USD,United States,,World Large Blend Equity,International Equities - Unhedged,IEQStock
0.0017171679999999998,CORTEVA INC,Growth,International Shares,Global Shares,Global Shares,Materials - 15,New York Stock Exchange Inc.,USD,United States,,World Large Blend Equity,International Equities - Unhedged,IEQStock
0.0021464599999999998,PG&E CORP,Growth,International Shares,Global Shares,Global Shares,Utilities - 55,New York Stock Exchange Inc.,USD,United States,,World Large Blend Equity,International Equities - Unhedged,IEQStock
0.0021464599999999998,BANK OF NEW YORK MELLON CORP,Growth,International Shares,Global Shares,Global Shares,Financials - 40,New York Stock Exchange Inc.,USD,United States,,World Large Blend Equity,International Equities - Unhedged,IEQStock
0.0021464599999999998,JOHNSON CONTROLS INTERNATIONAL PLC,Growth,International Shares,Global Shares,Global Shares,Industrials - 20,New York Stock Exchange Inc.,USD,United States,,World Large Blend Equity,International Equities - Unhedged,IEQStock
0.0021464599999999998,L3HARRIS TECHNOLOGIES INC,Growth,International Shares,Global Shares,Global Shares,Industrials - 20,New York Stock Exchange Inc.,USD,United States,,World Large Blend Equity,International Equities - Unhedged,IEQStock
0.0019318139999999996,WW GRAINGER INC,Growth,International Shares,Global Shares,Global Shares,Industrials - 20,New York Stock Exchange Inc.,USD,United States,,World Large Blend Equity,International Equities - Unhedged,IEQStock
0.0021464599999999998,AMERIPRISE FINANCE INC,Growth,International Shares,Global Shares,Global Shares,Financials - 40,New York Stock Exchange Inc.,USD,United States,,World Large Blend Equity,International Equities - Unhedged,IEQStock
0.0021464599999999998,SYSCO CORP,Growth,International Shares,Global Shares,Global Shares,Consumer Staples - 30,New York Stock Exchange Inc.,USD,United States,,World Large Blend Equity,International Equities - Unhedged,IEQStock
0.0021464599999999998,DOW INC,Growth,International Shares,Global Shares,Global Shares,Materials - 15,New York Stock Exchange Inc.,USD,United States,,World Large Blend Equity,International Equities - Unhedged,IEQStock
0.0017171679999999998,HALLIBURTON,Growth,International Shares,Global Shares,Global Shares,Energy - 10,New York Stock Exchange Inc.,USD,United States,,World Large Blend Equity,International Equities - Unhedged,IEQStock
0.0021464599999999998,ALLSTATE CORP,Growth,International Shares,Global Shares,Global Shares,Financials - 40,New York Stock Exchange Inc.,USD,United States,,World Large Blend Equity,International Equities - Unhedged,IEQStock
0.0019318139999999996,AMETEK INC,Growth,International Shares,Global Shares,Global Shares,Industrials - 20,New York Stock Exchange Inc.,USD,United States,,World Large Blend Equity,International Equities - Unhedged,IEQStock
0.0019318139999999996,KENVUE INC,Growth,International Shares,Global Shares,Global Shares,Consumer Staples - 30,New York Stock Exchange Inc.,USD,United States,,World Large Blend Equity,International Equities - Unhedged,IEQStock
0.0019318139999999996,OTIS WORLDWIDE CORP,Growth,International Shares,Global Shares,Global Shares,Industrials - 20,New York Stock Exchange Inc.,USD,United States,,World Large Blend Equity,International Equities - Unhedged,IEQStock
0.0019318139999999996,CENCORA INC,Growth,International Shares,Global Shares,Global Shares,Health Care - 35,New York Stock Exchange Inc.,USD,United States,,World Large Blend Equity,International Equities - Unhedged,IEQStock
0.0021464599999999998,AGILENT TECHNOLOGIES INC,Growth,International Shares,Global Shares,Global Shares,Health Care - 35,New York Stock Exchange Inc.,USD,United States,,World Large Blend Equity,International Equities - Unhedged,IEQStock
0.0019318139999999996,KINDER MORGAN INC,Growth,International Shares,Global Shares,Global Shares,Energy - 10,New York Stock Exchange Inc.,USD,United States,,World Large Blend Equity,International Equities - Unhedged,IEQStock
0.0017171679999999998,REPUBLIC SERVICES INC,Growth,International Shares,Global Shares,Global Shares,Industrials - 20,New York Stock Exchange Inc.,USD,United States,,World Large Blend Equity,International Equities - Unhedged,IEQStock
0.0017171679999999998,DUPONT DE NEMOURS INC,Growth,International Shares,Global Shares,Global Shares,Materials - 15,New York Stock Exchange Inc.,USD,United States,,World Large Blend Equity,International Equities - Unhedged,IEQStock
0.0017171679999999998,GARTNER INC,Growth,International Shares,Global Shares,Global Shares,Information Technology - 45,New York Stock Exchange Inc.,USD,United States,,World Large Blend Equity,International Equities - Unhedged,IEQStock
0.0019318139999999996,CUMMINS INC,Growth,International Shares,Global Shares,Global Shares,Industrials - 20,New York Stock Exchange Inc.,USD,United States,,World Large Blend Equity,International Equities - Unhedged,IEQStock
0.0017171679999999998,PUBLIC SERVICE ENTERPRISE GROUP IN,Growth,International Shares,Global Shares,Global Shares,Utilities - 55,New York Stock Exchange Inc.,USD,United States,,World Large Blend Equity,International Equities - Unhedged,IEQStock
0.0017171679999999998,CONSOLIDATED EDISON INC,Growth,International Shares,Global Shares,Global Shares,Utilities - 55,New York Stock Exchange Inc.,USD,United States,,World Large Blend Equity,International Equities - Unhedged,IEQStock
0.0019318139999999996,LENNAR A CORP,Growth,International Shares,Global Shares,Global Shares,Consumer Discretionary - 25,New York Stock Exchange Inc.,USD,United States,,World Large Blend Equity,International Equities - Unhedged,IEQStock
0.0019318139999999996,FIDELITY NATIONAL INFORMATION SERV,Growth,International Shares,Global Shares,Global Shares,Financials - 40,New York Stock Exchange Inc.,USD,United States,,World Large Blend Equity,International Equities - Unhedged,IEQStock
0.0019318139999999996,PPG INDUSTRIES INC,Growth,International Shares,Global Shares,Global Shares,Materials - 15,New York Stock Exchange Inc.,USD,United States,,World Large Blend Equity,International Equities - Unhedged,IEQStock
0.0019318139999999996,UNITED RENTALS INC,Growth,International Shares,Global Shares,Global Shares,Industrials - 20,New York Stock Exchange Inc.,USD,United States,,World Large Blend Equity,International Equities - Unhedged,IEQStock
0.0017171679999999998,KROGER,Growth,International Shares,Global Shares,Global Shares,Consumer Staples - 30,New York Stock Exchange Inc.,USD,United States,,World Large Blend Equity,International Equities - Unhedged,IEQStock
0.0019318139999999996,ROCKWELL AUTOMATION INC,Growth,International Shares,Global Shares,Global Shares,Industrials - 20,New York Stock Exchange Inc.,USD,United States,,World Large Blend Equity,International Equities - Unhedged,IEQStock
0.0017171679999999998,VICI PPTYS INC,Growth,International Shares,Global Shares,Global Shares,Real Estate - 60,New York Stock Exchange Inc.,USD,United States,,World Large Blend Equity,International Equities - Unhedged,IEQStock
0.0015025219999999998,DEVON ENERGY CORP,Growth,International Shares,Global Shares,Global Shares,Energy - 10,New York Stock Exchange Inc.,USD,United States,,World Large Blend Equity,International Equities - Unhedged,IEQStock
0.0019318139999999996,PRUDENTIAL PLC,Growth,International Shares,Global Shares,Global Shares,Financials - 40,New York Stock Exchange Inc.,USD,United States,,World Large Blend Equity,International Equities - Unhedged,IEQStock
0.0019318139999999996,GLOBAL PAYMENTS INC,Growth,International Shares,Global Shares,Global Shares,Financials - 40,New York Stock Exchange Inc.,USD,United States,,World Large Blend Equity,International Equities - Unhedged,IEQStock
0.0015025219999999998,HERSHEY FOODS,Growth,International Shares,Global Shares,Global Shares,Consumer Staples - 30,New York Stock Exchange Inc.,USD,United States,,World Large Blend Equity,International Equities - Unhedged,IEQStock
0.0015025219999999998,VULCAN MATERIALS,Growth,International Shares,Global Shares,Global Shares,Materials - 15,New York Stock Exchange Inc.,USD,United States,,World Large Blend Equity,International Equities - Unhedged,IEQStock
0.0017171679999999998,MARTIN MARIETTA MATERIALS INC,Growth,International Shares,Global Shares,Global Shares,Materials - 15,New York Stock Exchange Inc.,USD,United States,,World Large Blend Equity,International Equities - Unhedged,IEQStock
0.0017171679999999998,INGERSOLL RAND INC,Growth,International Shares,Global Shares,Global Shares,Industrials - 20,New York Stock Exchange Inc.,USD,United States,,World Large Blend Equity,International Equities - Unhedged,IEQStock
0.0012878759999999999,CARDINAL HEALTH INC,Growth,International Shares,Global Shares,Global Shares,Health Care - 35,New York Stock Exchange Inc.,USD,United States,,World Large Blend Equity,International Equities - Unhedged,IEQStock
0.0015025219999999998,WEC ENERGY GROUP INC,Growth,International Shares,Global Shares,Global Shares,Utilities - 55,New York Stock Exchange Inc.,USD,United States,,World Large Blend Equity,International Equities - Unhedged,IEQStock
0.006654025999999999,TELUS CORP,Growth,International Shares,Global Shares,Global Shares,Communication Services - 50,New York Stock Exchange Inc.,USD,United States,,World Large Blend Equity,International Equities - Unhedged,IEQStock
0.0012878759999999999,AMERICAN WATER WORKS INC,Growth,International Shares,Global Shares,Global Shares,Utilities - 55,New York Stock Exchange Inc.,USD,United States,,World Large Blend Equity,International Equities - Unhedged,IEQStock
0.0012878759999999999,WEST PHARMACEUTICAL SERVICES INC,Growth,International Shares,Global Shares,Global Shares,Health Care - 35,New York Stock Exchange Inc.,USD,United States,,World Large Blend Equity,International Equities - Unhedged,IEQStock
0.0015025219999999998,EDISON INTERNATIONAL,Growth,International Shares,Global Shares,Global Shares,Utilities - 55,New York Stock Exchange Inc.,USD,United States,,World Large Blend Equity,International Equities - Unhedged,IEQStock
0.0015025219999999998,QUANTA SERVICES INC,Growth,International Shares,Global Shares,Global Shares,Industrials - 20,New York Stock Exchange Inc.,USD,United States,,World Large Blend Equity,International Equities - Unhedged,IEQStock
0.0015025219999999998,AVALONBAY COMMUNITIES REIT INC,Growth,International Shares,Global Shares,Global Shares,Real Estate - 60,New York Stock Exchange Inc.,USD,United States,,World Large Blend Equity,International Equities - Unhedged,IEQStock
0.0015025219999999998,HP INC,Growth,International Shares,Global Shares,Global Shares,Information Technology - 45,New York Stock Exchange Inc.,USD,United States,,World Large Blend Equity,International Equities - Unhedged,IEQStock
0.0012878759999999999,LYONDELLBASELL INDUSTRIES NV CLASS,Growth,International Shares,Global Shares,Global Shares,Materials - 15,New York Stock Exchange Inc.,USD,United States,,World Large Blend Equity,International Equities - Unhedged,IEQStock
0.0015025219999999998,FAIR ISAAC CORP,Growth,International Shares,Global Shares,Global Shares,Information Technology - 45,New York Stock Exchange Inc.,USD,United States,,World Large Blend Equity,International Equities - Unhedged,IEQStock
0.0015025219999999998,XYLEM INC,Growth,International Shares,Global Shares,Global Shares,Industrials - 20,New York Stock Exchange Inc.,USD,United States,,World Large Blend Equity,International Equities - Unhedged,IEQStock
0.0015025219999999998,CBRE GROUP INC CLASS A,Growth,International Shares,Global Shares,Global Shares,Real Estate - 60,New York Stock Exchange Inc.,USD,United States,,World Large Blend Equity,International Equities - Unhedged,IEQStock
0.0012878759999999999,FORTIVE CORP,Growth,International Shares,Global Shares,Global Shares,Industrials - 20,New York Stock Exchange Inc.,USD,United States,,World Large Blend Equity,International Equities - Unhedged,IEQStock
0.0012878759999999999,METTLER TOLEDO INC,Growth,International Shares,Global Shares,Global Shares,Health Care - 35,New York Stock Exchange Inc.,USD,United States,,World Large Blend Equity,International Equities - Unhedged,IEQStock
0.0017171679999999998,EXTRA SPACE STORAGE REIT INC,Growth,International Shares,Global Shares,Global Shares,Real Estate - 60,New York Stock Exchange Inc.,USD,United States,,World Large Blend Equity,International Equities - Unhedged,IEQStock
0.0012878759999999999,HARTFORD FINANCIAL SERVICES GROUP,Growth,International Shares,Global Shares,Global Shares,Financials - 40,New York Stock Exchange Inc.,USD,United States,,World Large Blend Equity,International Equities - Unhedged,IEQStock
0.0017171679999999998,EQUIFAX INC,Growth,International Shares,Global Shares,Global Shares,Industrials - 20,New York Stock Exchange Inc.,USD,United States,,World Large Blend Equity,International Equities - Unhedged,IEQStock
0.0015025219999999998,KEYSIGHT TECHNOLOGIES INC,Growth,International Shares,Global Shares,Global Shares,Information Technology - 45,New York Stock Exchange Inc.,USD,United States,,World Large Blend Equity,International Equities - Unhedged,IEQStock
0.0012878759999999999,WEYERHAEUSER REIT,Growth,International Shares,Global Shares,Global Shares,Real Estate - 60,New York Stock Exchange Inc.,USD,United States,,World Large Blend Equity,International Equities - Unhedged,IEQStock
0.0012878759999999999,ZIMMER BIOMET HOLDINGS INC,Growth,International Shares,Global Shares,Global Shares,Health Care - 35,New York Stock Exchange Inc.,USD,United States,,World Large Blend Equity,International Equities - Unhedged,IEQStock
0.0015025219999999998,ROYAL CARIBBEAN GROUP LTD,Growth,International Shares,Global Shares,Global Shares,Consumer Discretionary - 25,New York Stock Exchange Inc.,USD,United States,,World Large Blend Equity,International Equities - Unhedged,IEQStock
0.0012878759999999999,CHURCH AND DWIGHT INC,Growth,International Shares,Global Shares,Global Shares,Consumer Staples - 30,New York Stock Exchange Inc.,USD,United States,,World Large Blend Equity,International Equities - Unhedged,IEQStock
0.0010732299999999999,STERIS,Growth,International Shares,Global Shares,Global Shares,Health Care - 35,New York Stock Exchange Inc.,USD,United States,,World Large Blend Equity,International Equities - Unhedged,IEQStock
0.0015025219999999998,DELTA AIR LINES INC,Growth,International Shares,Global Shares,Global Shares,Industrials - 20,New York Stock Exchange Inc.,USD,United States,,World Large Blend Equity,International Equities - Unhedged,IEQStock
0.012803616,Bank Account,Defensive,Cash,Cash,Cash,ASXStock,Cash,Cash,Bank Account,Cash,Domestic Cash,Cash,ASXStock
0.0007358400000000001,CBOE GLOBAL MARKETS INC,Growth,International Shares,Global Shares,Global Shares,Financials - 40,Cboe BZX formerly known as BATS,USD,United States,,World Large Blend Equity,International Equities - Unhedged,IEQStock
0.000883008,DEUTSCHE TELEKOM N AG,Growth,International Shares,Global Shares,Global Shares,Communication Services - 50,Deutsche Boerse Markets,EUR,Germany,,World Large Blend Equity,International Equities - Unhedged,IEQStock
0.001177344,ESTEE LAUDER INC CLASS A,Growth,International Shares,Global Shares,Global Shares,Health Care - 35,Euronext Paris,EUR,France,,World Large Blend Equity,International Equities - Unhedged,IEQStock
0.001030176,DOLLAR GENERAL CORP,Growth,International Shares,Global Shares,Global Shares,Industrials - 20,Euronext Paris,EUR,France,,World Large Blend Equity,International Equities - Unhedged,IEQStock
0.000294336,ANGLO AMERICAN PLC,Growth,International Shares,Global Shares,Global Shares,Materials - 15,London Stock Exchange,GBP,United Kingdom,,World Large Blend Equity,International Equities - Unhedged,IEQStock
0.000883008,TRACTOR SUPPLY,Growth,International Shares,Global Shares,Global Shares,Consumer Staples - 30,London Stock Exchange,GBP,United Kingdom,,World Large Blend Equity,International Equities - Unhedged,IEQStock
0.000883008,T ROWE PRICE GROUP INC,Growth,International Shares,Global Shares,Global Shares,Financials - 40,NASDAQ Stock Market,USD,United States,,World Large Blend Equity,International Equities - Unhedged,IEQStock
0.000883008,ULTA BEAUTY INC,Growth,International Shares,Global Shares,Global Shares,Consumer Discretionary - 25,NASDAQ Stock Market,USD,United States,,World Large Blend Equity,International Equities - Unhedged,IEQStock
0.000588672,VERISIGN INC,Growth,International Shares,Global Shares,Global Shares,Information Technology - 45,NASDAQ Stock Market,USD,United States,,World Large Blend Equity,International Equities - Unhedged,IEQStock
0.0007358400000000001,ILLUMINA INC,Growth,International Shares,Global Shares,Global Shares,Health Care - 35,NASDAQ Stock Market,USD,United States,,World Large Blend Equity,International Equities - Unhedged,IEQStock
0.000883008,FIFTH THIRD BANCORP,Growth,International Shares,Global Shares,Global Shares,Financials - 40,NASDAQ Stock Market,USD,United States,,World Large Blend Equity,International Equities - Unhedged,IEQStock
0.0007358400000000001,PTC INC,Growth,International Shares,Global Shares,Global Shares,Information Technology - 45,NASDAQ Stock Market,USD,United States,,World Large Blend Equity,International Equities - Unhedged,IEQStock
0.0007358400000000001,NASDAQ INC,Growth,International Shares,Global Shares,Global Shares,Financials - 40,NASDAQ Stock Market,USD,United States,,World Large Blend Equity,International Equities - Unhedged,IEQStock
0.000588672,STEEL DYNAMICS INC,Growth,International Shares,Global Shares,Global Shares,Materials - 15,NASDAQ Stock Market,USD,United States,,World Large Blend Equity,International Equities - Unhedged,IEQStock
0.000588672,HOLOGIC INC,Growth,International Shares,Global Shares,Global Shares,Health Care - 35,NASDAQ Stock Market,USD,United States,,World Large Blend Equity,International Equities - Unhedged,IEQStock
0.000588672,AKAMAI TECHNOLOGIES INC,Growth,International Shares,Global Shares,Global Shares,Information Technology - 45,NASDAQ Stock Market,USD,United States,,World Large Blend Equity,International Equities - Unhedged,IEQStock
0.0007358400000000001,COOPER INC,Growth,International Shares,Global Shares,Global Shares,Health Care - 35,NASDAQ Stock Market,USD,United States,,World Large Blend Equity,International Equities - Unhedged,IEQStock
0.0007358400000000001,EXPEDIA GROUP INC,Growth,International Shares,Global Shares,Global Shares,Consumer Discretionary - 25,NASDAQ Stock Market,USD,United States,,World Large Blend Equity,International Equities - Unhedged,IEQStock
0.000588672,NETAPP INC,Growth,International Shares,Global Shares,Global Shares,Information Technology - 45,NASDAQ Stock Market,USD,United States,,World Large Blend Equity,International Equities - Unhedged,IEQStock
0.000588672,CINCINNATI FINANCIAL CORP,Growth,International Shares,Global Shares,Global Shares,Financials - 40,NASDAQ Stock Market,USD,United States,,World Large Blend Equity,International Equities - Unhedged,IEQStock
0.0007358400000000001,WALGREEN BOOTS ALLIANCE INC,Growth,International Shares,Global Shares,Global Shares,Consumer Staples - 30,NASDAQ Stock Market,USD,United States,,World Large Blend Equity,International Equities - Unhedged,IEQStock
0.000588672,PRINCIPAL FINANCIAL GROUP INC,Growth,International Shares,Global Shares,Global Shares,Financials - 40,NASDAQ Stock Market,USD,United States,,World Large Blend Equity,International Equities - Unhedged,IEQStock
0.000588672,FIRST SOLAR INC,Growth,International Shares,Global Shares,Global Shares,Information Technology - 45,NASDAQ Stock Market,USD,United States,,World Large Blend Equity,International Equities - Unhedged,IEQStock
0.000588672,AXON ENTERPRISE INC,Growth,International Shares,Global Shares,Global Shares,Industrials - 20,NASDAQ Stock Market,USD,United States,,World Large Blend Equity,International Equities - Unhedged,IEQStock
0.0007358400000000001,HUNTINGTON BANCSHARES INC,Growth,International Shares,Global Shares,Global Shares,Financials - 40,NASDAQ Stock Market,USD,United States,,World Large Blend Equity,International Equities - Unhedged,IEQStock
0.000588672,NORTHERN TRUST CORP,Growth,International Shares,Global Shares,Global Shares,Financials - 40,NASDAQ Stock Market,USD,United States,,World Large Blend Equity,International Equities - Unhedged,IEQStock
0.000588672,JB HUNT TRANSPORT SERVICES INC,Growth,International Shares,Global Shares,Global Shares,Industrials - 20,NASDAQ Stock Market,USD,United States,,World Large Blend Equity,International Equities - Unhedged,IEQStock
0.000588672,SKYWORKS SOLUTIONS INC,Growth,International Shares,Global Shares,Global Shares,Information Technology - 45,NASDAQ Stock Market,USD,United States,,World Large Blend Equity,International Equities - Unhedged,IEQStock
0.0007358400000000001,ALIGN TECHNOLOGY INC,Growth,International Shares,Global Shares,Global Shares,Health Care - 35,NASDAQ Stock Market,USD,United States,,World Large Blend Equity,International Equities - Unhedged,IEQStock
0.000588672,WESTERN DIGITAL CORP,Growth,International Shares,Global Shares,Global Shares,Information Technology - 45,NASDAQ Stock Market,USD,United States,,World Large Blend Equity,International Equities - Unhedged,IEQStock
0.000588672,SEAGATE TECHNOLOGY HOLDINGS PLC,Growth,International Shares,Global Shares,Global Shares,Information Technology - 45,NASDAQ Stock Market,USD,United States,,World Large Blend Equity,International Equities - Unhedged,IEQStock
0.000588672,TERADYNE INC,Growth,International Shares,Global Shares,Global Shares,Information Technology - 45,NASDAQ Stock Market,USD,United States,,World Large Blend Equity,International Equities - Unhedged,IEQStock
0.000588672,POOL CORP,Growth,International Shares,Global Shares,Global Shares,Consumer Discretionary - 25,NASDAQ Stock Market,USD,United States,,World Large Blend Equity,International Equities - Unhedged,IEQStock
0.000441504,ALLIANT ENERGY CORP,Growth,International Shares,Global Shares,Global Shares,Utilities - 55,NASDAQ Stock Market,USD,United States,,World Large Blend Equity,International Equities - Unhedged,IEQStock
0.000588672,UNITED AIRLINES HOLDINGS INC,Growth,International Shares,Global Shares,Global Shares,Industrials - 20,NASDAQ Stock Market,USD,United States,,World Large Blend Equity,International Equities - Unhedged,IEQStock
0.000441504,LKQ CORP,Growth,International Shares,Global Shares,Global Shares,Consumer Discretionary - 25,NASDAQ Stock Market,USD,United States,,World Large Blend Equity,International Equities - Unhedged,IEQStock
0.000441504,NORDSON CORP,Growth,International Shares,Global Shares,Global Shares,Industrials - 20,NASDAQ Stock Market,USD,United States,,World Large Blend Equity,International Equities - Unhedged,IEQStock
0.000588672,HOST HOTELS & RESORTS REIT INC,Growth,International Shares,Global Shares,Global Shares,Real Estate - 60,NASDAQ Stock Market,USD,United States,,World Large Blend Equity,International Equities - Unhedged,IEQStock
0.000441504,APA CORP,Growth,International Shares,Global Shares,Global Shares,Energy - 10,NASDAQ Stock Market,USD,United States,,World Large Blend Equity,International Equities - Unhedged,IEQStock
0.000441504,EVERGY INC,Growth,International Shares,Global Shares,Global Shares,Utilities - 55,NASDAQ Stock Market,USD,United States,,World Large Blend Equity,International Equities - Unhedged,IEQStock
0.000588672,INSULET CORP,Growth,International Shares,Global Shares,Global Shares,Health Care - 35,NASDAQ Stock Market,USD,United States,,World Large Blend Equity,International Equities - Unhedged,IEQStock
0.000588672,VIATRIS INC,Growth,International Shares,Global Shares,Global Shares,Health Care - 35,NASDAQ Stock Market,USD,United States,,World Large Blend Equity,International Equities - Unhedged,IEQStock
0.000588672,ENPHASE ENERGY INC,Growth,International Shares,Global Shares,Global Shares,Information Technology - 45,NASDAQ Stock Market,USD,United States,,World Large Blend Equity,International Equities - Unhedged,IEQStock
0.000441504,ZEBRA TECHNOLOGIES CORP CLASS A,Growth,International Shares,Global Shares,Global Shares,Information Technology - 45,NASDAQ Stock Market,USD,United States,,World Large Blend Equity,International Equities - Unhedged,IEQStock
0.000441504,GEN DIGITAL INC,Growth,International Shares,Global Shares,Global Shares,Information Technology - 45,NASDAQ Stock Market,USD,United States,,World Large Blend Equity,International Equities - Unhedged,IEQStock
0.000441504,TRIMBLE INC,Growth,International Shares,Global Shares,Global Shares,Information Technology - 45,NASDAQ Stock Market,USD,United States,,World Large Blend Equity,International Equities - Unhedged,IEQStock
0.000441504,JACK HENRY AND ASSOCIATES INC,Growth,International Shares,Global Shares,Global Shares,Financials - 40,NASDAQ Stock Market,USD,United States,,World Large Blend Equity,International Equities - Unhedged,IEQStock
0.000441504,INCYTE CORP,Growth,International Shares,Global Shares,Global Shares,Health Care - 35,NASDAQ Stock Market,USD,United States,,World Large Blend Equity,International Equities - Unhedged,IEQStock
0.000441504,REGENCY CENTERS REIT CORP,Growth,International Shares,Global Shares,Global Shares,Real Estate - 60,NASDAQ Stock Market,USD,United States,,World Large Blend Equity,International Equities - Unhedged,IEQStock
0.000441504,CH ROBINSON WORLDWIDE INC,Growth,International Shares,Global Shares,Global Shares,Industrials - 20,NASDAQ Stock Market,USD,United States,,World Large Blend Equity,International Equities - Unhedged,IEQStock
0.000294336,CAESARS ENTERTAINMENT INC,Growth,International Shares,Global Shares,Global Shares,Consumer Discretionary - 25,NASDAQ Stock Market,USD,United States,,World Large Blend Equity,International Equities - Unhedged,IEQStock
0.000441504,BIO TECHNE CORP,Growth,International Shares,Global Shares,Global Shares,Health Care - 35,NASDAQ Stock Market,USD,United States,,World Large Blend Equity,International Equities - Unhedged,IEQStock
0.000441504,F5 INC,Growth,International Shares,Global Shares,Global Shares,Information Technology - 45,NASDAQ Stock Market,USD,United States,,World Large Blend Equity,International Equities - Unhedged,IEQStock
0.000294336,WYNN RESORTS LTD,Growth,International Shares,Global Shares,Global Shares,Consumer Discretionary - 25,NASDAQ Stock Market,USD,United States,,World Large Blend Equity,International Equities - Unhedged,IEQStock
0.000441504,QORVO INC,Growth,International Shares,Global Shares,Global Shares,Information Technology - 45,NASDAQ Stock Market,USD,United States,,World Large Blend Equity,International Equities - Unhedged,IEQStock
0.000441504,MATCH GROUP INC,Growth,International Shares,Global Shares,Global Shares,Communication Services - 50,NASDAQ Stock Market,USD,United States,,World Large Blend Equity,International Equities - Unhedged,IEQStock
0.000294336,HENRY SCHEIN INC,Growth,International Shares,Global Shares,Global Shares,Health Care - 35,NASDAQ Stock Market,USD,United States,,World Large Blend Equity,International Equities - Unhedged,IEQStock
0.000441504,MARKETAXESS HOLDINGS INC,Growth,International Shares,Global Shares,Global Shares,Financials - 40,NASDAQ Stock Market,USD,United States,,World Large Blend Equity,International Equities - Unhedged,IEQStock
0.000294336,NEWS CORP CLASS A,Growth,International Shares,Global Shares,Global Shares,Communication Services - 50,NASDAQ Stock Market,USD,United States,,World Large Blend Equity,International Equities - Unhedged,IEQStock
0.000294336,ETSY INC,Growth,International Shares,Global Shares,Global Shares,Consumer Discretionary - 25,NASDAQ Stock Market,USD,United States,,World Large Blend Equity,International Equities - Unhedged,IEQStock
0.000294336,FOX CORP CLASS A,Growth,International Shares,Global Shares,Global Shares,Communication Services - 50,NASDAQ Stock Market,USD,United States,,World Large Blend Equity,International Equities - Unhedged,IEQStock
0.000294336,PARAMOUNT GLOBAL CLASS B,Growth,International Shares,Global Shares,Global Shares,Communication Services - 50,NASDAQ Stock Market,USD,United States,,World Large Blend Equity,International Equities - Unhedged,IEQStock
0.000294336,DENTSPLY SIRONA INC,Growth,International Shares,Global Shares,Global Shares,Health Care - 35,NASDAQ Stock Market,USD,United States,,World Large Blend Equity,International Equities - Unhedged,IEQStock
0.000294336,HASBRO INC,Growth,International Shares,Global Shares,Global Shares,Consumer Discretionary - 25,NASDAQ Stock Market,USD,United States,,World Large Blend Equity,International Equities - Unhedged,IEQStock
0.000294336,ZIONS BANCORPORATION,Growth,International Shares,Global Shares,Global Shares,Financials - 40,NASDAQ Stock Market,USD,United States,,World Large Blend Equity,International Equities - Unhedged,IEQStock
0.000147168,FOX CORP CLASS B,Growth,International Shares,Global Shares,Global Shares,Communication Services - 50,NASDAQ Stock Market,USD,United States,,World Large Blend Equity,International Equities - Unhedged,IEQStock
0.10213459200000001,MICROSOFT CORP,Growth,International Shares,Global Shares,Global Shares,Information Technology - 45,NASDAQ Stock Market,USD,United States,,World Large Blend Equity,International Equities - Unhedged,IEQStock
0.099485568,APPLE INC,Growth,International Shares,Global Shares,Global Shares,Information Technology - 45,NASDAQ Stock Market,USD,United States,,World Large Blend Equity,International Equities - Unhedged,IEQStock
0.049742784,AMAZON COM INC,Growth,International Shares,Global Shares,Global Shares,Consumer Discretionary - 25,NASDAQ Stock Market,USD,United States,,World Large Blend Equity,International Equities - Unhedged,IEQStock
0.047388096000000005,NVIDIA CORP,Growth,International Shares,Global Shares,Global Shares,Information Technology - 45,NASDAQ Stock Market,USD,United States,,World Large Blend Equity,International Equities - Unhedged,IEQStock
0.03016944,ALPHABET INC CLASS A,Growth,International Shares,Global Shares,Global Shares,Communication Services - 50,NASDAQ Stock Market,USD,United States,,World Large Blend Equity,International Equities - Unhedged,IEQStock
0.029286432,META PLATFORMS INC CLASS A,Growth,International Shares,Global Shares,Global Shares,Communication Services - 50,NASDAQ Stock Market,USD,United States,,World Large Blend Equity,International Equities - Unhedged,IEQStock
0.0257544,ALPHABET INC CLASS C,Growth,International Shares,Global Shares,Global Shares,Communication Services - 50,NASDAQ Stock Market,USD,United States,,World Large Blend Equity,International Equities - Unhedged,IEQStock
0.024429888,TESLA INC,Growth,International Shares,Global Shares,Global Shares,Consumer Discretionary - 25,NASDAQ Stock Market,USD,United States,,World Large Blend Equity,International Equities - Unhedged,IEQStock
0.017365824,BROADCOM INC,Growth,International Shares,Global Shares,Global Shares,Information Technology - 45,NASDAQ Stock Market,USD,United States,,World Large Blend Equity,International Equities - Unhedged,IEQStock
0.009713088,ADOBE INC,Growth,International Shares,Global Shares,Global Shares,Information Technology - 45,NASDAQ Stock Market,USD,United States,,World Large Blend Equity,International Equities - Unhedged,IEQStock
0.010743264,COSTCO WHOLESALE CORP,Growth,International Shares,Global Shares,Global Shares,Consumer Staples - 30,NASDAQ Stock Market,USD,United States,,World Large Blend Equity,International Equities - Unhedged,IEQStock
0.008535744,PEPSICO INC,Growth,International Shares,Global Shares,Global Shares,Consumer Staples - 30,NASDAQ Stock Market,USD,United States,,World Large Blend Equity,International Equities - Unhedged,IEQStock
0.007505568000000001,CISCO SYSTEMS INC,Growth,International Shares,Global Shares,Global Shares,Information Technology - 45,NASDAQ Stock Market,USD,United States,,World Large Blend Equity,International Equities - Unhedged,IEQStock
0.007799904000000001,NETFLIX INC,Growth,International Shares,Global Shares,Global Shares,Communication Services - 50,NASDAQ Stock Market,USD,United States,,World Large Blend Equity,International Equities - Unhedged,IEQStock
0.007211232,LINDE PLC,Growth,International Shares,Global Shares,Global Shares,Materials - 15,NASDAQ Stock Market,USD,United States,,World Large Blend Equity,International Equities - Unhedged,IEQStock
0.008682912,ADVANCED MICRO DEVICES INC,Growth,International Shares,Global Shares,Global Shares,Information Technology - 45,NASDAQ Stock Market,USD,United States,,World Large Blend Equity,International Equities - Unhedged,IEQStock
0.006475392,COMCAST CORP CLASS A,Growth,International Shares,Global Shares,Global Shares,Communication Services - 50,NASDAQ Stock Market,USD,United States,,World Large Blend Equity,International Equities - Unhedged,IEQStock
0.007505568000000001,INTEL CORPORATION CORP,Growth,International Shares,Global Shares,Global Shares,Information Technology - 45,NASDAQ Stock Market,USD,United States,,World Large Blend Equity,International Equities - Unhedged,IEQStock
0.006033887999999999,AMGEN INC,Growth,International Shares,Global Shares,Global Shares,Health Care - 35,NASDAQ Stock Market,USD,United States,,World Large Blend Equity,International Equities - Unhedged,IEQStock
0.006181056,INTUIT INC,Growth,International Shares,Global Shares,Global Shares,Information Technology - 45,NASDAQ Stock Market,USD,United States,,World Large Blend Equity,International Equities - Unhedged,IEQStock
0.005739552,QUALCOMM INC,Growth,International Shares,Global Shares,Global Shares,Information Technology - 45,NASDAQ Stock Market,USD,United States,,World Large Blend Equity,International Equities - Unhedged,IEQStock
0.005592384000000001,TEXAS INSTRUMENT INC,Growth,International Shares,Global Shares,Global Shares,Information Technology - 45,NASDAQ Stock Market,USD,United States,,World Large Blend Equity,International Equities - Unhedged,IEQStock
0.004856544,HONEYWELL INTERNATIONAL INC,Growth,International Shares,Global Shares,Global Shares,Industrials - 20,NASDAQ Stock Market,USD,United States,,World Large Blend Equity,International Equities - Unhedged,IEQStock
0.004709376,APPLIED MATERIAL INC,Growth,International Shares,Global Shares,Global Shares,Information Technology - 45,NASDAQ Stock Market,USD,United States,,World Large Blend Equity,International Equities - Unhedged,IEQStock
0.003973536000000001,STARBUCKS CORP,Growth,International Shares,Global Shares,Global Shares,Consumer Discretionary - 25,NASDAQ Stock Market,USD,United States,,World Large Blend Equity,International Equities - Unhedged,IEQStock
0.00441504,BOOKING HOLDINGS INC,Growth,International Shares,Global Shares,Global Shares,Consumer Discretionary - 25,NASDAQ Stock Market,USD,United States,,World Large Blend Equity,International Equities - Unhedged,IEQStock
0.003826368,GILEAD SCIENCES INC,Growth,International Shares,Global Shares,Global Shares,Health Care - 35,NASDAQ Stock Market,USD,United States,,World Large Blend Equity,International Equities - Unhedged,IEQStock
0.004267872,INTUITIVE SURGICAL INC,Growth,International Shares,Global Shares,Global Shares,Health Care - 35,NASDAQ Stock Market,USD,United States,,World Large Blend Equity,International Equities - Unhedged,IEQStock
0.003973536000000001,VERTEX PHARMACEUTICALS INC,Growth,International Shares,Global Shares,Global Shares,Health Care - 35,NASDAQ Stock Market,USD,United States,,World Large Blend Equity,International Equities - Unhedged,IEQStock
0.0036792,MONDELEZ INTERNATIONAL INC CLASS A,Growth,International Shares,Global Shares,Global Shares,Consumer Staples - 30,NASDAQ Stock Market,USD,United States,,World Large Blend Equity,International Equities - Unhedged,IEQStock
0.003532032,AUTOMATIC DATA PROCESSING INC,Growth,International Shares,Global Shares,Global Shares,Industrials - 20,NASDAQ Stock Market,USD,United States,,World Large Blend Equity,International Equities - Unhedged,IEQStock
0.003532032,REGENERON PHARMACEUTICALS INC,Growth,International Shares,Global Shares,Global Shares,Health Care - 35,NASDAQ Stock Market,USD,United States,,World Large Blend Equity,International Equities - Unhedged,IEQStock
0.0036792,LAM RESEARCH CORP,Growth,International Shares,Global Shares,Global Shares,Information Technology - 45,NASDAQ Stock Market,USD,United States,,World Large Blend Equity,International Equities - Unhedged,IEQStock
0.003384864,ANALOG DEVICES INC,Growth,International Shares,Global Shares,Global Shares,Information Technology - 45,NASDAQ Stock Market,USD,United States,,World Large Blend Equity,International Equities - Unhedged,IEQStock
0.003384864,MICRON TECHNOLOGY INC,Growth,International Shares,Global Shares,Global Shares,Information Technology - 45,NASDAQ Stock Market,USD,United States,,World Large Blend Equity,International Equities - Unhedged,IEQStock
0.002649024,CME GROUP INC CLASS A,Growth,International Shares,Global Shares,Global Shares,Financials - 40,NASDAQ Stock Market,USD,United States,,World Large Blend Equity,International Equities - Unhedged,IEQStock
0.003090528,T MOBILE US INC,Growth,International Shares,Global Shares,Global Shares,Communication Services - 50,NASDAQ Stock Market,USD,United States,,World Large Blend Equity,International Equities - Unhedged,IEQStock
0.0027961920000000003,SYNOPSYS INC,Growth,International Shares,Global Shares,Global Shares,Information Technology - 45,NASDAQ Stock Market,USD,United States,,World Large Blend Equity,International Equities - Unhedged,IEQStock
0.003237696,PALO ALTO NETWORKS INC,Growth,International Shares,Global Shares,Global Shares,Information Technology - 45,NASDAQ Stock Market,USD,United States,,World Large Blend Equity,International Equities - Unhedged,IEQStock
0.0027961920000000003,EQUINIX REIT INC,Growth,International Shares,Global Shares,Global Shares,Real Estate - 60,NASDAQ Stock Market,USD,United States,,World Large Blend Equity,International Equities - Unhedged,IEQStock
0.002649024,CADENCE DESIGN SYSTEMS INC,Growth,International Shares,Global Shares,Global Shares,Information Technology - 45,NASDAQ Stock Market,USD,United States,,World Large Blend Equity,International Equities - Unhedged,IEQStock
0.0027961920000000003,KLA CORP,Growth,International Shares,Global Shares,Global Shares,Information Technology - 45,NASDAQ Stock Market,USD,United States,,World Large Blend Equity,International Equities - Unhedged,IEQStock
0.0025018560000000002,CSX CORP,Growth,International Shares,Global Shares,Global Shares,Industrials - 20,NASDAQ Stock Market,USD,United States,,World Large Blend Equity,International Equities - Unhedged,IEQStock
0.0025018560000000002,PAYPAL HOLDINGS INC,Growth,International Shares,Global Shares,Global Shares,Financials - 40,NASDAQ Stock Market,USD,United States,,World Large Blend Equity,International Equities - Unhedged,IEQStock
0.002060352,OREILLY AUTOMOTIVE INC,Growth,International Shares,Global Shares,Global Shares,Consumer Discretionary - 25,NASDAQ Stock Market,USD,United States,,World Large Blend Equity,International Equities - Unhedged,IEQStock
0.002060352,ROPER TECHNOLOGIES INC,Growth,International Shares,Global Shares,Global Shares,Information Technology - 45,NASDAQ Stock Market,USD,United States,,World Large Blend Equity,International Equities - Unhedged,IEQStock
0.00220752,AIRBNB INC CLASS A,Growth,International Shares,Global Shares,Global Shares,Consumer Discretionary - 25,NASDAQ Stock Market,USD,United States,,World Large Blend Equity,International Equities - Unhedged,IEQStock
0.002060352,MARRIOTT INTERNATIONAL INC CLASS A,Growth,International Shares,Global Shares,Global Shares,Consumer Discretionary - 25,NASDAQ Stock Market,USD,United States,,World Large Blend Equity,International Equities - Unhedged,IEQStock
0.002060352,NXP SEMICONDUCTORS NV,Growth,International Shares,Global Shares,Global Shares,Information Technology - 45,NASDAQ Stock Market,USD,United States,,World Large Blend Equity,International Equities - Unhedged,IEQStock
0.002060352,LULULEMON ATHLETICA INC,Growth,International Shares,Global Shares,Global Shares,Consumer Discretionary - 25,NASDAQ Stock Market,USD,United States,,World Large Blend Equity,International Equities - Unhedged,IEQStock
0.001913184,CINTAS CORP,Growth,International Shares,Global Shares,Global Shares,Industrials - 20,NASDAQ Stock Market,USD,United States,,World Large Blend Equity,International Equities - Unhedged,IEQStock
0.001766016,PACCAR INC,Growth,International Shares,Global Shares,Global Shares,Industrials - 20,NASDAQ Stock Market,USD,United States,,World Large Blend Equity,International Equities - Unhedged,IEQStock
0.001913184,AUTODESK INC,Growth,International Shares,Global Shares,Global Shares,Information Technology - 45,NASDAQ Stock Market,USD,United States,,World Large Blend Equity,International Equities - Unhedged,IEQStock
0.0014716800000000002,CHARTER COMMUNICATIONS INC CLASS A,Growth,International Shares,Global Shares,Global Shares,Communication Services - 50,NASDAQ Stock Market,USD,United States,,World Large Blend Equity,International Equities - Unhedged,IEQStock
0.001618848,ROSS STORES INC,Growth,International Shares,Global Shares,Global Shares,Consumer Discretionary - 25,NASDAQ Stock Market,USD,United States,,World Large Blend Equity,International Equities - Unhedged,IEQStock
0.001618848,MONSTER BEVERAGE CORP,Growth,International Shares,Global Shares,Global Shares,Consumer Staples - 30,NASDAQ Stock Market,USD,United States,,World Large Blend Equity,International Equities - Unhedged,IEQStock
0.001766016,MICROCHIP TECHNOLOGY INC,Growth,International Shares,Global Shares,Global Shares,Information Technology - 45,NASDAQ Stock Market,USD,United States,,World Large Blend Equity,International Equities - Unhedged,IEQStock
0.001618848,AMERICAN ELECTRIC POWER INC,Growth,International Shares,Global Shares,Global Shares,Utilities - 55,NASDAQ Stock Market,USD,United States,,World Large Blend Equity,International Equities - Unhedged,IEQStock
0.0014716800000000002,COPART INC,Growth,International Shares,Global Shares,Global Shares,Industrials - 20,NASDAQ Stock Market,USD,United States,,World Large Blend Equity,International Equities - Unhedged,IEQStock
0.001324512,EXELON CORP,Growth,International Shares,Global Shares,Global Shares,Utilities - 55,NASDAQ Stock Market,USD,United States,,World Large Blend Equity,International Equities - Unhedged,IEQStock
0.001324512,CONSTELLATION ENERGY CORP,Growth,International Shares,Global Shares,Global Shares,Utilities - 55,NASDAQ Stock Market,USD,United States,,World Large Blend Equity,International Equities - Unhedged,IEQStock
0.001766016,DEXCOM INC,Growth,International Shares,Global Shares,Global Shares,Health Care - 35,NASDAQ Stock Market,USD,United States,,World Large Blend Equity,International Equities - Unhedged,IEQStock
0.0014716800000000002,PAYCHEX INC,Growth,International Shares,Global Shares,Global Shares,Industrials - 20,NASDAQ Stock Market,USD,United States,,World Large Blend Equity,International Equities - Unhedged,IEQStock
0.001324512,BIOGEN INC,Growth,International Shares,Global Shares,Global Shares,Health Care - 35,NASDAQ Stock Market,USD,United States,,World Large Blend Equity,International Equities - Unhedged,IEQStock
0.001324512,OLD DOMINION FREIGHT LINE INC,Growth,International Shares,Global Shares,Global Shares,Industrials - 20,NASDAQ Stock Market,USD,United States,,World Large Blend Equity,International Equities - Unhedged,IEQStock
0.001618848,IDEXX LABORATORIES INC,Growth,International Shares,Global Shares,Global Shares,Health Care - 35,NASDAQ Stock Market,USD,United States,,World Large Blend Equity,International Equities - Unhedged,IEQStock
0.001177344,BAKER HUGHES CLASS A,Growth,International Shares,Global Shares,Global Shares,Energy - 10,NASDAQ Stock Market,USD,United States,,World Large Blend Equity,International Equities - Unhedged,IEQStock
0.001177344,VERISK ANALYTICS INC,Growth,International Shares,Global Shares,Global Shares,Industrials - 20,NASDAQ Stock Market,USD,United States,,World Large Blend Equity,International Equities - Unhedged,IEQStock
0.001324512,FASTENAL,Growth,International Shares,Global Shares,Global Shares,Industrials - 20,NASDAQ Stock Market,USD,United States,,World Large Blend Equity,International Equities - Unhedged,IEQStock
0.001324512,COGNIZANT TECHNOLOGY SOLUTIONS COR,Growth,International Shares,Global Shares,Global Shares,Information Technology - 45,NASDAQ Stock Market,USD,United States,,World Large Blend Equity,International Equities - Unhedged,IEQStock
0.001324512,XCEL ENERGY INC,Growth,International Shares,Global Shares,Global Shares,Utilities - 55,NASDAQ Stock Market,USD,United States,,World Large Blend Equity,International Equities - Unhedged,IEQStock
0.0014716800000000002,FORTINET INC,Growth,International Shares,Global Shares,Global Shares,Information Technology - 45,NASDAQ Stock Market,USD,United States,,World Large Blend Equity,International Equities - Unhedged,IEQStock
0.001177344,ELECTRONIC ARTS INC,Growth,International Shares,Global Shares,Global Shares,Communication Services - 50,NASDAQ Stock Market,USD,United States,,World Large Blend Equity,International Equities - Unhedged,IEQStock
0.001030176,ARCH CAPITAL GROUP LTD,Growth,International Shares,Global Shares,Global Shares,Financials - 40,NASDAQ Stock Market,USD,United States,,World Large Blend Equity,International Equities - Unhedged,IEQStock
0.001177344,COSTAR GROUP INC,Growth,International Shares,Global Shares,Global Shares,Real Estate - 60,NASDAQ Stock Market,USD,United States,,World Large Blend Equity,International Equities - Unhedged,IEQStock
0.001177344,KEURIG DR PEPPER INC,Growth,International Shares,Global Shares,Global Shares,Consumer Staples - 30,NASDAQ Stock Market,USD,United States,,World Large Blend Equity,International Equities - Unhedged,IEQStock
0.001177344,ON SEMICONDUCTOR CORP,Growth,International Shares,Global Shares,Global Shares,Information Technology - 45,NASDAQ Stock Market,USD,United States,,World Large Blend Equity,International Equities - Unhedged,IEQStock
0.001030176,DIAMONDBACK ENERGY INC,Growth,International Shares,Global Shares,Global Shares,Energy - 10,NASDAQ Stock Market,USD,United States,,World Large Blend Equity,International Equities - Unhedged,IEQStock
0.001030176,CDW CORP,Growth,International Shares,Global Shares,Global Shares,Information Technology - 45,NASDAQ Stock Market,USD,United States,,World Large Blend Equity,International Equities - Unhedged,IEQStock
0.001177344,GE HEALTHCARE TECHNOLOGIES INC,Growth,International Shares,Global Shares,Global Shares,Health Care - 35,NASDAQ Stock Market,USD,United States,,World Large Blend Equity,International Equities - Unhedged,IEQStock
0.001177344,KRAFT HEINZ,Growth,International Shares,Global Shares,Global Shares,Consumer Staples - 30,NASDAQ Stock Market,USD,United States,,World Large Blend Equity,International Equities - Unhedged,IEQStock
0.000883008,WARNER BROS. DISCOVERY INC SERIES,Growth,International Shares,Global Shares,Global Shares,Communication Services - 50,NASDAQ Stock Market,USD,United States,,World Large Blend Equity,International Equities - Unhedged,IEQStock
0.000883008,WILLIS TOWERS WATSON PLC,Growth,International Shares,Global Shares,Global Shares,Financials - 40,NASDAQ Stock Market,USD,United States,,World Large Blend Equity,International Equities - Unhedged,IEQStock
0.001177344,ANSYS INC,Growth,International Shares,Global Shares,Global Shares,Information Technology - 45,NASDAQ Stock Market,USD,United States,,World Large Blend Equity,International Equities - Unhedged,IEQStock
0.0014716800000000002,MODERNA INC,Growth,International Shares,Global Shares,Global Shares,Health Care - 35,NASDAQ Stock Market,USD,United States,,World Large Blend Equity,International Equities - Unhedged,IEQStock
0.001030176,DOLLAR TREE INC,Growth,International Shares,Global Shares,Global Shares,Consumer Staples - 30,NASDAQ Stock Market,USD,United States,,World Large Blend Equity,International Equities - Unhedged,IEQStock
0.001030176,SBA COMMUNICATIONS REIT CORP CLASS,Growth,International Shares,Global Shares,Global Shares,Real Estate - 60,NASDAQ Stock Market,USD,United States,,World Large Blend Equity,International Equities - Unhedged,IEQStock
0.001030176,MONOLITHIC POWER SYSTEMS INC,Growth,International Shares,Global Shares,Global Shares,Information Technology - 45,NASDAQ Stock Market,USD,United States,,World Large Blend Equity,International Equities - Unhedged,IEQStock
0.000883008,EBAY INC,Growth,International Shares,Global Shares,Global Shares,Consumer Discretionary - 25,NASDAQ Stock Market,USD,United States,,World Large Blend Equity,International Equities - Unhedged,IEQStock
0.000883008,TAKE TWO INTERACTIVE SOFTWARE INC,Growth,International Shares,Global Shares,Global Shares,Communication Services - 50,NASDAQ Stock Market,USD,United States,,World Large Blend Equity,International Equities - Unhedged,IEQStock
0.000883008,APTIV PLC,Growth,International Shares,Global Shares,Global Shares,Consumer Discretionary - 25,New York Stock Exchange Inc.,USD,United States,,World Large Blend Equity,International Equities - Unhedged,IEQStock
0.001030176,DISCOVER FINANCIAL SERVICES,Growth,International Shares,Global Shares,Global Shares,Financials - 40,New York Stock Exchange Inc.,USD,United States,,World Large Blend Equity,International Equities - Unhedged,IEQStock
0.000883008,STATE STREET CORP,Growth,International Shares,Global Shares,Global Shares,Financials - 40,New York Stock Exchange Inc.,USD,United States,,World Large Blend Equity,International Equities - Unhedged,IEQStock
0.000883008,CORNING INC,Growth,International Shares,Global Shares,Global Shares,Information Technology - 45,New York Stock Exchange Inc.,USD,United States,,World Large Blend Equity,International Equities - Unhedged,IEQStock
0.000883008,BROADRIDGE FINANCIAL SOLUTIONS INC,Growth,International Shares,Global Shares,Global Shares,Industrials - 20,New York Stock Exchange Inc.,USD,United States,,World Large Blend Equity,International Equities - Unhedged,IEQStock
0.0007358400000000001,COTERRA ENERGY INC,Growth,International Shares,Global Shares,Global Shares,Energy - 10,New York Stock Exchange Inc.,USD,United States,,World Large Blend Equity,International Equities - Unhedged,IEQStock
0.000883008,ENTERGY CORP,Growth,International Shares,Global Shares,Global Shares,Utilities - 55,New York Stock Exchange Inc.,USD,United States,,World Large Blend Equity,International Equities - Unhedged,IEQStock
0.0007358400000000001,AMEREN CORP,Growth,International Shares,Global Shares,Global Shares,Utilities - 55,New York Stock Exchange Inc.,USD,United States,,World Large Blend Equity,International Equities - Unhedged,IEQStock
0.0007358400000000001,MOLINA HEALTHCARE INC,Growth,International Shares,Global Shares,Global Shares,Health Care - 35,New York Stock Exchange Inc.,USD,United States,,World Large Blend Equity,International Equities - Unhedged,IEQStock
0.000883008,HEWLETT PACKARD ENTERPRISE,Growth,International Shares,Global Shares,Global Shares,Information Technology - 45,New York Stock Exchange Inc.,USD,United States,,World Large Blend Equity,International Equities - Unhedged,IEQStock
0.000883008,M&T BANK CORP,Growth,International Shares,Global Shares,Global Shares,Financials - 40,New York Stock Exchange Inc.,USD,United States,,World Large Blend Equity,International Equities - Unhedged,IEQStock
0.0007358400000000001,EVERSOURCE ENERGY,Growth,International Shares,Global Shares,Global Shares,Utilities - 55,New York Stock Exchange Inc.,USD,United States,,World Large Blend Equity,International Equities - Unhedged,IEQStock
0.000883008,WESTINGHOUSE AIR BRAKE TECHNOLOGIE,Growth,International Shares,Global Shares,Global Shares,Industrials - 20,New York Stock Exchange Inc.,USD,United States,,World Large Blend Equity,International Equities - Unhedged,IEQStock
0.000883008,NVR INC,Growth,International Shares,Global Shares,Global Shares,Consumer Discretionary - 25,New York Stock Exchange Inc.,USD,United States,,World Large Blend Equity,International Equities - Unhedged,IEQStock
0.0007358400000000001,TARGA RESOURCES CORP,Growth,International Shares,Global Shares,Global Shares,Energy - 10,New York Stock Exchange Inc.,USD,United States,,World Large Blend Equity,International Equities - Unhedged,IEQStock
0.0007358400000000001,PPL CORP,Growth,International Shares,Global Shares,Global Shares,Utilities - 55,New York Stock Exchange Inc.,USD,United States,,World Large Blend Equity,International Equities - Unhedged,IEQStock
0.0007358400000000001,GENUINE PARTS,Growth,International Shares,Global Shares,Global Shares,Consumer Discretionary - 25,New York Stock Exchange Inc.,USD,United States,,World Large Blend Equity,International Equities - Unhedged,IEQStock
0.0007358400000000001,HOWMET AEROSPACE INC,Growth,International Shares,Global Shares,Global Shares,Industrials - 20,New York Stock Exchange Inc.,USD,United States,,World Large Blend Equity,International Equities - Unhedged,IEQStock
0.0007358400000000001,RAYMOND JAMES INC,Growth,International Shares,Global Shares,Global Shares,Financials - 40,New York Stock Exchange Inc.,USD,United States,,World Large Blend Equity,International Equities - Unhedged,IEQStock
0.0007358400000000001,FIRSTENERGY CORP,Growth,International Shares,Global Shares,Global Shares,Utilities - 55,New York Stock Exchange Inc.,USD,United States,,World Large Blend Equity,International Equities - Unhedged,IEQStock
0.0007358400000000001,EQUITY RESIDENTIAL REIT,Growth,International Shares,Global Shares,Global Shares,Real Estate - 60,New York Stock Exchange Inc.,USD,United States,,World Large Blend Equity,International Equities - Unhedged,IEQStock
0.0007358400000000001,LABORATORY CORPORATION OF AMERICA,Growth,International Shares,Global Shares,Global Shares,Health Care - 35,New York Stock Exchange Inc.,USD,United States,,World Large Blend Equity,International Equities - Unhedged,IEQStock
0.0007358400000000001,INTERNATIONAL FLAVORS & FRAGRANCES,Growth,International Shares,Global Shares,Global Shares,Materials - 15,New York Stock Exchange Inc.,USD,United States,,World Large Blend Equity,International Equities - Unhedged,IEQStock
0.0007358400000000001,DOVER CORP,Growth,International Shares,Global Shares,Global Shares,Industrials - 20,New York Stock Exchange Inc.,USD,United States,,World Large Blend Equity,International Equities - Unhedged,IEQStock
0.000883008,PULTEGROUP INC,Growth,International Shares,Global Shares,Global Shares,Consumer Discretionary - 25,New York Stock Exchange Inc.,USD,United States,,World Large Blend Equity,International Equities - Unhedged,IEQStock
0.0007358400000000001,INVITATION HOMES INC,Growth,International Shares,Global Shares,Global Shares,Real Estate - 60,New York Stock Exchange Inc.,USD,United States,,World Large Blend Equity,International Equities - Unhedged,IEQStock
0.0007358400000000001,DARDEN RESTAURANTS INC,Growth,International Shares,Global Shares,Global Shares,Consumer Discretionary - 25,New York Stock Exchange Inc.,USD,United States,,World Large Blend Equity,International Equities - Unhedged,IEQStock
0.0007358400000000001,TELEDYNE TECHNOLOGIES INC,Growth,International Shares,Global Shares,Global Shares,Information Technology - 45,New York Stock Exchange Inc.,USD,United States,,World Large Blend Equity,International Equities - Unhedged,IEQStock
0.0007358400000000001,VENTAS REIT INC,Growth,International Shares,Global Shares,Global Shares,Real Estate - 60,New York Stock Exchange Inc.,USD,United States,,World Large Blend Equity,International Equities - Unhedged,IEQStock
0.0007358400000000001,GARMIN LTD,Growth,International Shares,Global Shares,Global Shares,Consumer Discretionary - 25,New York Stock Exchange Inc.,USD,United States,,World Large Blend Equity,International Equities - Unhedged,IEQStock
0.0007358400000000001,BAXTER INTERNATIONAL INC,Growth,International Shares,Global Shares,Global Shares,Health Care - 35,New York Stock Exchange Inc.,USD,United States,,World Large Blend Equity,International Equities - Unhedged,IEQStock
0.000588672,TYLER TECHNOLOGIES INC,Growth,International Shares,Global Shares,Global Shares,Information Technology - 45,New York Stock Exchange Inc.,USD,United States,,World Large Blend Equity,International Equities - Unhedged,IEQStock
0.0007358400000000001,IRON MOUNTAIN INC,Growth,International Shares,Global Shares,Global Shares,Real Estate - 60,New York Stock Exchange Inc.,USD,United States,,World Large Blend Equity,International Equities - Unhedged,IEQStock
0.0007358400000000001,FLEETCOR TECHNOLOGIES INC,Growth,International Shares,Global Shares,Global Shares,Financials - 40,New York Stock Exchange Inc.,USD,United States,,World Large Blend Equity,International Equities - Unhedged,IEQStock
0.0007358400000000001,CENTERPOINT ENERGY INC,Growth,International Shares,Global Shares,Global Shares,Utilities - 55,New York Stock Exchange Inc.,USD,United States,,World Large Blend Equity,International Equities - Unhedged,IEQStock
0.000588672,FACTSET RESEARCH SYSTEMS INC,Growth,International Shares,Global Shares,Global Shares,Financials - 40,New York Stock Exchange Inc.,USD,United States,,World Large Blend Equity,International Equities - Unhedged,IEQStock
0.000588672,JACOBS SOLUTIONS INC,Growth,International Shares,Global Shares,Global Shares,Industrials - 20,New York Stock Exchange Inc.,USD,United States,,World Large Blend Equity,International Equities - Unhedged,IEQStock
0.000588672,BROWN & BROWN INC,Growth,International Shares,Global Shares,Global Shares,Financials - 40,New York Stock Exchange Inc.,USD,United States,,World Large Blend Equity,International Equities - Unhedged,IEQStock
0.000588672,EVEREST GROUP LTD,Growth,International Shares,Global Shares,Global Shares,Financials - 40,New York Stock Exchange Inc.,USD,United States,,World Large Blend Equity,International Equities - Unhedged,IEQStock
0.000588672,CLOROX,Growth,International Shares,Global Shares,Global Shares,Consumer Staples - 30,New York Stock Exchange Inc.,USD,United States,,World Large Blend Equity,International Equities - Unhedged,IEQStock
0.0007358400000000001,EXPEDITORS INTERNATIONAL OF WASHIN,Growth,International Shares,Global Shares,Global Shares,Industrials - 20,New York Stock Exchange Inc.,USD,United States,,World Large Blend Equity,International Equities - Unhedged,IEQStock
0.000588672,ATMOS ENERGY CORP,Growth,International Shares,Global Shares,Global Shares,Utilities - 55,New York Stock Exchange Inc.,USD,United States,,World Large Blend Equity,International Equities - Unhedged,IEQStock
0.000588672,MCCORMICK & CO NON-VOTING INC,Growth,International Shares,Global Shares,Global Shares,Consumer Staples - 30,New York Stock Exchange Inc.,USD,United States,,World Large Blend Equity,International Equities - Unhedged,IEQStock
0.000588672,CMS ENERGY CORP,Growth,International Shares,Global Shares,Global Shares,Utilities - 55,New York Stock Exchange Inc.,USD,United States,,World Large Blend Equity,International Equities - Unhedged,IEQStock
0.0007358400000000001,LAS VEGAS SANDS CORP,Growth,International Shares,Global Shares,Global Shares,Consumer Discretionary - 25,New York Stock Exchange Inc.,USD,United States,,World Large Blend Equity,International Equities - Unhedged,IEQStock
0.000588672,BALL CORP,Growth,International Shares,Global Shares,Global Shares,Materials - 15,New York Stock Exchange Inc.,USD,United States,,World Large Blend Equity,International Equities - Unhedged,IEQStock
0.000588672,BUNGE GLOBAL SA,Growth,International Shares,Global Shares,Global Shares,Consumer Staples - 30,New York Stock Exchange Inc.,USD,United States,,World Large Blend Equity,International Equities - Unhedged,IEQStock
0.0007358400000000001,ALEXANDRIA REAL ESTATE EQUITIES RE,Growth,International Shares,Global Shares,Global Shares,Real Estate - 60,New York Stock Exchange Inc.,USD,United States,,World Large Blend Equity,International Equities - Unhedged,IEQStock
0.0007358400000000001,WATERS CORP,Growth,International Shares,Global Shares,Global Shares,Health Care - 35,New York Stock Exchange Inc.,USD,United States,,World Large Blend Equity,International Equities - Unhedged,IEQStock
0.000588672,VERALTO CORP,Growth,International Shares,Global Shares,Global Shares,Industrials - 20,New York Stock Exchange Inc.,USD,United States,,World Large Blend Equity,International Equities - Unhedged,IEQStock
0.000588672,TEXTRON INC,Growth,International Shares,Global Shares,Global Shares,Industrials - 20,New York Stock Exchange Inc.,USD,United States,,World Large Blend Equity,International Equities - Unhedged,IEQStock
0.000588672,OMNICOM GROUP INC,Growth,International Shares,Global Shares,Global Shares,Communication Services - 50,New York Stock Exchange Inc.,USD,United States,,World Large Blend Equity,International Equities - Unhedged,IEQStock
0.000588672,CF INDUSTRIES HOLDINGS INC,Growth,International Shares,Global Shares,Global Shares,Materials - 15,New York Stock Exchange Inc.,USD,United States,,World Large Blend Equity,International Equities - Unhedged,IEQStock
0.000588672,HUBBELL INC,Growth,International Shares,Global Shares,Global Shares,Industrials - 20,New York Stock Exchange Inc.,USD,United States,,World Large Blend Equity,International Equities - Unhedged,IEQStock
0.000588672,QUEST DIAGNOSTICS INC,Growth,International Shares,Global Shares,Global Shares,Health Care - 35,New York Stock Exchange Inc.,USD,United States,,World Large Blend Equity,International Equities - Unhedged,IEQStock
0.000588672,IDEX CORP,Growth,International Shares,Global Shares,Global Shares,Industrials - 20,New York Stock Exchange Inc.,USD,United States,,World Large Blend Equity,International Equities - Unhedged,IEQStock
0.0007358400000000001,REGIONS FINANCIAL CORP,Growth,International Shares,Global Shares,Global Shares,Financials - 40,New York Stock Exchange Inc.,USD,United States,,World Large Blend Equity,International Equities - Unhedged,IEQStock
0.000588672,ALBEMARLE CORP,Growth,International Shares,Global Shares,Global Shares,Materials - 15,New York Stock Exchange Inc.,USD,United States,,World Large Blend Equity,International Equities - Unhedged,IEQStock
0.000588672,AVERY DENNISON CORP,Growth,International Shares,Global Shares,Global Shares,Materials - 15,New York Stock Exchange Inc.,USD,United States,,World Large Blend Equity,International Equities - Unhedged,IEQStock
0.000588672,EPAM SYSTEMS INC,Growth,International Shares,Global Shares,Global Shares,Information Technology - 45,New York Stock Exchange Inc.,USD,United States,,World Large Blend Equity,International Equities - Unhedged,IEQStock
0.000588672,SNAP ON INC,Growth,International Shares,Global Shares,Global Shares,Industrials - 20,New York Stock Exchange Inc.,USD,United States,,World Large Blend Equity,International Equities - Unhedged,IEQStock
0.000588672,LEIDOS HOLDINGS INC,Growth,International Shares,Global Shares,Global Shares,Industrials - 20,New York Stock Exchange Inc.,USD,United States,,World Large Blend Equity,International Equities - Unhedged,IEQStock
0.000588672,PACKAGING CORP OF AMERICA,Growth,International Shares,Global Shares,Global Shares,Materials - 15,New York Stock Exchange Inc.,USD,United States,,World Large Blend Equity,International Equities - Unhedged,IEQStock
0.000588672,SOUTHWEST AIRLINES,Growth,International Shares,Global Shares,Global Shares,Industrials - 20,New York Stock Exchange Inc.,USD,United States,,World Large Blend Equity,International Equities - Unhedged,IEQStock
0.000588672,MID AMERICA APARTMENT COMMUNITIES,Growth,International Shares,Global Shares,Global Shares,Real Estate - 60,New York Stock Exchange Inc.,USD,United States,,World Large Blend Equity,International Equities - Unhedged,IEQStock
0.000588672,WR BERKLEY CORP,Growth,International Shares,Global Shares,Global Shares,Financials - 40,New York Stock Exchange Inc.,USD,United States,,World Large Blend Equity,International Equities - Unhedged,IEQStock
0.000588672,LAMB WESTON HOLDINGS INC,Growth,International Shares,Global Shares,Global Shares,Consumer Staples - 30,New York Stock Exchange Inc.,USD,United States,,World Large Blend Equity,International Equities - Unhedged,IEQStock
0.000588672,ESSEX PROPERTY TRUST REIT INC,Growth,International Shares,Global Shares,Global Shares,Real Estate - 60,New York Stock Exchange Inc.,USD,United States,,World Large Blend Equity,International Equities - Unhedged,IEQStock
0.000588672,KELLANOVA,Growth,International Shares,Global Shares,Global Shares,Consumer Staples - 30,New York Stock Exchange Inc.,USD,United States,,World Large Blend Equity,International Equities - Unhedged,IEQStock
0.000588672,TYSON FOODS INC CLASS A,Growth,International Shares,Global Shares,Global Shares,Consumer Staples - 30,New York Stock Exchange Inc.,USD,United States,,World Large Blend Equity,International Equities - Unhedged,IEQStock
0.000588672,AMCOR PLC,Growth,International Shares,Global Shares,Global Shares,Materials - 15,New York Stock Exchange Inc.,USD,United States,,World Large Blend Equity,International Equities - Unhedged,IEQStock
0.000588672,STANLEY BLACK & DECKER INC,Growth,International Shares,Global Shares,Global Shares,Industrials - 20,New York Stock Exchange Inc.,USD,United States,,World Large Blend Equity,International Equities - Unhedged,IEQStock
0.000441504,CONAGRA BRANDS INC,Growth,International Shares,Global Shares,Global Shares,Consumer Staples - 30,New York Stock Exchange Inc.,USD,United States,,World Large Blend Equity,International Equities - Unhedged,IEQStock
0.000588672,DOMINOS PIZZA INC,Growth,International Shares,Global Shares,Global Shares,Consumer Discretionary - 25,New York Stock Exchange Inc.,USD,United States,,World Large Blend Equity,International Equities - Unhedged,IEQStock
0.000588672,BEST BUY CO INC,Growth,International Shares,Global Shares,Global Shares,Consumer Discretionary - 25,New York Stock Exchange Inc.,USD,United States,,World Large Blend Equity,International Equities - Unhedged,IEQStock
0.000588672,CARNIVAL CORP,Growth,International Shares,Global Shares,Global Shares,Consumer Discretionary - 25,New York Stock Exchange Inc.,USD,United States,,World Large Blend Equity,International Equities - Unhedged,IEQStock
0.000588672,MASCO CORP,Growth,International Shares,Global Shares,Global Shares,Industrials - 20,New York Stock Exchange Inc.,USD,United States,,World Large Blend Equity,International Equities - Unhedged,IEQStock
0.000588672,SYNCHRONY FINANCIAL,Growth,International Shares,Global Shares,Global Shares,Financials - 40,New York Stock Exchange Inc.,USD,United States,,World Large Blend Equity,International Equities - Unhedged,IEQStock
0.000441504,LIVE NATION ENTERTAINMENT INC,Growth,International Shares,Global Shares,Global Shares,Communication Services - 50,New York Stock Exchange Inc.,USD,United States,,World Large Blend Equity,International Equities - Unhedged,IEQStock
0.000588672,CITIZENS FINANCIAL GROUP INC,Growth,International Shares,Global Shares,Global Shares,Financials - 40,New York Stock Exchange Inc.,USD,United States,,World Large Blend Equity,International Equities - Unhedged,IEQStock
0.000441504,LOEWS CORP,Growth,International Shares,Global Shares,Global Shares,Financials - 40,New York Stock Exchange Inc.,CAD,Canada,,World Large Blend Equity,International Equities - Unhedged,IEQStock
0.000441504,INTERNATIONAL PAPER,Growth,International Shares,Global Shares,Global Shares,Materials - 15,New York Stock Exchange Inc.,USD,United States,,World Large Blend Equity,International Equities - Unhedged,IEQStock
0.000441504,JM SMUCKER,Growth,International Shares,Global Shares,Global Shares,Consumer Staples - 30,New York Stock Exchange Inc.,USD,United States,,World Large Blend Equity,International Equities - Unhedged,IEQStock
0.000588672,CELANESE CORP,Growth,International Shares,Global Shares,Global Shares,Materials - 15,New York Stock Exchange Inc.,USD,United States,,World Large Blend Equity,International Equities - Unhedged,IEQStock
0.000441504,KIMCO REALTY REIT CORP,Growth,International Shares,Global Shares,Global Shares,Real Estate - 60,New York Stock Exchange Inc.,USD,United States,,World Large Blend Equity,International Equities - Unhedged,IEQStock
0.000441504,INTERPUBLIC GROUP OF COMPANIES INC,Growth,International Shares,Global Shares,Global Shares,Communication Services - 50,New York Stock Exchange Inc.,USD,United States,,World Large Blend Equity,International Equities - Unhedged,IEQStock
0.000441504,MOLSON COORS BREWING CLASS B,Growth,International Shares,Global Shares,Global Shares,Consumer Staples - 30,New York Stock Exchange Inc.,USD,United States,,World Large Blend Equity,International Equities - Unhedged,IEQStock
0.000441504,AES CORP,Growth,International Shares,Global Shares,Global Shares,Utilities - 55,New York Stock Exchange Inc.,USD,United States,,World Large Blend Equity,International Equities - Unhedged,IEQStock
0.000441504,BROWN FORMAN CORP CLASS B,Growth,International Shares,Global Shares,Global Shares,Consumer Staples - 30,New York Stock Exchange Inc.,USD,United States,,World Large Blend Equity,International Equities - Unhedged,IEQStock
0.000441504,MGM RESORTS INTERNATIONAL,Growth,International Shares,Global Shares,Global Shares,Consumer Discretionary - 25,New York Stock Exchange Inc.,USD,United States,,World Large Blend Equity,International Equities - Unhedged,IEQStock
0.000441504,ROLLINS INC,Growth,International Shares,Global Shares,Global Shares,Industrials - 20,New York Stock Exchange Inc.,USD,United States,,World Large Blend Equity,International Equities - Unhedged,IEQStock
0.000441504,MOSAIC,Growth,International Shares,Global Shares,Global Shares,Materials - 15,New York Stock Exchange Inc.,USD,United States,,World Large Blend Equity,International Equities - Unhedged,IEQStock
0.000441504,REVVITY INC,Growth,International Shares,Global Shares,Global Shares,Health Care - 35,New York Stock Exchange Inc.,USD,United States,,World Large Blend Equity,International Equities - Unhedged,IEQStock
0.000441504,KEYCORP,Growth,International Shares,Global Shares,Global Shares,Financials - 40,New York Stock Exchange Inc.,USD,United States,,World Large Blend Equity,International Equities - Unhedged,IEQStock
0.000441504,NRG ENERGY INC,Growth,International Shares,Global Shares,Global Shares,Utilities - 55,New York Stock Exchange Inc.,USD,United States,,World Large Blend Equity,International Equities - Unhedged,IEQStock
0.000441504,NISOURCE INC,Growth,International Shares,Global Shares,Global Shares,Utilities - 55,New York Stock Exchange Inc.,USD,United States,,World Large Blend Equity,International Equities - Unhedged,IEQStock
0.000441504,CERIDIAN HCM HOLDING INC,Growth,International Shares,Global Shares,Global Shares,Industrials - 20,New York Stock Exchange Inc.,USD,United States,,World Large Blend Equity,International Equities - Unhedged,IEQStock
0.000441504,CARMAX INC,Growth,International Shares,Global Shares,Global Shares,Consumer Discretionary - 25,New York Stock Exchange Inc.,USD,United States,,World Large Blend Equity,International Equities - Unhedged,IEQStock
0.000441504,PENTAIR,Growth,International Shares,Global Shares,Global Shares,Industrials - 20,New York Stock Exchange Inc.,USD,United States,,World Large Blend Equity,International Equities - Unhedged,IEQStock
0.000441504,GLOBE LIFE INC,Growth,International Shares,Global Shares,Global Shares,Financials - 40,New York Stock Exchange Inc.,USD,United States,,World Large Blend Equity,International Equities - Unhedged,IEQStock
0.000441504,UDR REIT INC,Growth,International Shares,Global Shares,Global Shares,Real Estate - 60,New York Stock Exchange Inc.,USD,United States,,World Large Blend Equity,International Equities - Unhedged,IEQStock
0.000441504,TELEFLEX INC,Growth,International Shares,Global Shares,Global Shares,Health Care - 35,New York Stock Exchange Inc.,USD,United States,,World Large Blend Equity,International Equities - Unhedged,IEQStock
0.000441504,WESTROCK,Growth,International Shares,Global Shares,Global Shares,Materials - 15,New York Stock Exchange Inc.,USD,United States,,World Large Blend Equity,International Equities - Unhedged,IEQStock
0.000294336,HORMEL FOODS CORP,Growth,International Shares,Global Shares,Global Shares,Consumer Staples - 30,New York Stock Exchange Inc.,USD,United States,,World Large Blend Equity,International Equities - Unhedged,IEQStock
0.000441504,CHARLES RIVER LABORATORIES INTERNA,Growth,International Shares,Global Shares,Global Shares,Health Care - 35,New York Stock Exchange Inc.,USD,United States,,World Large Blend Equity,International Equities - Unhedged,IEQStock
0.000441504,HUNTINGTON INGALLS INDUSTRIES INC,Growth,International Shares,Global Shares,Global Shares,Industrials - 20,New York Stock Exchange Inc.,USD,United States,,World Large Blend Equity,International Equities - Unhedged,IEQStock
0.000441504,CAMDEN PROPERTY TRUST REIT,Growth,International Shares,Global Shares,Global Shares,Real Estate - 60,New York Stock Exchange Inc.,USD,United States,,World Large Blend Equity,International Equities - Unhedged,IEQStock
0.000441504,EASTMAN CHEMICAL,Growth,International Shares,Global Shares,Global Shares,Materials - 15,New York Stock Exchange Inc.,USD,United States,,World Large Blend Equity,International Equities - Unhedged,IEQStock
0.000441504,HEALTHPEAK PROPERTIES INC,Growth,International Shares,Global Shares,Global Shares,Real Estate - 60,New York Stock Exchange Inc.,USD,United States,,World Large Blend Equity,International Equities - Unhedged,IEQStock
0.000441504,ALLEGION PLC,Growth,International Shares,Global Shares,Global Shares,Industrials - 20,New York Stock Exchange Inc.,USD,United States,,World Large Blend Equity,International Equities - Unhedged,IEQStock
0.000294336,A O SMITH CORP,Growth,International Shares,Global Shares,Global Shares,Industrials - 20,New York Stock Exchange Inc.,USD,United States,,World Large Blend Equity,International Equities - Unhedged,IEQStock
0.000294336,JUNIPER NETWORKS INC,Growth,International Shares,Global Shares,Global Shares,Information Technology - 45,New York Stock Exchange Inc.,USD,United States,,World Large Blend Equity,International Equities - Unhedged,IEQStock
0.000294336,ASSURANT INC,Growth,International Shares,Global Shares,Global Shares,Financials - 40,New York Stock Exchange Inc.,USD,United States,,World Large Blend Equity,International Equities - Unhedged,IEQStock
0.000294336,PAYCOM SOFTWARE INC,Growth,International Shares,Global Shares,Global Shares,Industrials - 20,New York Stock Exchange Inc.,USD,United States,,World Large Blend Equity,International Equities - Unhedged,IEQStock
0.000294336,PINNACLE WEST CORP,Growth,International Shares,Global Shares,Global Shares,Utilities - 55,New York Stock Exchange Inc.,USD,United States,,World Large Blend Equity,International Equities - Unhedged,IEQStock
0.000294336,UNIVERSAL HEALTH SERVICES INC CLAS,Growth,International Shares,Global Shares,Global Shares,Health Care - 35,New York Stock Exchange Inc.,USD,United States,,World Large Blend Equity,International Equities - Unhedged,IEQStock
0.000441504,BOSTON PROPERTIES REIT INC,Growth,International Shares,Global Shares,Global Shares,Real Estate - 60,New York Stock Exchange Inc.,USD,United States,,World Large Blend Equity,International Equities - Unhedged,IEQStock
0.000294336,ROBERT HALF,Growth,International Shares,Global Shares,Global Shares,Industrials - 20,New York Stock Exchange Inc.,USD,United States,,World Large Blend Equity,International Equities - Unhedged,IEQStock
0.000294336,CAMPBELL SOUP,Growth,International Shares,Global Shares,Global Shares,Consumer Staples - 30,New York Stock Exchange Inc.,USD,United States,,World Large Blend Equity,International Equities - Unhedged,IEQStock
0.000294336,BORGWARNER INC,Growth,International Shares,Global Shares,Global Shares,Consumer Discretionary - 25,New York Stock Exchange Inc.,USD,United States,,World Large Blend Equity,International Equities - Unhedged,IEQStock
0.000441504,BATH AND BODY WORKS INC,Growth,International Shares,Global Shares,Global Shares,Consumer Discretionary - 25,New York Stock Exchange Inc.,USD,United States,,World Large Blend Equity,International Equities - Unhedged,IEQStock
0.000294336,FEDERAL REALTY INVESTMENT TRUST RE,Growth,International Shares,Global Shares,Global Shares,Real Estate - 60,New York Stock Exchange Inc.,USD,United States,,World Large Blend Equity,International Equities - Unhedged,IEQStock
0.000294336,FRANKLIN RESOURCES INC,Growth,International Shares,Global Shares,Global Shares,Financials - 40,New York Stock Exchange Inc.,USD,United States,,World Large Blend Equity,International Equities - Unhedged,IEQStock
0.000294336,FMC CORP,Growth,International Shares,Global Shares,Global Shares,Materials - 15,New York Stock Exchange Inc.,USD,United States,,World Large Blend Equity,International Equities - Unhedged,IEQStock
0.000294336,GENERAC HOLDINGS INC,Growth,International Shares,Global Shares,Global Shares,Industrials - 20,New York Stock Exchange Inc.,USD,United States,,World Large Blend Equity,International Equities - Unhedged,IEQStock
0.000294336,TAPESTRY INC,Growth,International Shares,Global Shares,Global Shares,Consumer Discretionary - 25,New York Stock Exchange Inc.,USD,United States,,World Large Blend Equity,International Equities - Unhedged,IEQStock
0.000294336,BIO RAD LABORATORIES INC CLASS A,Growth,International Shares,Global Shares,Global Shares,Health Care - 35,New York Stock Exchange Inc.,USD,United States,,World Large Blend Equity,International Equities - Unhedged,IEQStock
0.000294336,CATALENT INC,Growth,International Shares,Global Shares,Global Shares,Health Care - 35,New York Stock Exchange Inc.,USD,United States,,World Large Blend Equity,International Equities - Unhedged,IEQStock
0.000294336,WHIRLPOOL CORP,Growth,International Shares,Global Shares,Global Shares,Consumer Discretionary - 25,New York Stock Exchange Inc.,USD,United States,,World Large Blend Equity,International Equities - Unhedged,IEQStock
0.000294336,INVESCO LTD,Growth,International Shares,Global Shares,Global Shares,Financials - 40,New York Stock Exchange Inc.,USD,United States,,World Large Blend Equity,International Equities - Unhedged,IEQStock
0.000294336,NORWEGIAN CRUISE LINE HOLDINGS LTD,Growth,International Shares,Global Shares,Global Shares,Consumer Discretionary - 25,New York Stock Exchange Inc.,USD,United States,,World Large Blend Equity,International Equities - Unhedged,IEQStock
0.000294336,COMERICA INC,Growth,International Shares,Global Shares,Global Shares,Financials - 40,New York Stock Exchange Inc.,USD,United States,,World Large Blend Equity,International Equities - Unhedged,IEQStock
0.000147168,VF CORP,Growth,International Shares,Global Shares,Global Shares,Consumer Discretionary - 25,New York Stock Exchange Inc.,USD,United States,,World Large Blend Equity,International Equities - Unhedged,IEQStock
0.000147168,RALPH LAUREN CORP CLASS A,Growth,International Shares,Global Shares,Global Shares,Consumer Discretionary - 25,New York Stock Exchange Inc.,USD,United States,,World Large Blend Equity,International Equities - Unhedged,IEQStock
0.000147168,MOHAWK INDUSTRIES INC,Growth,International Shares,Global Shares,Global Shares,Consumer Discretionary - 25,New York Stock Exchange Inc.,USD,United States,,World Large Blend Equity,International Equities - Unhedged,IEQStock
0.000147168,DAVITA INC,Growth,International Shares,Global Shares,Global Shares,Health Care - 35,New York Stock Exchange Inc.,USD,United States,,World Large Blend Equity,International Equities - Unhedged,IEQStock
0.000441504,MELROSE INDUSTRIES PLC,Growth,International Shares,Global Shares,Global Shares,Energy - 10,New York Stock Exchange Inc.,USD,United States,,World Large Blend Equity,International Equities - Unhedged,IEQStock
0.000588672,EQT,Growth,International Shares,Global Shares,Global Shares,Energy - 10,New York Stock Exchange Inc.,USD,United States,,World Large Blend Equity,International Equities - Unhedged,IEQStock
0.024577056,BERKSHIRE HATHAWAY INC CLASS B,Growth,International Shares,Global Shares,Global Shares,Financials - 40,New York Stock Exchange Inc.,USD,United States,,World Large Blend Equity,International Equities - Unhedged,IEQStock
0.018248832,UNITEDHEALTH GROUP INC,Growth,International Shares,Global Shares,Global Shares,Health Care - 35,New York Stock Exchange Inc.,USD,United States,,World Large Blend Equity,International Equities - Unhedged,IEQStock
0.018248832,ELI LILLY,Growth,International Shares,Global Shares,Global Shares,Health Care - 35,New York Stock Exchange Inc.,USD,United States,,World Large Blend Equity,International Equities - Unhedged,IEQStock
0.014863968,EXXON MOBIL CORP,Growth,International Shares,Global Shares,Global Shares,Energy - 10,New York Stock Exchange Inc.,USD,United States,,World Large Blend Equity,International Equities - Unhedged,IEQStock
0.018248832,JPMORGAN CHASE & CO,Growth,International Shares,Global Shares,Global Shares,Financials - 40,New York Stock Exchange Inc.,USD,United States,,World Large Blend Equity,International Equities - Unhedged,IEQStock
0.015305472,VISA INC CLASS A,Growth,International Shares,Global Shares,Global Shares,Financials - 40,New York Stock Exchange Inc.,USD,United States,,World Large Blend Equity,International Equities - Unhedged,IEQStock
0.014275296,JOHNSON & JOHNSON,Growth,International Shares,Global Shares,Global Shares,Health Care - 35,New York Stock Exchange Inc.,USD,United States,,World Large Blend Equity,International Equities - Unhedged,IEQStock
0.012803616,PROCTER & GAMBLE,Growth,International Shares,Global Shares,Global Shares,Consumer Staples - 30,New York Stock Exchange Inc.,USD,United States,,World Large Blend Equity,International Equities - Unhedged,IEQStock
0.012803616,MASTERCARD INC CLASS A,Growth,International Shares,Global Shares,Global Shares,Financials - 40,New York Stock Exchange Inc.,USD,United States,,World Large Blend Equity,International Equities - Unhedged,IEQStock
0.012803616,HOME DEPOT INC,Growth,International Shares,Global Shares,Global Shares,Consumer Discretionary - 25,New York Stock Exchange Inc.,USD,United States,,World Large Blend Equity,International Equities - Unhedged,IEQStock
0.010890432,MERCK & CO INC,Growth,International Shares,Global Shares,Global Shares,Health Care - 35,New York Stock Exchange Inc.,USD,United States,,World Large Blend Equity,International Equities - Unhedged,IEQStock
0.00956592,CHEVRON CORP,Growth,International Shares,Global Shares,Global Shares,Energy - 10,New York Stock Exchange Inc.,USD,United States,,World Large Blend Equity,International Equities - Unhedged,IEQStock
0.010448928,ABBVIE INC,Growth,International Shares,Global Shares,Global Shares,Health Care - 35,New York Stock Exchange Inc.,USD,United States,,World Large Blend Equity,International Equities - Unhedged,IEQStock
0.008241408,WALMART INC,Growth,International Shares,Global Shares,Global Shares,Consumer Staples - 30,New York Stock Exchange Inc.,USD,United States,,World Large Blend Equity,International Equities - Unhedged,IEQStock
0.008535744,COCA-COLA,Growth,International Shares,Global Shares,Global Shares,Consumer Staples - 30,New York Stock Exchange Inc.,USD,United States,,World Large Blend Equity,International Equities - Unhedged,IEQStock
0.009271584000000001,SALESFORCE INC,Growth,International Shares,Global Shares,Global Shares,Information Technology - 45,New York Stock Exchange Inc.,USD,United States,,World Large Blend Equity,International Equities - Unhedged,IEQStock
0.007799904000000001,ACCENTURE PLC CLASS A,Growth,International Shares,Global Shares,Global Shares,Information Technology - 45,New York Stock Exchange Inc.,USD,United States,,World Large Blend Equity,International Equities - Unhedged,IEQStock
0.007799904000000001,MCDONALDS CORP,Growth,International Shares,Global Shares,Global Shares,Consumer Discretionary - 25,New York Stock Exchange Inc.,USD,United States,,World Large Blend Equity,International Equities - Unhedged,IEQStock
0.008682912,BANK OF AMERICA CORP,Growth,International Shares,Global Shares,Global Shares,Financials - 40,New York Stock Exchange Inc.,USD,United States,,World Large Blend Equity,International Equities - Unhedged,IEQStock
0.007652736,THERMO FISHER SCIENTIFIC INC,Growth,International Shares,Global Shares,Global Shares,Health Care - 35,New York Stock Exchange Inc.,USD,United States,,World Large Blend Equity,International Equities - Unhedged,IEQStock
0.006181056,PFIZER INC,Growth,International Shares,Global Shares,Global Shares,Health Care - 35,New York Stock Exchange Inc.,USD,United States,,World Large Blend Equity,International Equities - Unhedged,IEQStock
0.006033887999999999,ORACLE CORP,Growth,International Shares,Global Shares,Global Shares,Information Technology - 45,New York Stock Exchange Inc.,USD,United States,,World Large Blend Equity,International Equities - Unhedged,IEQStock
0.007211232,ABBOTT LABORATORIES,Growth,International Shares,Global Shares,Global Shares,Health Care - 35,New York Stock Exchange Inc.,USD,United States,,World Large Blend Equity,International Equities - Unhedged,IEQStock
0.006181056,WALT DISNEY,Growth,International Shares,Global Shares,Global Shares,Communication Services - 50,New York Stock Exchange Inc.,USD,United States,,World Large Blend Equity,International Equities - Unhedged,IEQStock
0.006181056,VERIZON COMMUNICATIONS INC,Growth,International Shares,Global Shares,Global Shares,Communication Services - 50,New York Stock Exchange Inc.,USD,United States,,World Large Blend Equity,International Equities - Unhedged,IEQStock
0.00662256,WELLS FARGO,Growth,International Shares,Global Shares,Global Shares,Financials - 40,New York Stock Exchange Inc.,USD,United States,,World Large Blend Equity,International Equities - Unhedged,IEQStock
0.005445216,PHILIP MORRIS INTERNATIONAL INC,Growth,International Shares,Global Shares,Global Shares,Consumer Staples - 30,New York Stock Exchange Inc.,USD,United States,,World Large Blend Equity,International Equities - Unhedged,IEQStock
0.0050037120000000004,CONOCOPHILLIPS,Growth,International Shares,Global Shares,Global Shares,Energy - 10,New York Stock Exchange Inc.,USD,United States,,World Large Blend Equity,International Equities - Unhedged,IEQStock
0.005445216,INTERNATIONAL BUSINESS MACHINES CO,Growth,International Shares,Global Shares,Global Shares,Information Technology - 45,New York Stock Exchange Inc.,USD,United States,,World Large Blend Equity,International Equities - Unhedged,IEQStock
0.004709376,NIKE INC CLASS B,Growth,International Shares,Global Shares,Global Shares,Consumer Discretionary - 25,New York Stock Exchange Inc.,USD,United States,,World Large Blend Equity,International Equities - Unhedged,IEQStock
0.005739552,DANAHER CORP,Growth,International Shares,Global Shares,Global Shares,Health Care - 35,New York Stock Exchange Inc.,USD,United States,,World Large Blend Equity,International Equities - Unhedged,IEQStock
0.005445216,UNION PACIFIC CORP,Growth,International Shares,Global Shares,Global Shares,Industrials - 20,New York Stock Exchange Inc.,USD,United States,,World Large Blend Equity,International Equities - Unhedged,IEQStock
0.005298048,SERVICENOW INC,Growth,International Shares,Global Shares,Global Shares,Information Technology - 45,New York Stock Exchange Inc.,USD,United States,,World Large Blend Equity,International Equities - Unhedged,IEQStock
0.00515088,S&P GLOBAL INC,Growth,International Shares,Global Shares,Global Shares,Financials - 40,New York Stock Exchange Inc.,USD,United States,,World Large Blend Equity,International Equities - Unhedged,IEQStock
0.00515088,GENERAL ELECTRIC,Growth,International Shares,Global Shares,Global Shares,Industrials - 20,New York Stock Exchange Inc.,USD,United States,,World Large Blend Equity,International Equities - Unhedged,IEQStock
0.004562208,RTX CORP,Growth,International Shares,Global Shares,Global Shares,Industrials - 20,New York Stock Exchange Inc.,USD,United States,,World Large Blend Equity,International Equities - Unhedged,IEQStock
0.005445216,CATERPILLAR INC,Growth,International Shares,Global Shares,Global Shares,Industrials - 20,New York Stock Exchange Inc.,USD,United States,,World Large Blend Equity,International Equities - Unhedged,IEQStock
0.004709376,NEXTERA ENERGY INC,Growth,International Shares,Global Shares,Global Shares,Utilities - 55,New York Stock Exchange Inc.,USD,United States,,World Large Blend Equity,International Equities - Unhedged,IEQStock
0.004562208,LOWES COMPANIES INC,Growth,International Shares,Global Shares,Global Shares,Consumer Discretionary - 25,New York Stock Exchange Inc.,USD,United States,,World Large Blend Equity,International Equities - Unhedged,IEQStock
0.003826368,BRISTOL MYERS SQUIBB,Growth,International Shares,Global Shares,Global Shares,Health Care - 35,New York Stock Exchange Inc.,USD,United States,,World Large Blend Equity,International Equities - Unhedged,IEQStock
0.004709376,BOEING,Growth,International Shares,Global Shares,Global Shares,Industrials - 20,New York Stock Exchange Inc.,USD,United States,,World Large Blend Equity,International Equities - Unhedged,IEQStock
0.004120704,ELEVANCE HEALTH INC,Growth,International Shares,Global Shares,Global Shares,Health Care - 35,New York Stock Exchange Inc.,USD,United States,,World Large Blend Equity,International Equities - Unhedged,IEQStock
0.004709376,GOLDMAN SACHS GROUP INC,Growth,International Shares,Global Shares,Global Shares,Financials - 40,New York Stock Exchange Inc.,USD,United States,,World Large Blend Equity,International Equities - Unhedged,IEQStock
0.003826368,TJX INC,Growth,International Shares,Global Shares,Global Shares,Consumer Discretionary - 25,New York Stock Exchange Inc.,USD,United States,,World Large Blend Equity,International Equities - Unhedged,IEQStock
0.004267872,UNITED PARCEL SERVICE INC CLASS B,Growth,International Shares,Global Shares,Global Shares,Industrials - 20,New York Stock Exchange Inc.,USD,United States,,World Large Blend Equity,International Equities - Unhedged,IEQStock
0.0036792,LOCKHEED MARTIN CORP,Growth,International Shares,Global Shares,Global Shares,Industrials - 20,New York Stock Exchange Inc.,USD,United States,,World Large Blend Equity,International Equities - Unhedged,IEQStock
0.003973536000000001,DEERE,Growth,International Shares,Global Shares,Global Shares,Industrials - 20,New York Stock Exchange Inc.,USD,United States,,World Large Blend Equity,International Equities - Unhedged,IEQStock
0.004267872,MEDTRONIC PLC,Growth,International Shares,Global Shares,Global Shares,Health Care - 35,New York Stock Exchange Inc.,USD,United States,,World Large Blend Equity,International Equities - Unhedged,IEQStock
0.004267872,MORGAN STANLEY,Growth,International Shares,Global Shares,Global Shares,Financials - 40,New York Stock Exchange Inc.,USD,United States,,World Large Blend Equity,International Equities - Unhedged,IEQStock
0.004562208,PROLOGIS REIT INC,Growth,International Shares,Global Shares,Global Shares,Real Estate - 60,New York Stock Exchange Inc.,USD,United States,,World Large Blend Equity,International Equities - Unhedged,IEQStock
0.003532032,MARSH & MCLENNAN INC,Growth,International Shares,Global Shares,Global Shares,Financials - 40,New York Stock Exchange Inc.,USD,United States,,World Large Blend Equity,International Equities - Unhedged,IEQStock
0.0036792,STRYKER CORP,Growth,International Shares,Global Shares,Global Shares,Health Care - 35,New York Stock Exchange Inc.,USD,United States,,World Large Blend Equity,International Equities - Unhedged,IEQStock
0.003532032,PROGRESSIVE CORP,Growth,International Shares,Global Shares,Global Shares,Financials - 40,New York Stock Exchange Inc.,USD,United States,,World Large Blend Equity,International Equities - Unhedged,IEQStock
0.004120704,BLACKROCK INC,Growth,International Shares,Global Shares,Global Shares,Financials - 40,New York Stock Exchange Inc.,USD,United States,,World Large Blend Equity,International Equities - Unhedged,IEQStock
0.003826368,CVS HEALTH CORP,Growth,International Shares,Global Shares,Global Shares,Health Care - 35,New York Stock Exchange Inc.,USD,United States,,World Large Blend Equity,International Equities - Unhedged,IEQStock
0.003384864,CHUBB LTD,Growth,International Shares,Global Shares,Global Shares,Financials - 40,New York Stock Exchange Inc.,USD,United States,,World Large Blend Equity,International Equities - Unhedged,IEQStock
0.003973536000000001,AMERICAN EXPRESS,Growth,International Shares,Global Shares,Global Shares,Financials - 40,New York Stock Exchange Inc.,USD,United States,,World Large Blend Equity,International Equities - Unhedged,IEQStock
0.003384864,CIGNA,Growth,International Shares,Global Shares,Global Shares,Health Care - 35,New York Stock Exchange Inc.,USD,United States,,World Large Blend Equity,International Equities - Unhedged,IEQStock
0.0036792,AMERICAN TOWER REIT CORP,Growth,International Shares,Global Shares,Global Shares,Real Estate - 60,New York Stock Exchange Inc.,USD,United States,,World Large Blend Equity,International Equities - Unhedged,IEQStock
0.003532032,EATON PLC,Growth,International Shares,Global Shares,Global Shares,Industrials - 20,New York Stock Exchange Inc.,USD,United States,,World Large Blend Equity,International Equities - Unhedged,IEQStock
0.0036792,CHARLES SCHWAB CORP,Growth,International Shares,Global Shares,Global Shares,Financials - 40,New York Stock Exchange Inc.,USD,United States,,World Large Blend Equity,International Equities - Unhedged,IEQStock
0.003826368,CITIGROUP INC,Growth,International Shares,Global Shares,Global Shares,Financials - 40,New York Stock Exchange Inc.,USD,United States,,World Large Blend Equity,International Equities - Unhedged,IEQStock
0.003237696,ZOETIS INC CLASS A,Growth,International Shares,Global Shares,Global Shares,Health Care - 35,New York Stock Exchange Inc.,USD,United States,,World Large Blend Equity,International Equities - Unhedged,IEQStock
0.003090528,BOSTON SCIENTIFIC CORP,Growth,International Shares,Global Shares,Global Shares,Health Care - 35,New York Stock Exchange Inc.,USD,United States,,World Large Blend Equity,International Equities - Unhedged,IEQStock
0.002649024,SCHLUMBERGER NV,Growth,International Shares,Global Shares,Global Shares,Energy - 10,New York Stock Exchange Inc.,USD,United States,,World Large Blend Equity,International Equities - Unhedged,IEQStock
0.0029433600000000003,SOUTHERN,Growth,International Shares,Global Shares,Global Shares,Utilities - 55,New York Stock Exchange Inc.,USD,United States,,World Large Blend Equity,International Equities - Unhedged,IEQStock
0.002649024,BECTON DICKINSON,Growth,International Shares,Global Shares,Global Shares,Health Care - 35,New York Stock Exchange Inc.,USD,United States,,World Large Blend Equity,International Equities - Unhedged,IEQStock
0.0029433600000000003,FISERV INC,Growth,International Shares,Global Shares,Global Shares,Financials - 40,New York Stock Exchange Inc.,USD,United States,,World Large Blend Equity,International Equities - Unhedged,IEQStock
0.002649024,ALTRIA GROUP INC,Growth,International Shares,Global Shares,Global Shares,Consumer Staples - 30,New York Stock Exchange Inc.,USD,United States,,World Large Blend Equity,International Equities - Unhedged,IEQStock
0.0025018560000000002,EOG RESOURCES INC,Growth,International Shares,Global Shares,Global Shares,Energy - 10,New York Stock Exchange Inc.,USD,United States,,World Large Blend Equity,International Equities - Unhedged,IEQStock
0.003237696,BLACKSTONE INC,Growth,International Shares,Global Shares,Global Shares,Financials - 40,New York Stock Exchange Inc.,USD,United States,,World Large Blend Equity,International Equities - Unhedged,IEQStock
0.0027961920000000003,DUKE ENERGY CORP,Growth,International Shares,Global Shares,Global Shares,Utilities - 55,New York Stock Exchange Inc.,USD,United States,,World Large Blend Equity,International Equities - Unhedged,IEQStock
0.0025018560000000002,NORTHROP GRUMMAN CORP,Growth,International Shares,Global Shares,Global Shares,Industrials - 20,New York Stock Exchange Inc.,USD,United States,,World Large Blend Equity,International Equities - Unhedged,IEQStock
0.00220752,AON PLC CLASS A,Growth,International Shares,Global Shares,Global Shares,Financials - 40,New York Stock Exchange Inc.,USD,United States,,World Large Blend Equity,International Equities - Unhedged,IEQStock
0.002649024,ILLINOIS TOOL INC,Growth,International Shares,Global Shares,Global Shares,Industrials - 20,New York Stock Exchange Inc.,USD,United States,,World Large Blend Equity,International Equities - Unhedged,IEQStock
0.002354688,WASTE MANAGEMENT INC,Growth,International Shares,Global Shares,Global Shares,Industrials - 20,New York Stock Exchange Inc.,USD,United States,,World Large Blend Equity,International Equities - Unhedged,IEQStock
0.0025018560000000002,COLGATE-PALMOLIVE,Growth,International Shares,Global Shares,Global Shares,Consumer Staples - 30,New York Stock Exchange Inc.,USD,United States,,World Large Blend Equity,International Equities - Unhedged,IEQStock
0.002649024,INTERCONTINENTAL EXCHANGE INC,Growth,International Shares,Global Shares,Global Shares,Financials - 40,New York Stock Exchange Inc.,USD,United States,,World Large Blend Equity,International Equities - Unhedged,IEQStock
0.002354688,MCKESSON CORP,Growth,International Shares,Global Shares,Global Shares,Health Care - 35,New York Stock Exchange Inc.,USD,United States,,World Large Blend Equity,International Equities - Unhedged,IEQStock
0.002060352,HUMANA INC,Growth,International Shares,Global Shares,Global Shares,Health Care - 35,New York Stock Exchange Inc.,USD,United States,,World Large Blend Equity,International Equities - Unhedged,IEQStock
0.002649024,SHERWIN WILLIAMS,Growth,International Shares,Global Shares,Global Shares,Materials - 15,New York Stock Exchange Inc.,USD,United States,,World Large Blend Equity,International Equities - Unhedged,IEQStock
0.00220752,MARATHON PETROLEUM CORP,Growth,International Shares,Global Shares,Global Shares,Energy - 10,New York Stock Exchange Inc.,USD,United States,,World Large Blend Equity,International Equities - Unhedged,IEQStock
0.00220752,CHIPOTLE MEXICAN GRILL INC,Growth,International Shares,Global Shares,Global Shares,Consumer Discretionary - 25,New York Stock Exchange Inc.,USD,United States,,World Large Blend Equity,International Equities - Unhedged,IEQStock
0.00220752,AIR PRODUCTS AND CHEMICALS INC,Growth,International Shares,Global Shares,Global Shares,Materials - 15,New York Stock Exchange Inc.,USD,United States,,World Large Blend Equity,International Equities - Unhedged,IEQStock
0.002060352,FEDEX CORP,Growth,International Shares,Global Shares,Global Shares,Industrials - 20,New York Stock Exchange Inc.,USD,United States,,World Large Blend Equity,International Equities - Unhedged,IEQStock
0.002060352,GENERAL DYNAMICS CORP,Growth,International Shares,Global Shares,Global Shares,Industrials - 20,New York Stock Exchange Inc.,USD,United States,,World Large Blend Equity,International Equities - Unhedged,IEQStock
0.001913184,PIONEER NATURAL RESOURCE,Growth,International Shares,Global Shares,Global Shares,Energy - 10,New York Stock Exchange Inc.,USD,United States,,World Large Blend Equity,International Equities - Unhedged,IEQStock
0.0025018560000000002,US BANCORP,Growth,International Shares,Global Shares,Global Shares,Financials - 40,New York Stock Exchange Inc.,USD,United States,,World Large Blend Equity,International Equities - Unhedged,IEQStock
0.00220752,ARISTA NETWORKS INC,Growth,International Shares,Global Shares,Global Shares,Information Technology - 45,New York Stock Exchange Inc.,USD,United States,,World Large Blend Equity,International Equities - Unhedged,IEQStock
0.00220752,MOODYS CORP,Growth,International Shares,Global Shares,Global Shares,Financials - 40,New York Stock Exchange Inc.,USD,United States,,World Large Blend Equity,International Equities - Unhedged,IEQStock
0.001766016,ARTHUR J GALLAGHER,Growth,International Shares,Global Shares,Global Shares,Financials - 40,New York Stock Exchange Inc.,USD,United States,,World Large Blend Equity,International Equities - Unhedged,IEQStock
0.00220752,PARKER-HANNIFIN CORP,Growth,International Shares,Global Shares,Global Shares,Industrials - 20,New York Stock Exchange Inc.,USD,United States,,World Large Blend Equity,International Equities - Unhedged,IEQStock
0.00220752,3M,Growth,International Shares,Global Shares,Global Shares,Industrials - 20,New York Stock Exchange Inc.,USD,United States,,World Large Blend Equity,International Equities - Unhedged,IEQStock
0.002354688,TARGET CORP,Growth,International Shares,Global Shares,Global Shares,Consumer Staples - 30,New York Stock Exchange Inc.,USD,United States,,World Large Blend Equity,International Equities - Unhedged,IEQStock
0.001913184,MOTOROLA SOLUTIONS INC,Growth,International Shares,Global Shares,Global Shares,Information Technology - 45,New York Stock Exchange Inc.,USD,United States,,World Large Blend Equity,International Equities - Unhedged,IEQStock
0.00220752,PHILLIPS,Growth,International Shares,Global Shares,Global Shares,Energy - 10,New York Stock Exchange Inc.,USD,United States,,World Large Blend Equity,International Equities - Unhedged,IEQStock
0.002060352,AMPHENOL CORP CLASS A,Growth,International Shares,Global Shares,Global Shares,Information Technology - 45,New York Stock Exchange Inc.,USD,United States,,World Large Blend Equity,International Equities - Unhedged,IEQStock
0.002060352,TRANE TECHNOLOGIES PLC,Growth,International Shares,Global Shares,Global Shares,Industrials - 20,New York Stock Exchange Inc.,USD,United States,,World Large Blend Equity,International Equities - Unhedged,IEQStock
0.002060352,TRANSDIGM GROUP INC,Growth,International Shares,Global Shares,Global Shares,Industrials - 20,New York Stock Exchange Inc.,USD,United States,,World Large Blend Equity,International Equities - Unhedged,IEQStock
0.00220752,FREEPORT MCMORAN INC,Growth,International Shares,Global Shares,Global Shares,Materials - 15,New York Stock Exchange Inc.,USD,United States,,World Large Blend Equity,International Equities - Unhedged,IEQStock
0.002060352,EMERSON ELECTRIC,Growth,International Shares,Global Shares,Global Shares,Industrials - 20,New York Stock Exchange Inc.,USD,United States,,World Large Blend Equity,International Equities - Unhedged,IEQStock
0.001618848,AUTOZONE INC,Growth,International Shares,Global Shares,Global Shares,Consumer Discretionary - 25,New York Stock Exchange Inc.,USD,United States,,World Large Blend Equity,International Equities - Unhedged,IEQStock
0.002354688,PNC FINANCIAL SERVICES GROUP INC,Growth,International Shares,Global Shares,Global Shares,Financials - 40,New York Stock Exchange Inc.,USD,United States,,World Large Blend Equity,International Equities - Unhedged,IEQStock
0.002060352,HCA HEALTHCARE INC,Growth,International Shares,Global Shares,Global Shares,Health Care - 35,New York Stock Exchange Inc.,USD,United States,,World Large Blend Equity,International Equities - Unhedged,IEQStock
0.001766016,SEMPRA,Growth,International Shares,Global Shares,Global Shares,Utilities - 55,New York Stock Exchange Inc.,USD,United States,,World Large Blend Equity,International Equities - Unhedged,IEQStock
0.001766016,AMERICAN INTERNATIONAL GROUP INC,Growth,International Shares,Global Shares,Global Shares,Financials - 40,New York Stock Exchange Inc.,USD,United States,,World Large Blend Equity,International Equities - Unhedged,IEQStock
0.001766016,WELLTOWER INC,Growth,International Shares,Global Shares,Global Shares,Real Estate - 60,New York Stock Exchange Inc.,USD,United States,,World Large Blend Equity,International Equities - Unhedged,IEQStock
0.001766016,ECOLAB INC,Growth,International Shares,Global Shares,Global Shares,Materials - 15,New York Stock Exchange Inc.,USD,United States,,World Large Blend Equity,International Equities - Unhedged,IEQStock
0.001913184,NORFOLK SOUTHERN CORP,Growth,International Shares,Global Shares,Global Shares,Industrials - 20,New York Stock Exchange Inc.,USD,United States,,World Large Blend Equity,International Equities - Unhedged,IEQStock
0.001618848,AFLAC INC,Growth,International Shares,Global Shares,Global Shares,Financials - 40,New York Stock Exchange Inc.,USD,United States,,World Large Blend Equity,International Equities - Unhedged,IEQStock
0.001618848,VALERO ENERGY CORP,Growth,International Shares,Global Shares,Global Shares,Energy - 10,New York Stock Exchange Inc.,USD,United States,,World Large Blend Equity,International Equities - Unhedged,IEQStock
0.001618848,WILLIAMS INC,Growth,International Shares,Global Shares,Global Shares,Energy - 10,New York Stock Exchange Inc.,USD,United States,,World Large Blend Equity,International Equities - Unhedged,IEQStock
0.001766016,CARRIER GLOBAL CORP,Growth,International Shares,Global Shares,Global Shares,Industrials - 20,New York Stock Exchange Inc.,USD,United States,,World Large Blend Equity,International Equities - Unhedged,IEQStock
0.001766016,CROWN CASTLE INC,Growth,International Shares,Global Shares,Global Shares,Real Estate - 60,New York Stock Exchange Inc.,USD,United States,,World Large Blend Equity,International Equities - Unhedged,IEQStock
0.001766016,HILTON WORLDWIDE HOLDINGS INC,Growth,International Shares,Global Shares,Global Shares,Consumer Discretionary - 25,New York Stock Exchange Inc.,USD,United States,,World Large Blend Equity,International Equities - Unhedged,IEQStock
0.0014716800000000002,KIMBERLY CLARK CORP,Growth,International Shares,Global Shares,Global Shares,Consumer Staples - 30,New York Stock Exchange Inc.,USD,United States,,World Large Blend Equity,International Equities - Unhedged,IEQStock
0.001913184,TRUIST FINANCIAL CORP,Growth,International Shares,Global Shares,Global Shares,Financials - 40,New York Stock Exchange Inc.,USD,United States,,World Large Blend Equity,International Equities - Unhedged,IEQStock
0.001618848,EDWARDS LIFESCIENCES CORP,Growth,International Shares,Global Shares,Global Shares,Health Care - 35,New York Stock Exchange Inc.,USD,United States,,World Large Blend Equity,International Equities - Unhedged,IEQStock
0.001913184,CAPITAL ONE FINANCIAL CORP,Growth,International Shares,Global Shares,Global Shares,Financials - 40,New York Stock Exchange Inc.,USD,United States,,World Large Blend Equity,International Equities - Unhedged,IEQStock
0.001766016,FORD MOTOR CO,Growth,International Shares,Global Shares,Global Shares,Consumer Discretionary - 25,New York Stock Exchange Inc.,USD,United States,,World Large Blend Equity,International Equities - Unhedged,IEQStock
0.0014716800000000002,OCCIDENTAL PETROLEUM CORP,Growth,International Shares,Global Shares,Global Shares,Energy - 10,New York Stock Exchange Inc.,USD,United States,,World Large Blend Equity,International Equities - Unhedged,IEQStock
0.0014716800000000002,HESS CORP,Growth,International Shares,Global Shares,Global Shares,Energy - 10,New York Stock Exchange Inc.,USD,United States,,World Large Blend Equity,International Equities - Unhedged,IEQStock
0.001618848,MSCI INC,Growth,International Shares,Global Shares,Global Shares,Financials - 40,New York Stock Exchange Inc.,USD,United States,,World Large Blend Equity,International Equities - Unhedged,IEQStock
0.0014716800000000002,TE CONNECTIVITY LTD,Growth,International Shares,Global Shares,Global Shares,Information Technology - 45,New York Stock Exchange Inc.,USD,United States,,World Large Blend Equity,International Equities - Unhedged,IEQStock
0.001766016,PUBLIC STORAGE REIT,Growth,International Shares,Global Shares,Global Shares,Real Estate - 60,New York Stock Exchange Inc.,USD,United States,,World Large Blend Equity,International Equities - Unhedged,IEQStock
0.0014716800000000002,CONSTELLATION BRANDS INC CLASS A,Growth,International Shares,Global Shares,Global Shares,Consumer Staples - 30,New York Stock Exchange Inc.,USD,United States,,World Large Blend Equity,International Equities - Unhedged,IEQStock
0.001913184,GENERAL MOTORS,Growth,International Shares,Global Shares,Global Shares,Consumer Discretionary - 25,New York Stock Exchange Inc.,USD,United States,,World Large Blend Equity,International Equities - Unhedged,IEQStock
0.001618848,TRAVELERS COMPANIES INC,Growth,International Shares,Global Shares,Global Shares,Financials - 40,New York Stock Exchange Inc.,USD,United States,,World Large Blend Equity,International Equities - Unhedged,IEQStock
0.0014716800000000002,CENTENE CORP,Growth,International Shares,Global Shares,Global Shares,Health Care - 35,New York Stock Exchange Inc.,USD,United States,,World Large Blend Equity,International Equities - Unhedged,IEQStock
0.0014716800000000002,DIGITAL REALTY TRUST REIT INC,Growth,International Shares,Global Shares,Global Shares,Real Estate - 60,New York Stock Exchange Inc.,USD,United States,,World Large Blend Equity,International Equities - Unhedged,IEQStock
0.001324512,ARCHER DANIELS MIDLAND,Growth,International Shares,Global Shares,Global Shares,Consumer Staples - 30,New York Stock Exchange Inc.,USD,United States,,World Large Blend Equity,International Equities - Unhedged,IEQStock
0.0014716800000000002,DOMINION ENERGY INC,Growth,International Shares,Global Shares,Global Shares,Utilities - 55,New York Stock Exchange Inc.,USD,United States,,World Large Blend Equity,International Equities - Unhedged,IEQStock
0.001324512,GENERAL MILLS INC,Growth,International Shares,Global Shares,Global Shares,Consumer Staples - 30,New York Stock Exchange Inc.,USD,United States,,World Large Blend Equity,International Equities - Unhedged,IEQStock
0.001618848,METLIFE INC,Growth,International Shares,Global Shares,Global Shares,Financials - 40,New York Stock Exchange Inc.,USD,United States,,World Large Blend Equity,International Equities - Unhedged,IEQStock
0.001766016,SIMON PROPERTY GROUP REIT INC,Growth,International Shares,Global Shares,Global Shares,Real Estate - 60,New York Stock Exchange Inc.,USD,United States,,World Large Blend Equity,International Equities - Unhedged,IEQStock
0.0014716800000000002,ONEOK INC,Growth,International Shares,Global Shares,Global Shares,Energy - 10,New York Stock Exchange Inc.,USD,United States,,World Large Blend Equity,International Equities - Unhedged,IEQStock
0.001618848,NUCOR CORP,Growth,International Shares,Global Shares,Global Shares,Materials - 15,New York Stock Exchange Inc.,USD,United States,,World Large Blend Equity,International Equities - Unhedged,IEQStock
0.001618848,D R HORTON INC,Growth,International Shares,Global Shares,Global Shares,Consumer Discretionary - 25,New York Stock Exchange Inc.,USD,United States,,World Large Blend Equity,International Equities - Unhedged,IEQStock
0.0014716800000000002,IQVIA HOLDINGS INC,Growth,International Shares,Global Shares,Global Shares,Health Care - 35,New York Stock Exchange Inc.,USD,United States,,World Large Blend Equity,International Equities - Unhedged,IEQStock
0.001618848,REALTY INCOME REIT CORP,Growth,International Shares,Global Shares,Global Shares,Real Estate - 60,New York Stock Exchange Inc.,USD,United States,,World Large Blend Equity,International Equities - Unhedged,IEQStock
0.001324512,YUM BRANDS INC,Growth,International Shares,Global Shares,Global Shares,Consumer Discretionary - 25,New York Stock Exchange Inc.,USD,United States,,World Large Blend Equity,International Equities - Unhedged,IEQStock
0.001177344,CORTEVA INC,Growth,International Shares,Global Shares,Global Shares,Materials - 15,New York Stock Exchange Inc.,USD,United States,,World Large Blend Equity,International Equities - Unhedged,IEQStock
0.0014716800000000002,PG&E CORP,Growth,International Shares,Global Shares,Global Shares,Utilities - 55,New York Stock Exchange Inc.,USD,United States,,World Large Blend Equity,International Equities - Unhedged,IEQStock
0.0014716800000000002,BANK OF NEW YORK MELLON CORP,Growth,International Shares,Global Shares,Global Shares,Financials - 40,New York Stock Exchange Inc.,USD,United States,,World Large Blend Equity,International Equities - Unhedged,IEQStock
0.0014716800000000002,JOHNSON CONTROLS INTERNATIONAL PLC,Growth,International Shares,Global Shares,Global Shares,Industrials - 20,New York Stock Exchange Inc.,USD,United States,,World Large Blend Equity,International Equities - Unhedged,IEQStock
0.0014716800000000002,L3HARRIS TECHNOLOGIES INC,Growth,International Shares,Global Shares,Global Shares,Industrials - 20,New York Stock Exchange Inc.,USD,United States,,World Large Blend Equity,International Equities - Unhedged,IEQStock
0.001324512,WW GRAINGER INC,Growth,International Shares,Global Shares,Global Shares,Industrials - 20,New York Stock Exchange Inc.,USD,United States,,World Large Blend Equity,International Equities - Unhedged,IEQStock
0.0014716800000000002,AMERIPRISE FINANCE INC,Growth,International Shares,Global Shares,Global Shares,Financials - 40,New York Stock Exchange Inc.,USD,United States,,World Large Blend Equity,International Equities - Unhedged,IEQStock
0.0014716800000000002,SYSCO CORP,Growth,International Shares,Global Shares,Global Shares,Consumer Staples - 30,New York Stock Exchange Inc.,USD,United States,,World Large Blend Equity,International Equities - Unhedged,IEQStock
0.0014716800000000002,DOW INC,Growth,International Shares,Global Shares,Global Shares,Materials - 15,New York Stock Exchange Inc.,USD,United States,,World Large Blend Equity,International Equities - Unhedged,IEQStock
0.001177344,HALLIBURTON,Growth,International Shares,Global Shares,Global Shares,Energy - 10,New York Stock Exchange Inc.,USD,United States,,World Large Blend Equity,International Equities - Unhedged,IEQStock
0.0014716800000000002,ALLSTATE CORP,Growth,International Shares,Global Shares,Global Shares,Financials - 40,New York Stock Exchange Inc.,USD,United States,,World Large Blend Equity,International Equities - Unhedged,IEQStock
0.001324512,AMETEK INC,Growth,International Shares,Global Shares,Global Shares,Industrials - 20,New York Stock Exchange Inc.,USD,United States,,World Large Blend Equity,International Equities - Unhedged,IEQStock
0.001324512,KENVUE INC,Growth,International Shares,Global Shares,Global Shares,Consumer Staples - 30,New York Stock Exchange Inc.,USD,United States,,World Large Blend Equity,International Equities - Unhedged,IEQStock
0.001324512,OTIS WORLDWIDE CORP,Growth,International Shares,Global Shares,Global Shares,Industrials - 20,New York Stock Exchange Inc.,USD,United States,,World Large Blend Equity,International Equities - Unhedged,IEQStock
0.001324512,CENCORA INC,Growth,International Shares,Global Shares,Global Shares,Health Care - 35,New York Stock Exchange Inc.,USD,United States,,World Large Blend Equity,International Equities - Unhedged,IEQStock
0.0014716800000000002,AGILENT TECHNOLOGIES INC,Growth,International Shares,Global Shares,Global Shares,Health Care - 35,New York Stock Exchange Inc.,USD,United States,,World Large Blend Equity,International Equities - Unhedged,IEQStock
0.001324512,KINDER MORGAN INC,Growth,International Shares,Global Shares,Global Shares,Energy - 10,New York Stock Exchange Inc.,USD,United States,,World Large Blend Equity,International Equities - Unhedged,IEQStock
0.001177344,REPUBLIC SERVICES INC,Growth,International Shares,Global Shares,Global Shares,Industrials - 20,New York Stock Exchange Inc.,USD,United States,,World Large Blend Equity,International Equities - Unhedged,IEQStock
0.001177344,DUPONT DE NEMOURS INC,Growth,International Shares,Global Shares,Global Shares,Materials - 15,New York Stock Exchange Inc.,USD,United States,,World Large Blend Equity,International Equities - Unhedged,IEQStock
0.001177344,GARTNER INC,Growth,International Shares,Global Shares,Global Shares,Information Technology - 45,New York Stock Exchange Inc.,USD,United States,,World Large Blend Equity,International Equities - Unhedged,IEQStock
0.001324512,CUMMINS INC,Growth,International Shares,Global Shares,Global Shares,Industrials - 20,New York Stock Exchange Inc.,USD,United States,,World Large Blend Equity,International Equities - Unhedged,IEQStock
0.001177344,PUBLIC SERVICE ENTERPRISE GROUP IN,Growth,International Shares,Global Shares,Global Shares,Utilities - 55,New York Stock Exchange Inc.,USD,United States,,World Large Blend Equity,International Equities - Unhedged,IEQStock
0.001177344,CONSOLIDATED EDISON INC,Growth,International Shares,Global Shares,Global Shares,Utilities - 55,New York Stock Exchange Inc.,USD,United States,,World Large Blend Equity,International Equities - Unhedged,IEQStock
0.001324512,LENNAR A CORP,Growth,International Shares,Global Shares,Global Shares,Consumer Discretionary - 25,New York Stock Exchange Inc.,USD,United States,,World Large Blend Equity,International Equities - Unhedged,IEQStock
0.001324512,FIDELITY NATIONAL INFORMATION SERV,Growth,International Shares,Global Shares,Global Shares,Financials - 40,New York Stock Exchange Inc.,USD,United States,,World Large Blend Equity,International Equities - Unhedged,IEQStock
0.001324512,PPG INDUSTRIES INC,Growth,International Shares,Global Shares,Global Shares,Materials - 15,New York Stock Exchange Inc.,USD,United States,,World Large Blend Equity,International Equities - Unhedged,IEQStock
0.001324512,UNITED RENTALS INC,Growth,International Shares,Global Shares,Global Shares,Industrials - 20,New York Stock Exchange Inc.,USD,United States,,World Large Blend Equity,International Equities - Unhedged,IEQStock
0.001177344,KROGER,Growth,International Shares,Global Shares,Global Shares,Consumer Staples - 30,New York Stock Exchange Inc.,USD,United States,,World Large Blend Equity,International Equities - Unhedged,IEQStock
0.001324512,ROCKWELL AUTOMATION INC,Growth,International Shares,Global Shares,Global Shares,Industrials - 20,New York Stock Exchange Inc.,USD,United States,,World Large Blend Equity,International Equities - Unhedged,IEQStock
0.001177344,VICI PPTYS INC,Growth,International Shares,Global Shares,Global Shares,Real Estate - 60,New York Stock Exchange Inc.,USD,United States,,World Large Blend Equity,International Equities - Unhedged,IEQStock
0.001030176,DEVON ENERGY CORP,Growth,International Shares,Global Shares,Global Shares,Energy - 10,New York Stock Exchange Inc.,USD,United States,,World Large Blend Equity,International Equities - Unhedged,IEQStock
0.001324512,PRUDENTIAL PLC,Growth,International Shares,Global Shares,Global Shares,Financials - 40,New York Stock Exchange Inc.,USD,United States,,World Large Blend Equity,International Equities - Unhedged,IEQStock
0.001324512,GLOBAL PAYMENTS INC,Growth,International Shares,Global Shares,Global Shares,Financials - 40,New York Stock Exchange Inc.,USD,United States,,World Large Blend Equity,International Equities - Unhedged,IEQStock
0.001030176,HERSHEY FOODS,Growth,International Shares,Global Shares,Global Shares,Consumer Staples - 30,New York Stock Exchange Inc.,USD,United States,,World Large Blend Equity,International Equities - Unhedged,IEQStock
0.001030176,VULCAN MATERIALS,Growth,International Shares,Global Shares,Global Shares,Materials - 15,New York Stock Exchange Inc.,USD,United States,,World Large Blend Equity,International Equities - Unhedged,IEQStock
0.001177344,MARTIN MARIETTA MATERIALS INC,Growth,International Shares,Global Shares,Global Shares,Materials - 15,New York Stock Exchange Inc.,USD,United States,,World Large Blend Equity,International Equities - Unhedged,IEQStock
0.001177344,INGERSOLL RAND INC,Growth,International Shares,Global Shares,Global Shares,Industrials - 20,New York Stock Exchange Inc.,USD,United States,,World Large Blend Equity,International Equities - Unhedged,IEQStock
0.000883008,CARDINAL HEALTH INC,Growth,International Shares,Global Shares,Global Shares,Health Care - 35,New York Stock Exchange Inc.,USD,United States,,World Large Blend Equity,International Equities - Unhedged,IEQStock
0.001030176,WEC ENERGY GROUP INC,Growth,International Shares,Global Shares,Global Shares,Utilities - 55,New York Stock Exchange Inc.,USD,United States,,World Large Blend Equity,International Equities - Unhedged,IEQStock
0.004562208,TELUS CORP,Growth,International Shares,Global Shares,Global Shares,Communication Services - 50,New York Stock Exchange Inc.,USD,United States,,World Large Blend Equity,International Equities - Unhedged,IEQStock
0.000883008,AMERICAN WATER WORKS INC,Growth,International Shares,Global Shares,Global Shares,Utilities - 55,New York Stock Exchange Inc.,USD,United States,,World Large Blend Equity,International Equities - Unhedged,IEQStock
0.000883008,WEST PHARMACEUTICAL SERVICES INC,Growth,International Shares,Global Shares,Global Shares,Health Care - 35,New York Stock Exchange Inc.,USD,United States,,World Large Blend Equity,International Equities - Unhedged,IEQStock
0.001030176,EDISON INTERNATIONAL,Growth,International Shares,Global Shares,Global Shares,Utilities - 55,New York Stock Exchange Inc.,USD,United States,,World Large Blend Equity,International Equities - Unhedged,IEQStock
0.001030176,QUANTA SERVICES INC,Growth,International Shares,Global Shares,Global Shares,Industrials - 20,New York Stock Exchange Inc.,USD,United States,,World Large Blend Equity,International Equities - Unhedged,IEQStock
0.001030176,AVALONBAY COMMUNITIES REIT INC,Growth,International Shares,Global Shares,Global Shares,Real Estate - 60,New York Stock Exchange Inc.,USD,United States,,World Large Blend Equity,International Equities - Unhedged,IEQStock
0.001030176,HP INC,Growth,International Shares,Global Shares,Global Shares,Information Technology - 45,New York Stock Exchange Inc.,USD,United States,,World Large Blend Equity,International Equities - Unhedged,IEQStock
0.000883008,LYONDELLBASELL INDUSTRIES NV CLASS,Growth,International Shares,Global Shares,Global Shares,Materials - 15,New York Stock Exchange Inc.,USD,United States,,World Large Blend Equity,International Equities - Unhedged,IEQStock
0.001030176,FAIR ISAAC CORP,Growth,International Shares,Global Shares,Global Shares,Information Technology - 45,New York Stock Exchange Inc.,USD,United States,,World Large Blend Equity,International Equities - Unhedged,IEQStock
0.001030176,XYLEM INC,Growth,International Shares,Global Shares,Global Shares,Industrials - 20,New York Stock Exchange Inc.,USD,United States,,World Large Blend Equity,International Equities - Unhedged,IEQStock
0.001030176,CBRE GROUP INC CLASS A,Growth,International Shares,Global Shares,Global Shares,Real Estate - 60,New York Stock Exchange Inc.,USD,United States,,World Large Blend Equity,International Equities - Unhedged,IEQStock
0.000883008,FORTIVE CORP,Growth,International Shares,Global Shares,Global Shares,Industrials - 20,New York Stock Exchange Inc.,USD,United States,,World Large Blend Equity,International Equities - Unhedged,IEQStock
0.000883008,METTLER TOLEDO INC,Growth,International Shares,Global Shares,Global Shares,Health Care - 35,New York Stock Exchange Inc.,USD,United States,,World Large Blend Equity,International Equities - Unhedged,IEQStock
0.001177344,EXTRA SPACE STORAGE REIT INC,Growth,International Shares,Global Shares,Global Shares,Real Estate - 60,New York Stock Exchange Inc.,USD,United States,,World Large Blend Equity,International Equities - Unhedged,IEQStock
0.000883008,HARTFORD FINANCIAL SERVICES GROUP,Growth,International Shares,Global Shares,Global Shares,Financials - 40,New York Stock Exchange Inc.,USD,United States,,World Large Blend Equity,International Equities - Unhedged,IEQStock
0.001177344,EQUIFAX INC,Growth,International Shares,Global Shares,Global Shares,Industrials - 20,New York Stock Exchange Inc.,USD,United States,,World Large Blend Equity,International Equities - Unhedged,IEQStock
0.001030176,KEYSIGHT TECHNOLOGIES INC,Growth,International Shares,Global Shares,Global Shares,Information Technology - 45,New York Stock Exchange Inc.,USD,United States,,World Large Blend Equity,International Equities - Unhedged,IEQStock
0.000883008,WEYERHAEUSER REIT,Growth,International Shares,Global Shares,Global Shares,Real Estate - 60,New York Stock Exchange Inc.,USD,United States,,World Large Blend Equity,International Equities - Unhedged,IEQStock
0.000883008,ZIMMER BIOMET HOLDINGS INC,Growth,International Shares,Global Shares,Global Shares,Health Care - 35,New York Stock Exchange Inc.,USD,United States,,World Large Blend Equity,International Equities - Unhedged,IEQStock
0.001030176,ROYAL CARIBBEAN GROUP LTD,Growth,International Shares,Global Shares,Global Shares,Consumer Discretionary - 25,New York Stock Exchange Inc.,USD,United States,,World Large Blend Equity,International Equities - Unhedged,IEQStock
0.000883008,CHURCH AND DWIGHT INC,Growth,International Shares,Global Shares,Global Shares,Consumer Staples - 30,New York Stock Exchange Inc.,USD,United States,,World Large Blend Equity,International Equities - Unhedged,IEQStock
0.0007358400000000001,STERIS,Growth,International Shares,Global Shares,Global Shares,Health Care - 35,New York Stock Exchange Inc.,USD,United States,,World Large Blend Equity,International Equities - Unhedged,IEQStock
0.001030176,DELTA AIR LINES INC,Growth,International Shares,Global Shares,Global Shares,Industrials - 20,New York Stock Exchange Inc.,USD,United States,,World Large Blend Equity,International Equities - Unhedged,IEQStock
0.002575482,Bank Account,Defensive,Cash,Cash,Cash,ASXStock,Cash,Cash,Bank Account,Cash,Domestic Cash,Cash,ASXStock
0.0044151120000000005,FUJITSU LTD,Growth,International Shares,Global Shares,Global Shares,Information Technology - 45,Tokyo Stock Exchange,JPY,Japan,,World Large Blend Equity,International Equities - Unhedged,IEQStock
0.0038632230000000003,SUMITOMO CORP,Growth,International Shares,Global Shares,Global Shares,Industrials - 20,Tokyo Stock Exchange,JPY,Japan,,World Large Blend Equity,International Equities - Unhedged,IEQStock
0.003985865000000001,BRIDGESTONE CORP,Growth,International Shares,Global Shares,Global Shares,Consumer Discretionary - 25,Tokyo Stock Exchange,JPY,Japan,,World Large Blend Equity,International Equities - Unhedged,IEQStock
0.0038632230000000003,MARUBENI CORP,Growth,International Shares,Global Shares,Global Shares,Industrials - 20,Tokyo Stock Exchange,JPY,Japan,,World Large Blend Equity,International Equities - Unhedged,IEQStock
0.004169828,KOMATSU LTD,Growth,International Shares,Global Shares,Global Shares,Industrials - 20,Tokyo Stock Exchange,JPY,Japan,,World Large Blend Equity,International Equities - Unhedged,IEQStock
0.003740581,ASTELLAS PHARMA INC,Growth,International Shares,Global Shares,Global Shares,Health Care - 35,Tokyo Stock Exchange,JPY,Japan,,World Large Blend Equity,International Equities - Unhedged,IEQStock
0.004231149,ADVANTEST CORP,Growth,International Shares,Global Shares,Global Shares,Information Technology - 45,Tokyo Stock Exchange,JPY,Japan,,World Large Blend Equity,International Equities - Unhedged,IEQStock
0.003740581,FUJIFILM HOLDINGS CORP,Growth,International Shares,Global Shares,Global Shares,Information Technology - 45,Tokyo Stock Exchange,JPY,Japan,,World Large Blend Equity,International Equities - Unhedged,IEQStock
0.0042924700000000005,CHUGAI PHARMACEUTICAL LTD,Growth,International Shares,Global Shares,Global Shares,Health Care - 35,Tokyo Stock Exchange,JPY,Japan,,World Large Blend Equity,International Equities - Unhedged,IEQStock
0.0038019020000000002,ORIX CORP,Growth,International Shares,Global Shares,Global Shares,Financials - 40,Tokyo Stock Exchange,JPY,Japan,,World Large Blend Equity,International Equities - Unhedged,IEQStock
0.003740581,PANASONIC HOLDINGS CORP,Growth,International Shares,Global Shares,Global Shares,Consumer Discretionary - 25,Tokyo Stock Exchange,JPY,Japan,,World Large Blend Equity,International Equities - Unhedged,IEQStock
0.003740581,MITSUI FUDOSAN LTD,Growth,International Shares,Global Shares,Global Shares,Real Estate - 60,Tokyo Stock Exchange,JPY,Japan,,World Large Blend Equity,International Equities - Unhedged,IEQStock
0.0032500130000000004,JAPAN POST HOLDINGS LTD,Growth,International Shares,Global Shares,Global Shares,Financials - 40,Tokyo Stock Exchange,JPY,Japan,,World Large Blend Equity,International Equities - Unhedged,IEQStock
0.0034339760000000005,DAI-ICHI LIFE HOLDINGS INC,Growth,International Shares,Global Shares,Global Shares,Financials - 40,Tokyo Stock Exchange,JPY,Japan,,World Large Blend Equity,International Equities - Unhedged,IEQStock
0.004108507000000001,RENESAS ELECTRONICS CORP,Growth,International Shares,Global Shares,Global Shares,Information Technology - 45,Tokyo Stock Exchange,JPY,Japan,,World Large Blend Equity,International Equities - Unhedged,IEQStock
0.00367926,TERUMO CORP,Growth,International Shares,Global Shares,Global Shares,Health Care - 35,Tokyo Stock Exchange,JPY,Japan,,World Large Blend Equity,International Equities - Unhedged,IEQStock
0.0034339760000000005,NIPPON STEEL CORP,Growth,International Shares,Global Shares,Global Shares,Materials - 15,Tokyo Stock Exchange,JPY,Japan,,World Large Blend Equity,International Equities - Unhedged,IEQStock
0.0030660500000000003,ASAHI GROUP HOLDINGS LTD,Growth,International Shares,Global Shares,Global Shares,Consumer Staples - 30,Tokyo Stock Exchange,JPY,Japan,,World Large Blend Equity,International Equities - Unhedged,IEQStock
0.003556618,DISCO CORP,Growth,International Shares,Global Shares,Global Shares,Information Technology - 45,Tokyo Stock Exchange,JPY,Japan,,World Large Blend Equity,International Equities - Unhedged,IEQStock
0.0032500130000000004,MITSUBISHI HEAVY INDUSTRIES LTD,Growth,International Shares,Global Shares,Global Shares,Industrials - 20,Tokyo Stock Exchange,JPY,Japan,,World Large Blend Equity,International Equities - Unhedged,IEQStock
0.002882087,OLYMPUS CORP,Growth,International Shares,Global Shares,Global Shares,Health Care - 35,Tokyo Stock Exchange,JPY,Japan,,World Large Blend Equity,International Equities - Unhedged,IEQStock
0.0031886920000000003,KAO CORP,Growth,International Shares,Global Shares,Global Shares,Consumer Staples - 30,Tokyo Stock Exchange,JPY,Japan,,World Large Blend Equity,International Equities - Unhedged,IEQStock
0.0031273710000000003,KYOCERA CORP,Growth,International Shares,Global Shares,Global Shares,Information Technology - 45,Tokyo Stock Exchange,JPY,Japan,,World Large Blend Equity,International Equities - Unhedged,IEQStock
0.0031273710000000003,DAIWA HOUSE INDUSTRY LTD,Growth,International Shares,Global Shares,Global Shares,Real Estate - 60,Tokyo Stock Exchange,JPY,Japan,,World Large Blend Equity,International Equities - Unhedged,IEQStock
0.0031273710000000003,CENTRAL JAPAN RAILWAY,Growth,International Shares,Global Shares,Global Shares,Industrials - 20,Tokyo Stock Exchange,JPY,Japan,,World Large Blend Equity,International Equities - Unhedged,IEQStock
0.002882087,AJINOMOTO INC,Growth,International Shares,Global Shares,Global Shares,Consumer Staples - 30,Tokyo Stock Exchange,JPY,Japan,,World Large Blend Equity,International Equities - Unhedged,IEQStock
0.002882087,MS&AD INSURANCE GROUP HOLDINGS INC,Growth,International Shares,Global Shares,Global Shares,Financials - 40,Tokyo Stock Exchange,JPY,Japan,,World Large Blend Equity,International Equities - Unhedged,IEQStock
0.0028207660000000006,NIDEC CORP,Growth,International Shares,Global Shares,Global Shares,Industrials - 20,Tokyo Stock Exchange,JPY,Japan,,World Large Blend Equity,International Equities - Unhedged,IEQStock
0.0029434080000000002,EAST JAPAN RAILWAY,Growth,International Shares,Global Shares,Global Shares,Industrials - 20,Tokyo Stock Exchange,JPY,Japan,,World Large Blend Equity,International Equities - Unhedged,IEQStock
0.0029434080000000002,TDK CORP,Growth,International Shares,Global Shares,Global Shares,Information Technology - 45,Tokyo Stock Exchange,JPY,Japan,,World Large Blend Equity,International Equities - Unhedged,IEQStock
0.002636803,SUZUKI MOTOR CORP,Growth,International Shares,Global Shares,Global Shares,Consumer Discretionary - 25,Tokyo Stock Exchange,JPY,Japan,,World Large Blend Equity,International Equities - Unhedged,IEQStock
0.002636803,MITSUBISHI ESTATE CO LTD,Growth,International Shares,Global Shares,Global Shares,Real Estate - 60,Tokyo Stock Exchange,JPY,Japan,,World Large Blend Equity,International Equities - Unhedged,IEQStock
0.002575482,SECOM LTD,Growth,International Shares,Global Shares,Global Shares,Industrials - 20,Tokyo Stock Exchange,JPY,Japan,,World Large Blend Equity,International Equities - Unhedged,IEQStock
0.002514161,KUBOTA CORP,Growth,International Shares,Global Shares,Global Shares,Industrials - 20,Tokyo Stock Exchange,JPY,Japan,,World Large Blend Equity,International Equities - Unhedged,IEQStock
0.0024528400000000004,UNICHARM CORP,Growth,International Shares,Global Shares,Global Shares,Consumer Staples - 30,Tokyo Stock Exchange,JPY,Japan,,World Large Blend Equity,International Equities - Unhedged,IEQStock
0.0030047290000000003,LASERTEC CORP,Growth,International Shares,Global Shares,Global Shares,Information Technology - 45,Tokyo Stock Exchange,JPY,Japan,,World Large Blend Equity,International Equities - Unhedged,IEQStock
0.002514161,AEON LTD,Growth,International Shares,Global Shares,Global Shares,Consumer Staples - 30,Tokyo Stock Exchange,JPY,Japan,,World Large Blend Equity,International Equities - Unhedged,IEQStock
0.002759445,OTSUKA HOLDINGS LTD,Growth,International Shares,Global Shares,Global Shares,Health Care - 35,Tokyo Stock Exchange,JPY,Japan,,World Large Blend Equity,International Equities - Unhedged,IEQStock
0.0022688770000000003,INPEX CORP,Growth,International Shares,Global Shares,Global Shares,Energy - 10,Tokyo Stock Exchange,JPY,Japan,,World Large Blend Equity,International Equities - Unhedged,IEQStock
0.0024528400000000004,JAPAN POST BANK LTD,Growth,International Shares,Global Shares,Global Shares,Financials - 40,Tokyo Stock Exchange,JPY,Japan,,World Large Blend Equity,International Equities - Unhedged,IEQStock
0.0021462350000000002,EISAI LTD,Growth,International Shares,Global Shares,Global Shares,Health Care - 35,Tokyo Stock Exchange,JPY,Japan,,World Large Blend Equity,International Equities - Unhedged,IEQStock
0.001962272,SHISEIDO LTD,Growth,International Shares,Global Shares,Global Shares,Consumer Staples - 30,Tokyo Stock Exchange,JPY,Japan,,World Large Blend Equity,International Equities - Unhedged,IEQStock
0.002023593,BANDAI NAMCO HOLDINGS INC,Growth,International Shares,Global Shares,Global Shares,Consumer Discretionary - 25,Tokyo Stock Exchange,JPY,Japan,,World Large Blend Equity,International Equities - Unhedged,IEQStock
0.0024528400000000004,SOMPO HOLDINGS INC,Growth,International Shares,Global Shares,Global Shares,Financials - 40,Tokyo Stock Exchange,JPY,Japan,,World Large Blend Equity,International Equities - Unhedged,IEQStock
0.0022075560000000003,TOYOTA TSUSHO CORP,Growth,International Shares,Global Shares,Global Shares,Industrials - 20,Tokyo Stock Exchange,JPY,Japan,,World Large Blend Equity,International Equities - Unhedged,IEQStock
0.0021462350000000002,SHIONOGI LTD,Growth,International Shares,Global Shares,Global Shares,Health Care - 35,Tokyo Stock Exchange,JPY,Japan,,World Large Blend Equity,International Equities - Unhedged,IEQStock
0.0023915190000000004,NOMURA HOLDINGS INC,Growth,International Shares,Global Shares,Global Shares,Financials - 40,Tokyo Stock Exchange,JPY,Japan,,World Large Blend Equity,International Equities - Unhedged,IEQStock
0.0022075560000000003,SUMITOMO MITSUI TRUST HOLDINGS INC,Growth,International Shares,Global Shares,Global Shares,Financials - 40,Tokyo Stock Exchange,JPY,Japan,,World Large Blend Equity,International Equities - Unhedged,IEQStock
0.0022688770000000003,SEKISUI HOUSE LTD,Growth,International Shares,Global Shares,Global Shares,Consumer Discretionary - 25,Tokyo Stock Exchange,JPY,Japan,,World Large Blend Equity,International Equities - Unhedged,IEQStock
0.0023915190000000004,NEC CORP,Growth,International Shares,Global Shares,Global Shares,Information Technology - 45,Tokyo Stock Exchange,JPY,Japan,,World Large Blend Equity,International Equities - Unhedged,IEQStock
0.001962272,SHIMANO INC,Growth,International Shares,Global Shares,Global Shares,Consumer Discretionary - 25,Tokyo Stock Exchange,JPY,Japan,,World Large Blend Equity,International Equities - Unhedged,IEQStock
0.002023593,TOYOTA INDUSTRIES CORP,Growth,International Shares,Global Shares,Global Shares,Industrials - 20,Tokyo Stock Exchange,JPY,Japan,,World Large Blend Equity,International Equities - Unhedged,IEQStock
0.002698124,NIPPON YUSEN,Growth,International Shares,Global Shares,Global Shares,Industrials - 20,Tokyo Stock Exchange,JPY,Japan,,World Large Blend Equity,International Equities - Unhedged,IEQStock
0.0019009510000000001,RESONA HOLDINGS INC,Growth,International Shares,Global Shares,Global Shares,Financials - 40,Tokyo Stock Exchange,JPY,Japan,,World Large Blend Equity,International Equities - Unhedged,IEQStock
0.0019009510000000001,KIRIN HOLDINGS LTD,Growth,International Shares,Global Shares,Global Shares,Consumer Staples - 30,Tokyo Stock Exchange,JPY,Japan,,World Large Blend Equity,International Equities - Unhedged,IEQStock
0.002023593,SUBARU CORP,Growth,International Shares,Global Shares,Global Shares,Consumer Discretionary - 25,Tokyo Stock Exchange,JPY,Japan,,World Large Blend Equity,International Equities - Unhedged,IEQStock
0.002023593,ENEOS HOLDINGS INC,Growth,International Shares,Global Shares,Global Shares,Energy - 10,Tokyo Stock Exchange,JPY,Japan,,World Large Blend Equity,International Equities - Unhedged,IEQStock
0.0019009510000000001,NOMURA RESEARCH INSTITUTE LTD,Growth,International Shares,Global Shares,Global Shares,Information Technology - 45,Tokyo Stock Exchange,JPY,Japan,,World Large Blend Equity,International Equities - Unhedged,IEQStock
0.001778309,JAPAN EXCHANGE GROUP INC,Growth,International Shares,Global Shares,Global Shares,Financials - 40,Tokyo Stock Exchange,JPY,Japan,,World Large Blend Equity,International Equities - Unhedged,IEQStock
0.001962272,OBIC LTD,Growth,International Shares,Global Shares,Global Shares,Information Technology - 45,Tokyo Stock Exchange,JPY,Japan,,World Large Blend Equity,International Equities - Unhedged,IEQStock
0.00183963,NITTO DENKO CORP,Growth,International Shares,Global Shares,Global Shares,Materials - 15,Tokyo Stock Exchange,JPY,Japan,,World Large Blend Equity,International Equities - Unhedged,IEQStock
0.0015330250000000001,NISSAN MOTOR LTD,Growth,International Shares,Global Shares,Global Shares,Consumer Discretionary - 25,Tokyo Stock Exchange,JPY,Japan,,World Large Blend Equity,International Equities - Unhedged,IEQStock
0.0015943460000000002,KANSAI ELECTRIC POWER INC,Growth,International Shares,Global Shares,Global Shares,Utilities - 55,Tokyo Stock Exchange,JPY,Japan,,World Large Blend Equity,International Equities - Unhedged,IEQStock
0.0014717040000000001,TOKYO GAS LTD,Growth,International Shares,Global Shares,Global Shares,Utilities - 55,Tokyo Stock Exchange,JPY,Japan,,World Large Blend Equity,International Equities - Unhedged,IEQStock
0.001962272,MITSUI OSK LINES LTD,Growth,International Shares,Global Shares,Global Shares,Industrials - 20,Tokyo Stock Exchange,JPY,Japan,,World Large Blend Equity,International Equities - Unhedged,IEQStock
0.001349062,T&D HOLDINGS INC,Growth,International Shares,Global Shares,Global Shares,Financials - 40,Tokyo Stock Exchange,JPY,Japan,,World Large Blend Equity,International Equities - Unhedged,IEQStock
0.0015330250000000001,SUMITOMO ELECTRIC INDUSTRIES LTD,Growth,International Shares,Global Shares,Global Shares,Consumer Discretionary - 25,Tokyo Stock Exchange,JPY,Japan,,World Large Blend Equity,International Equities - Unhedged,IEQStock
0.0016556670000000002,NITORI HOLDINGS LTD,Growth,International Shares,Global Shares,Global Shares,Consumer Discretionary - 25,Tokyo Stock Exchange,JPY,Japan,,World Large Blend Equity,International Equities - Unhedged,IEQStock
0.0014103830000000003,KIKKOMAN CORP,Growth,International Shares,Global Shares,Global Shares,Consumer Staples - 30,Tokyo Stock Exchange,JPY,Japan,,World Large Blend Equity,International Equities - Unhedged,IEQStock
0.0015943460000000002,WEST JAPAN RAILWAY,Growth,International Shares,Global Shares,Global Shares,Industrials - 20,Tokyo Stock Exchange,JPY,Japan,,World Large Blend Equity,International Equities - Unhedged,IEQStock
0.0015943460000000002,YASKAWA ELECTRIC CORP,Growth,International Shares,Global Shares,Global Shares,Industrials - 20,Tokyo Stock Exchange,JPY,Japan,,World Large Blend Equity,International Equities - Unhedged,IEQStock
0.0015943460000000002,DAIWA SECURITIES GROUP INC,Growth,International Shares,Global Shares,Global Shares,Financials - 40,Tokyo Stock Exchange,JPY,Japan,,World Large Blend Equity,International Equities - Unhedged,IEQStock
0.0015330250000000001,SYSMEX CORP,Growth,International Shares,Global Shares,Global Shares,Health Care - 35,Tokyo Stock Exchange,JPY,Japan,,World Large Blend Equity,International Equities - Unhedged,IEQStock
0.0015943460000000002,ASAHI KASEI CORP,Growth,International Shares,Global Shares,Global Shares,Materials - 15,Tokyo Stock Exchange,JPY,Japan,,World Large Blend Equity,International Equities - Unhedged,IEQStock
0.001349062,MITSUBISHI CHEMICAL GROUP CORP,Growth,International Shares,Global Shares,Global Shares,Materials - 15,Tokyo Stock Exchange,JPY,Japan,,World Large Blend Equity,International Equities - Unhedged,IEQStock
0.0014717040000000001,CHUBU ELECTRIC POWER INC,Growth,International Shares,Global Shares,Global Shares,Utilities - 55,Tokyo Stock Exchange,JPY,Japan,,World Large Blend Equity,International Equities - Unhedged,IEQStock
0.0014717040000000001,PAN PACIFIC INTERNATIONAL HOLDINGS,Growth,International Shares,Global Shares,Global Shares,Consumer Discretionary - 25,Tokyo Stock Exchange,JPY,Japan,,World Large Blend Equity,International Equities - Unhedged,IEQStock
0.001349062,YAMAHA MOTOR LTD,Growth,International Shares,Global Shares,Global Shares,Consumer Discretionary - 25,Tokyo Stock Exchange,JPY,Japan,,World Large Blend Equity,International Equities - Unhedged,IEQStock
0.0014717040000000001,NTT DATA GROUP CORP,Growth,International Shares,Global Shares,Global Shares,Information Technology - 45,Tokyo Stock Exchange,JPY,Japan,,World Large Blend Equity,International Equities - Unhedged,IEQStock
0.0014717040000000001,SUMITOMO REALTY & DEVELOPMENT LTD,Growth,International Shares,Global Shares,Global Shares,Real Estate - 60,Tokyo Stock Exchange,JPY,Japan,,World Large Blend Equity,International Equities - Unhedged,IEQStock
0.0015330250000000001,LY CORP,Growth,International Shares,Global Shares,Global Shares,Communication Services - 50,Tokyo Stock Exchange,JPY,Japan,,World Large Blend Equity,International Equities - Unhedged,IEQStock
0.0011650990000000002,M3 INC,Growth,International Shares,Global Shares,Global Shares,Health Care - 35,Tokyo Stock Exchange,JPY,Japan,,World Large Blend Equity,International Equities - Unhedged,IEQStock
0.0012264200000000002,HANKYU HANSHIN HOLDINGS INC,Growth,International Shares,Global Shares,Global Shares,Industrials - 20,Tokyo Stock Exchange,JPY,Japan,,World Large Blend Equity,International Equities - Unhedged,IEQStock
0.0012264200000000002,SUMITOMO METAL MINING LTD,Growth,International Shares,Global Shares,Global Shares,Materials - 15,Tokyo Stock Exchange,JPY,Japan,,World Large Blend Equity,International Equities - Unhedged,IEQStock
0.0012264200000000002,TORAY INDUSTRIES INC,Growth,International Shares,Global Shares,Global Shares,Materials - 15,Tokyo Stock Exchange,JPY,Japan,,World Large Blend Equity,International Equities - Unhedged,IEQStock
0.001349062,OSAKA GAS LTD,Growth,International Shares,Global Shares,Global Shares,Utilities - 55,Tokyo Stock Exchange,JPY,Japan,,World Large Blend Equity,International Equities - Unhedged,IEQStock
0.0012264200000000002,KAJIMA CORP,Growth,International Shares,Global Shares,Global Shares,Industrials - 20,Tokyo Stock Exchange,JPY,Japan,,World Large Blend Equity,International Equities - Unhedged,IEQStock
0.0015943460000000002,JFE HOLDINGS INC,Growth,International Shares,Global Shares,Global Shares,Materials - 15,Tokyo Stock Exchange,JPY,Japan,,World Large Blend Equity,International Equities - Unhedged,IEQStock
0.001287741,OMRON CORP,Growth,International Shares,Global Shares,Global Shares,Information Technology - 45,Tokyo Stock Exchange,JPY,Japan,,World Large Blend Equity,International Equities - Unhedged,IEQStock
0.001349062,TOKYO ELECTRIC POWER HOLDINGS INC,Growth,International Shares,Global Shares,Global Shares,Utilities - 55,Tokyo Stock Exchange,JPY,Japan,,World Large Blend Equity,International Equities - Unhedged,IEQStock
0.0012264200000000002,ONO PHARMACEUTICAL LTD,Growth,International Shares,Global Shares,Global Shares,Health Care - 35,Tokyo Stock Exchange,JPY,Japan,,World Large Blend Equity,International Equities - Unhedged,IEQStock
0.001287741,ISUZU MOTORS LTD,Growth,International Shares,Global Shares,Global Shares,Consumer Discretionary - 25,Tokyo Stock Exchange,JPY,Japan,,World Large Blend Equity,International Equities - Unhedged,IEQStock
0.0012264200000000002,AGC INC,Growth,International Shares,Global Shares,Global Shares,Industrials - 20,Tokyo Stock Exchange,JPY,Japan,,World Large Blend Equity,International Equities - Unhedged,IEQStock
0.0012264200000000002,DAITO TRUST CONSTRUCTION LTD,Growth,International Shares,Global Shares,Global Shares,Real Estate - 60,Tokyo Stock Exchange,JPY,Japan,,World Large Blend Equity,International Equities - Unhedged,IEQStock
0.0011037780000000001,NEXON LTD,Growth,International Shares,Global Shares,Global Shares,Communication Services - 50,Tokyo Stock Exchange,JPY,Japan,,World Large Blend Equity,International Equities - Unhedged,IEQStock
0.001287741,NIPPON PAINT HOLDINGS LTD,Growth,International Shares,Global Shares,Global Shares,Materials - 15,Tokyo Stock Exchange,JPY,Japan,,World Large Blend Equity,International Equities - Unhedged,IEQStock
0.0012264200000000002,MINEBEA MITSUMI INC,Growth,International Shares,Global Shares,Global Shares,Industrials - 20,Tokyo Stock Exchange,JPY,Japan,,World Large Blend Equity,International Equities - Unhedged,IEQStock
0.000981136,YAKULT HONSHA LTD,Growth,International Shares,Global Shares,Global Shares,Consumer Staples - 30,Tokyo Stock Exchange,JPY,Japan,,World Large Blend Equity,International Equities - Unhedged,IEQStock
0.0011037780000000001,NIPPON BUILDING FUND REIT INC,Growth,International Shares,Global Shares,Global Shares,Real Estate - 60,Tokyo Stock Exchange,JPY,Japan,,World Large Blend Equity,International Equities - Unhedged,IEQStock
0.0008584940000000001,DENTSU GROUP INC,Growth,International Shares,Global Shares,Global Shares,Communication Services - 50,Tokyo Stock Exchange,JPY,Japan,,World Large Blend Equity,International Equities - Unhedged,IEQStock
0.0011037780000000001,SHIMADZU CORP,Growth,International Shares,Global Shares,Global Shares,Information Technology - 45,Tokyo Stock Exchange,JPY,Japan,,World Large Blend Equity,International Equities - Unhedged,IEQStock
0.001042457,ROHM LTD,Growth,International Shares,Global Shares,Global Shares,Information Technology - 45,Tokyo Stock Exchange,JPY,Japan,,World Large Blend Equity,International Equities - Unhedged,IEQStock
0.000981136,CAPCOM LTD,Growth,International Shares,Global Shares,Global Shares,Communication Services - 50,Tokyo Stock Exchange,JPY,Japan,,World Large Blend Equity,International Equities - Unhedged,IEQStock
0.000981136,TAISEI CORP,Growth,International Shares,Global Shares,Global Shares,Industrials - 20,Tokyo Stock Exchange,JPY,Japan,,World Large Blend Equity,International Equities - Unhedged,IEQStock
0.000981136,DAI NIPPON PRINTING LTD,Growth,International Shares,Global Shares,Global Shares,Industrials - 20,Tokyo Stock Exchange,JPY,Japan,,World Large Blend Equity,International Equities - Unhedged,IEQStock
0.001042457,MATSUKIYOKARA,Growth,International Shares,Global Shares,Global Shares,Consumer Staples - 30,Tokyo Stock Exchange,JPY,Japan,,World Large Blend Equity,International Equities - Unhedged,IEQStock
0.000919815,MEIJI HOLDINGS LTD,Growth,International Shares,Global Shares,Global Shares,Consumer Staples - 30,Tokyo Stock Exchange,JPY,Japan,,World Large Blend Equity,International Equities - Unhedged,IEQStock
0.000981136,MAKITA CORP,Growth,International Shares,Global Shares,Global Shares,Industrials - 20,Tokyo Stock Exchange,JPY,Japan,,World Large Blend Equity,International Equities - Unhedged,IEQStock
0.0011037780000000001,MAZDA MOTOR CORP,Growth,International Shares,Global Shares,Global Shares,Consumer Discretionary - 25,Tokyo Stock Exchange,JPY,Japan,,World Large Blend Equity,International Equities - Unhedged,IEQStock
0.001042457,TOKYU CORP,Growth,International Shares,Global Shares,Global Shares,Industrials - 20,Tokyo Stock Exchange,JPY,Japan,,World Large Blend Equity,International Equities - Unhedged,IEQStock
0.0011650990000000002,RAKUTEN GROUP INC,Growth,International Shares,Global Shares,Global Shares,Consumer Discretionary - 25,Tokyo Stock Exchange,JPY,Japan,,World Large Blend Equity,International Equities - Unhedged,IEQStock
0.000981136,OBAYASHI CORP,Growth,International Shares,Global Shares,Global Shares,Industrials - 20,Tokyo Stock Exchange,JPY,Japan,,World Large Blend Equity,International Equities - Unhedged,IEQStock
0.0011650990000000002,TOPPAN HOLDINGS INC,Growth,International Shares,Global Shares,Global Shares,Industrials - 20,Tokyo Stock Exchange,JPY,Japan,,World Large Blend Equity,International Equities - Unhedged,IEQStock
0.0011650990000000002,NISSIN FOODS HOLDINGS LTD,Growth,International Shares,Global Shares,Global Shares,Consumer Staples - 30,Tokyo Stock Exchange,JPY,Japan,,World Large Blend Equity,International Equities - Unhedged,IEQStock
0.000919815,HAMAMATSU PHOTONICS,Growth,International Shares,Global Shares,Global Shares,Information Technology - 45,Tokyo Stock Exchange,JPY,Japan,,World Large Blend Equity,International Equities - Unhedged,IEQStock
0.000919815,AISIN CORP,Growth,International Shares,Global Shares,Global Shares,Consumer Discretionary - 25,Tokyo Stock Exchange,JPY,Japan,,World Large Blend Equity,International Equities - Unhedged,IEQStock
0.001042457,KEISEI ELECTRIC RAILWAY LTD,Growth,International Shares,Global Shares,Global Shares,Industrials - 20,Tokyo Stock Exchange,JPY,Japan,,World Large Blend Equity,International Equities - Unhedged,IEQStock
0.000981136,DAIFUKU LTD,Growth,International Shares,Global Shares,Global Shares,Industrials - 20,Tokyo Stock Exchange,JPY,Japan,,World Large Blend Equity,International Equities - Unhedged,IEQStock
0.000981136,SBI HOLDINGS INC,Growth,International Shares,Global Shares,Global Shares,Financials - 40,Tokyo Stock Exchange,JPY,Japan,,World Large Blend Equity,International Equities - Unhedged,IEQStock
0.000919815,MITSUBISHI HC CAPITAL INC,Growth,International Shares,Global Shares,Global Shares,Financials - 40,Tokyo Stock Exchange,JPY,Japan,,World Large Blend Equity,International Equities - Unhedged,IEQStock
0.0007971730000000001,NISSAN CHEMICAL CORP,Growth,International Shares,Global Shares,Global Shares,Materials - 15,Tokyo Stock Exchange,JPY,Japan,,World Large Blend Equity,International Equities - Unhedged,IEQStock
0.000919815,SEKISUI CHEMICAL LTD,Growth,International Shares,Global Shares,Global Shares,Consumer Discretionary - 25,Tokyo Stock Exchange,JPY,Japan,,World Large Blend Equity,International Equities - Unhedged,IEQStock
0.000919815,KONAMI GROUP CORP,Growth,International Shares,Global Shares,Global Shares,Communication Services - 50,Tokyo Stock Exchange,JPY,Japan,,World Large Blend Equity,International Equities - Unhedged,IEQStock
0.000919815,FUJI ELECTRIC LTD,Growth,International Shares,Global Shares,Global Shares,Industrials - 20,Tokyo Stock Exchange,JPY,Japan,,World Large Blend Equity,International Equities - Unhedged,IEQStock
0.0011650990000000002,TREND MICRO INC,Growth,International Shares,Global Shares,Global Shares,Information Technology - 45,Tokyo Stock Exchange,JPY,Japan,,World Large Blend Equity,International Equities - Unhedged,IEQStock
0.000981136,KINTETSU GROUP HOLDINGS LTD,Growth,International Shares,Global Shares,Global Shares,Industrials - 20,Tokyo Stock Exchange,JPY,Japan,,World Large Blend Equity,International Equities - Unhedged,IEQStock
0.000981136,IBIDEN LTD,Growth,International Shares,Global Shares,Global Shares,Information Technology - 45,Tokyo Stock Exchange,JPY,Japan,,World Large Blend Equity,International Equities - Unhedged,IEQStock
0.0007971730000000001,ZENSHO HOLDINGS LTD,Growth,International Shares,Global Shares,Global Shares,Consumer Discretionary - 25,Tokyo Stock Exchange,JPY,Japan,,World Large Blend Equity,International Equities - Unhedged,IEQStock
0.0008584940000000001,CONCORDIA FINANCIAL GROUP LTD,Growth,International Shares,Global Shares,Global Shares,Financials - 40,Tokyo Stock Exchange,JPY,Japan,,World Large Blend Equity,International Equities - Unhedged,IEQStock
0.0008584940000000001,JAPAN REAL ESTATE INVESTMENT TRUST,Growth,International Shares,Global Shares,Global Shares,Real Estate - 60,Tokyo Stock Exchange,JPY,Japan,,World Large Blend Equity,International Equities - Unhedged,IEQStock
0.0008584940000000001,TOBU RAILWAY LTD,Growth,International Shares,Global Shares,Global Shares,Industrials - 20,Tokyo Stock Exchange,JPY,Japan,,World Large Blend Equity,International Equities - Unhedged,IEQStock
0.0008584940000000001,SUMCO CORP,Growth,International Shares,Global Shares,Global Shares,Information Technology - 45,Tokyo Stock Exchange,JPY,Japan,,World Large Blend Equity,International Equities - Unhedged,IEQStock
0.0008584940000000001,NOMURA REAL ESTATE MASTER FUND REI,Growth,International Shares,Global Shares,Global Shares,Real Estate - 60,Tokyo Stock Exchange,JPY,Japan,,World Large Blend Equity,International Equities - Unhedged,IEQStock
0.0007971730000000001,MISUMI GROUP INC,Growth,International Shares,Global Shares,Global Shares,Industrials - 20,Tokyo Stock Exchange,JPY,Japan,,World Large Blend Equity,International Equities - Unhedged,IEQStock
0.0007971730000000001,NIPPON SANSO HOLDINGS CORP,Growth,International Shares,Global Shares,Global Shares,Materials - 15,Tokyo Stock Exchange,JPY,Japan,,World Large Blend Equity,International Equities - Unhedged,IEQStock
0.0007971730000000001,ODAKYU ELECTRIC RAILWAY LTD,Growth,International Shares,Global Shares,Global Shares,Industrials - 20,Tokyo Stock Exchange,JPY,Japan,,World Large Blend Equity,International Equities - Unhedged,IEQStock
0.0008584940000000001,JSR CORP,Growth,International Shares,Global Shares,Global Shares,Materials - 15,Tokyo Stock Exchange,JPY,Japan,,World Large Blend Equity,International Equities - Unhedged,IEQStock
0.0007358520000000001,RICOH LTD,Growth,International Shares,Global Shares,Global Shares,Information Technology - 45,Tokyo Stock Exchange,JPY,Japan,,World Large Blend Equity,International Equities - Unhedged,IEQStock
0.0008584940000000001,JAPAN METROPOLITAN FUND INVESTMENT,Growth,International Shares,Global Shares,Global Shares,Real Estate - 60,Tokyo Stock Exchange,JPY,Japan,,World Large Blend Equity,International Equities - Unhedged,IEQStock
0.0007971730000000001,KDX REALTY INVESTMENT CORP,Growth,International Shares,Global Shares,Global Shares,Real Estate - 60,Tokyo Stock Exchange,JPY,Japan,,World Large Blend Equity,International Equities - Unhedged,IEQStock
0.0007971730000000001,SG HOLDINGS LTD,Growth,International Shares,Global Shares,Global Shares,Industrials - 20,Tokyo Stock Exchange,JPY,Japan,,World Large Blend Equity,International Equities - Unhedged,IEQStock
0.0008584940000000001,MITSUI CHEMICALS INC,Growth,International Shares,Global Shares,Global Shares,Materials - 15,Tokyo Stock Exchange,JPY,Japan,,World Large Blend Equity,International Equities - Unhedged,IEQStock
0.0007971730000000001,YAMATO HOLDINGS LTD,Growth,International Shares,Global Shares,Global Shares,Industrials - 20,Tokyo Stock Exchange,JPY,Japan,,World Large Blend Equity,International Equities - Unhedged,IEQStock
0.0007358520000000001,OTSUKA CORP,Growth,International Shares,Global Shares,Global Shares,Information Technology - 45,Tokyo Stock Exchange,JPY,Japan,,World Large Blend Equity,International Equities - Unhedged,IEQStock
0.0007971730000000001,KYOWA KIRIN LTD,Growth,International Shares,Global Shares,Global Shares,Health Care - 35,Tokyo Stock Exchange,JPY,Japan,,World Large Blend Equity,International Equities - Unhedged,IEQStock
0.000919815,IDEMITSU KOSAN LTD,Growth,International Shares,Global Shares,Global Shares,Energy - 10,Tokyo Stock Exchange,JPY,Japan,,World Large Blend Equity,International Equities - Unhedged,IEQStock
0.0007971730000000001,TIS INC,Growth,International Shares,Global Shares,Global Shares,Information Technology - 45,Tokyo Stock Exchange,JPY,Japan,,World Large Blend Equity,International Equities - Unhedged,IEQStock
0.0007971730000000001,GLP J-REIT REIT,Growth,International Shares,Global Shares,Global Shares,Real Estate - 60,Tokyo Stock Exchange,JPY,Japan,,World Large Blend Equity,International Equities - Unhedged,IEQStock
0.0007971730000000001,SUNTORY BEVERAGE & FOOD LTD,Growth,International Shares,Global Shares,Global Shares,Consumer Staples - 30,Tokyo Stock Exchange,JPY,Japan,,World Large Blend Equity,International Equities - Unhedged,IEQStock
0.0011037780000000001,KAWASAKI KISEN LTD,Growth,International Shares,Global Shares,Global Shares,Industrials - 20,Tokyo Stock Exchange,JPY,Japan,,World Large Blend Equity,International Equities - Unhedged,IEQStock
0.0007358520000000001,YOKOGAWA ELECTRIC CORP,Growth,International Shares,Global Shares,Global Shares,Information Technology - 45,Tokyo Stock Exchange,JPY,Japan,,World Large Blend Equity,International Equities - Unhedged,IEQStock
0.0007358520000000001,NIPPON PROLOGIS REIT INC,Growth,International Shares,Global Shares,Global Shares,Real Estate - 60,Tokyo Stock Exchange,JPY,Japan,,World Large Blend Equity,International Equities - Unhedged,IEQStock
0.0007358520000000001,SEIKO EPSON CORP,Growth,International Shares,Global Shares,Global Shares,Information Technology - 45,Tokyo Stock Exchange,JPY,Japan,,World Large Blend Equity,International Equities - Unhedged,IEQStock
0.000674531,DAIWA HOUSE REIT CORP,Growth,International Shares,Global Shares,Global Shares,Real Estate - 60,Tokyo Stock Exchange,JPY,Japan,,World Large Blend Equity,International Equities - Unhedged,IEQStock
0.0006132100000000001,TOHO (TOKYO) LTD,Growth,International Shares,Global Shares,Global Shares,Communication Services - 50,Tokyo Stock Exchange,JPY,Japan,,World Large Blend Equity,International Equities - Unhedged,IEQStock
0.000674531,SHIZUOKA FINANCIAL GROUP INC,Growth,International Shares,Global Shares,Global Shares,Financials - 40,Tokyo Stock Exchange,JPY,Japan,,World Large Blend Equity,International Equities - Unhedged,IEQStock
0.000674531,CHIBA BANK LTD,Growth,International Shares,Global Shares,Global Shares,Financials - 40,Tokyo Stock Exchange,JPY,Japan,,World Large Blend Equity,International Equities - Unhedged,IEQStock
0.000674531,KOBE BUSSAN LTD,Growth,International Shares,Global Shares,Global Shares,Consumer Staples - 30,Tokyo Stock Exchange,JPY,Japan,,World Large Blend Equity,International Equities - Unhedged,IEQStock
0.0007358520000000001,ASAHI INTECC LTD,Growth,International Shares,Global Shares,Global Shares,Health Care - 35,Tokyo Stock Exchange,JPY,Japan,,World Large Blend Equity,International Equities - Unhedged,IEQStock
0.0006132100000000001,SHIMIZU CORP,Growth,International Shares,Global Shares,Global Shares,Industrials - 20,Tokyo Stock Exchange,JPY,Japan,,World Large Blend Equity,International Equities - Unhedged,IEQStock
0.0007358520000000001,BAYCURRENT CONSULTING INC,Growth,International Shares,Global Shares,Global Shares,Industrials - 20,Tokyo Stock Exchange,JPY,Japan,,World Large Blend Equity,International Equities - Unhedged,IEQStock
0.0006132100000000001,BROTHER INDUSTRIES LTD,Growth,International Shares,Global Shares,Global Shares,Information Technology - 45,Tokyo Stock Exchange,JPY,Japan,,World Large Blend Equity,International Equities - Unhedged,IEQStock
0.000674531,USS LTD,Growth,International Shares,Global Shares,Global Shares,Consumer Discretionary - 25,Tokyo Stock Exchange,JPY,Japan,,World Large Blend Equity,International Equities - Unhedged,IEQStock
0.0006132100000000001,SUMITOMO CHEMICAL LTD,Growth,International Shares,Global Shares,Global Shares,Materials - 15,Tokyo Stock Exchange,JPY,Japan,,World Large Blend Equity,International Equities - Unhedged,IEQStock
0.0006132100000000001,JAPAN POST INSURANCE LTD,Growth,International Shares,Global Shares,Global Shares,Financials - 40,Tokyo Stock Exchange,JPY,Japan,,World Large Blend Equity,International Equities - Unhedged,IEQStock
0.000674531,NIPPON EXPRESS HOLDINGS INC,Growth,International Shares,Global Shares,Global Shares,Industrials - 20,Tokyo Stock Exchange,JPY,Japan,,World Large Blend Equity,International Equities - Unhedged,IEQStock
0.0006132100000000001,AZBIL CORP,Growth,International Shares,Global Shares,Global Shares,Information Technology - 45,Tokyo Stock Exchange,JPY,Japan,,World Large Blend Equity,International Equities - Unhedged,IEQStock
0.000674531,HULIC LTD,Growth,International Shares,Global Shares,Global Shares,Real Estate - 60,Tokyo Stock Exchange,JPY,Japan,,World Large Blend Equity,International Equities - Unhedged,IEQStock
0.000674531,HOSHIZAKI CORP,Growth,International Shares,Global Shares,Global Shares,Industrials - 20,Tokyo Stock Exchange,JPY,Japan,,World Large Blend Equity,International Equities - Unhedged,IEQStock
0.0005518890000000001,OJI HOLDINGS CORP,Growth,International Shares,Global Shares,Global Shares,Materials - 15,Tokyo Stock Exchange,JPY,Japan,,World Large Blend Equity,International Equities - Unhedged,IEQStock
0.000490568,YAMAHA CORP,Growth,International Shares,Global Shares,Global Shares,Consumer Discretionary - 25,Tokyo Stock Exchange,JPY,Japan,,World Large Blend Equity,International Equities - Unhedged,IEQStock
0.0006132100000000001,MCDONALDS HOLDINGS (JAPAN) LTD,Growth,International Shares,Global Shares,Global Shares,Consumer Discretionary - 25,Tokyo Stock Exchange,JPY,Japan,,World Large Blend Equity,International Equities - Unhedged,IEQStock
0.0006132100000000001,HIROSE ELECTRIC LTD,Growth,International Shares,Global Shares,Global Shares,Information Technology - 45,Tokyo Stock Exchange,JPY,Japan,,World Large Blend Equity,International Equities - Unhedged,IEQStock
0.0006132100000000001,TOSOH CORP,Growth,International Shares,Global Shares,Global Shares,Materials - 15,Tokyo Stock Exchange,JPY,Japan,,World Large Blend Equity,International Equities - Unhedged,IEQStock
0.0006132100000000001,TOTO LTD,Growth,International Shares,Global Shares,Global Shares,Industrials - 20,Tokyo Stock Exchange,JPY,Japan,,World Large Blend Equity,International Equities - Unhedged,IEQStock
0.000490568,KOITO MANUFACTURING LTD,Growth,International Shares,Global Shares,Global Shares,Consumer Discretionary - 25,Tokyo Stock Exchange,JPY,Japan,,World Large Blend Equity,International Equities - Unhedged,IEQStock
0.0006132100000000001,ANA HOLDINGS INC,Growth,International Shares,Global Shares,Global Shares,Industrials - 20,Tokyo Stock Exchange,JPY,Japan,,World Large Blend Equity,International Equities - Unhedged,IEQStock
0.0005518890000000001,HIKARI TSUSHIN INC,Growth,International Shares,Global Shares,Global Shares,Industrials - 20,Tokyo Stock Exchange,JPY,Japan,,World Large Blend Equity,International Equities - Unhedged,IEQStock
0.0005518890000000001,SQUARE ENIX HLDG LTD,Growth,International Shares,Global Shares,Global Shares,Communication Services - 50,Tokyo Stock Exchange,JPY,Japan,,World Large Blend Equity,International Equities - Unhedged,IEQStock
0.000490568,HITACHI CONSTRUCTION MACHINERY LTD,Growth,International Shares,Global Shares,Global Shares,Industrials - 20,Tokyo Stock Exchange,JPY,Japan,,World Large Blend Equity,International Equities - Unhedged,IEQStock
0.0005518890000000001,ZOZO INC,Growth,International Shares,Global Shares,Global Shares,Consumer Discretionary - 25,Tokyo Stock Exchange,JPY,Japan,,World Large Blend Equity,International Equities - Unhedged,IEQStock
0.0005518890000000001,SCSK CORP,Growth,International Shares,Global Shares,Global Shares,Information Technology - 45,Tokyo Stock Exchange,JPY,Japan,,World Large Blend Equity,International Equities - Unhedged,IEQStock
0.000490568,ORACLE JAPAN CORP,Growth,International Shares,Global Shares,Global Shares,Information Technology - 45,Tokyo Stock Exchange,JPY,Japan,,World Large Blend Equity,International Equities - Unhedged,IEQStock
0.00036792600000000003,OPEN HOUSE GROUP LTD,Growth,International Shares,Global Shares,Global Shares,Consumer Discretionary - 25,Tokyo Stock Exchange,JPY,Japan,,World Large Blend Equity,International Equities - Unhedged,IEQStock
0.000490568,JAPAN AIRLINES LTD,Growth,International Shares,Global Shares,Global Shares,Industrials - 20,Tokyo Stock Exchange,JPY,Japan,,World Large Blend Equity,International Equities - Unhedged,IEQStock
0.000490568,NOMURA REAL ESTATE HOLDINGS INC,Growth,International Shares,Global Shares,Global Shares,Real Estate - 60,Tokyo Stock Exchange,JPY,Japan,,World Large Blend Equity,International Equities - Unhedged,IEQStock
0.00042924700000000006,IIDA GROUP HOLDINGS LTD,Growth,International Shares,Global Shares,Global Shares,Consumer Discretionary - 25,Tokyo Stock Exchange,JPY,Japan,,World Large Blend Equity,International Equities - Unhedged,IEQStock
0.00042924700000000006,MONOTARO LTD,Growth,International Shares,Global Shares,Global Shares,Industrials - 20,Tokyo Stock Exchange,JPY,Japan,,World Large Blend Equity,International Equities - Unhedged,IEQStock
0.00042924700000000006,KOSE CORP,Growth,International Shares,Global Shares,Global Shares,Consumer Staples - 30,Tokyo Stock Exchange,JPY,Japan,,World Large Blend Equity,International Equities - Unhedged,IEQStock
0.00030660500000000005,SHARP CORP,Growth,International Shares,Global Shares,Global Shares,Consumer Discretionary - 25,Tokyo Stock Exchange,JPY,Japan,,World Large Blend Equity,International Equities - Unhedged,IEQStock
0.000245284,KOEI TECMO HOLDINGS LTD,Growth,International Shares,Global Shares,Global Shares,Communication Services - 50,Tokyo Stock Exchange,JPY,Japan,,World Large Blend Equity,International Equities - Unhedged,IEQStock
0.033787871000000004,TOYOTA MOTOR CORP,Growth,International Shares,Global Shares,Global Shares,Consumer Discretionary - 25,Tokyo Stock Exchange,JPY,Japan,,World Large Blend Equity,International Equities - Unhedged,IEQStock
0.019561399,SONY GROUP CORP,Growth,International Shares,Global Shares,Global Shares,Consumer Discretionary - 25,Tokyo Stock Exchange,JPY,Japan,,World Large Blend Equity,International Equities - Unhedged,IEQStock
0.016924596,MITSUBISHI UFJ FINANCIAL GROUP INC,Growth,International Shares,Global Shares,Global Shares,Financials - 40,Tokyo Stock Exchange,JPY,Japan,,World Large Blend Equity,International Equities - Unhedged,IEQStock
0.013797225000000002,KEYENCE CORP,Growth,International Shares,Global Shares,Global Shares,Information Technology - 45,Tokyo Stock Exchange,JPY,Japan,,World Large Blend Equity,International Equities - Unhedged,IEQStock
0.013429299,TOKYO ELECTRON LTD,Growth,International Shares,Global Shares,Global Shares,Information Technology - 45,Tokyo Stock Exchange,JPY,Japan,,World Large Blend Equity,International Equities - Unhedged,IEQStock
0.010731175,SUMITOMO MITSUI FINANCIAL GROUP IN,Growth,International Shares,Global Shares,Global Shares,Financials - 40,Tokyo Stock Exchange,JPY,Japan,,World Large Blend Equity,International Equities - Unhedged,IEQStock
0.011221743000000001,HITACHI LTD,Growth,International Shares,Global Shares,Global Shares,Industrials - 20,Tokyo Stock Exchange,JPY,Japan,,World Large Blend Equity,International Equities - Unhedged,IEQStock
0.012080237,SHIN ETSU CHEMICAL LTD,Growth,International Shares,Global Shares,Global Shares,Materials - 15,Tokyo Stock Exchange,JPY,Japan,,World Large Blend Equity,International Equities - Unhedged,IEQStock
0.009566076000000001,MITSUBISHI CORP,Growth,International Shares,Global Shares,Global Shares,Industrials - 20,Tokyo Stock Exchange,JPY,Japan,,World Large Blend Equity,International Equities - Unhedged,IEQStock
0.008768903,DAIICHI SANKYO LTD,Growth,International Shares,Global Shares,Global Shares,Health Care - 35,Tokyo Stock Exchange,JPY,Japan,,World Large Blend Equity,International Equities - Unhedged,IEQStock
0.008278335000000001,MITSUI LTD,Growth,International Shares,Global Shares,Global Shares,Industrials - 20,Tokyo Stock Exchange,JPY,Japan,,World Large Blend Equity,International Equities - Unhedged,IEQStock
0.008339656,HONDA MOTOR LTD,Growth,International Shares,Global Shares,Global Shares,Consumer Discretionary - 25,Tokyo Stock Exchange,JPY,Japan,,World Large Blend Equity,International Equities - Unhedged,IEQStock
0.009872681000000001,RECRUIT HOLDINGS LTD,Growth,International Shares,Global Shares,Global Shares,Industrials - 20,Tokyo Stock Exchange,JPY,Japan,,World Large Blend Equity,International Equities - Unhedged,IEQStock
0.008217014000000002,ITOCHU CORP,Growth,International Shares,Global Shares,Global Shares,Industrials - 20,Tokyo Stock Exchange,JPY,Japan,,World Large Blend Equity,International Equities - Unhedged,IEQStock
0.008094372,KDDI CORP,Growth,International Shares,Global Shares,Global Shares,Communication Services - 50,Tokyo Stock Exchange,JPY,Japan,,World Large Blend Equity,International Equities - Unhedged,IEQStock
0.008830224000000001,NINTENDO LTD,Growth,International Shares,Global Shares,Global Shares,Communication Services - 50,Tokyo Stock Exchange,JPY,Japan,,World Large Blend Equity,International Equities - Unhedged,IEQStock
0.00735852,SOFTBANK GROUP CORP,Growth,International Shares,Global Shares,Global Shares,Communication Services - 50,Tokyo Stock Exchange,JPY,Japan,,World Large Blend Equity,International Equities - Unhedged,IEQStock
0.007971730000000002,TAKEDA PHARMACEUTICAL LTD,Growth,International Shares,Global Shares,Global Shares,Health Care - 35,Tokyo Stock Exchange,JPY,Japan,,World Large Blend Equity,International Equities - Unhedged,IEQStock
0.007542483000000001,TOKIO MARINE HOLDINGS INC,Growth,International Shares,Global Shares,Global Shares,Financials - 40,Tokyo Stock Exchange,JPY,Japan,,World Large Blend Equity,International Equities - Unhedged,IEQStock
0.007235878,MIZUHO FINANCIAL GROUP INC,Growth,International Shares,Global Shares,Global Shares,Financials - 40,Tokyo Stock Exchange,JPY,Japan,,World Large Blend Equity,International Equities - Unhedged,IEQStock
0.007113236,FAST RETAILING LTD,Growth,International Shares,Global Shares,Global Shares,Consumer Discretionary - 25,Tokyo Stock Exchange,JPY,Japan,,World Large Blend Equity,International Equities - Unhedged,IEQStock
0.007051915,DAIKIN INDUSTRIES LTD,Growth,International Shares,Global Shares,Global Shares,Industrials - 20,Tokyo Stock Exchange,JPY,Japan,,World Large Blend Equity,International Equities - Unhedged,IEQStock
0.006806631000000001,ORIENTAL LAND LTD,Growth,International Shares,Global Shares,Global Shares,Consumer Discretionary - 25,Tokyo Stock Exchange,JPY,Japan,,World Large Blend Equity,International Equities - Unhedged,IEQStock
0.007051915,HOYA CORP,Growth,International Shares,Global Shares,Global Shares,Health Care - 35,Tokyo Stock Exchange,JPY,Japan,,World Large Blend Equity,International Equities - Unhedged,IEQStock
0.006132100000000001,NIPPON TELEGRAPH AND TELEPHONE COR,Growth,International Shares,Global Shares,Global Shares,Communication Services - 50,Tokyo Stock Exchange,JPY,Japan,,World Large Blend Equity,International Equities - Unhedged,IEQStock
0.0058868160000000004,MURATA MANUFACTURING LTD,Growth,International Shares,Global Shares,Global Shares,Information Technology - 45,Tokyo Stock Exchange,JPY,Japan,,World Large Blend Equity,International Equities - Unhedged,IEQStock
0.006132100000000001,SOFTBANK CORP,Growth,International Shares,Global Shares,Global Shares,Communication Services - 50,Tokyo Stock Exchange,JPY,Japan,,World Large Blend Equity,International Equities - Unhedged,IEQStock
0.005334927000000001,JAPAN TOBACCO INC,Growth,International Shares,Global Shares,Global Shares,Consumer Staples - 30,Tokyo Stock Exchange,JPY,Japan,,World Large Blend Equity,International Equities - Unhedged,IEQStock
0.0050896430000000005,SMC (JAPAN) CORP,Growth,International Shares,Global Shares,Global Shares,Industrials - 20,Tokyo Stock Exchange,JPY,Japan,,World Large Blend Equity,International Equities - Unhedged,IEQStock
0.005028322,SEVEN & I HOLDINGS LTD,Growth,International Shares,Global Shares,Global Shares,Consumer Staples - 30,Tokyo Stock Exchange,JPY,Japan,,World Large Blend Equity,International Equities - Unhedged,IEQStock
0.004844359,DENSO CORP,Growth,International Shares,Global Shares,Global Shares,Consumer Discretionary - 25,Tokyo Stock Exchange,JPY,Japan,,World Large Blend Equity,International Equities - Unhedged,IEQStock
0.004599075,FANUC CORP,Growth,International Shares,Global Shares,Global Shares,Industrials - 20,Tokyo Stock Exchange,JPY,Japan,,World Large Blend Equity,International Equities - Unhedged,IEQStock
0.004353791,CANON INC,Growth,International Shares,Global Shares,Global Shares,Information Technology - 45,Tokyo Stock Exchange,JPY,Japan,,World Large Blend Equity,International Equities - Unhedged,IEQStock
0.004599075,MITSUBISHI ELECTRIC CORP,Growth,International Shares,Global Shares,Global Shares,Industrials - 20,Tokyo Stock Exchange,JPY,Japan,,World Large Blend Equity,International Equities - Unhedged,IEQStock
0.034040097,iShares Core Cash ETF,Defensive,Cash,Cash,Cash,ETF Index,Cash,Cash,Bank Bills,,Domestic Cash,Cash,ETF
0.036201373,Bank Account,Defensive,Cash,Cash,Cash,ASXStock,Cash,Cash,Bank Account,Cash,Domestic Cash,Cash,ASXStock
0.004322552,Life360 Inc.,Growth,Australian Shares,Australian Shares,Australian Shares,Information Technology - 45,ASX,AUD,Australia,,Australia Large Blend Equity,Australian Equities,ASXStock
0.008645104,The A2 Milk Company Limited,Growth,Australian Shares,Australian Shares,Australian Shares,Consumer Staples - 30,ASX,AUD,Australia,,Australia Large Blend Equity,Australian Equities,ASXStock
0.001080638,Abacus Group,Growth,Australian Shares,Australian Shares,Australian Shares,Real Estate - 60,ASX,AUD,Australia,,Australia Large Blend Equity,Australian Equities,ASXStock
0.016749889,AGL Energy Limited.,Growth,Australian Shares,Australian Shares,Australian Shares,Utilities - 55,ASX,AUD,Australia,,Australia Large Blend Equity,Australian Equities,ASXStock
0.004322552,Auckland International Airport Limited,Growth,Australian Shares,Australian Shares,Australian Shares,Industrials - 20,ASX,AUD,Australia,,Australia Large Blend Equity,Australian Equities,ASXStock
0.020532122,Ampol Limited,Growth,Australian Shares,Australian Shares,Australian Shares,Energy - 10,ASX,AUD,Australia,,Australia Large Blend Equity,Australian Equities,ASXStock
0.066999556,Aristocrat Leisure Limited,Growth,Australian Shares,Australian Shares,Australian Shares,Consumer Discretionary - 25,ASX,AUD,Australia,,Australia Large Blend Equity,Australian Equities,ASXStock
0.013507975,ALS Limited,Growth,Australian Shares,Australian Shares,Australian Shares,Industrials - 20,ASX,AUD,Australia,,Australia Large Blend Equity,Australian Equities,ASXStock
0.015128932000000001,Altium Limited,Growth,Australian Shares,Australian Shares,Australian Shares,Information Technology - 45,ASX,AUD,Australia,,Australia Large Blend Equity,Australian Equities,ASXStock
0.018911165,Atlas Arteria,Growth,Australian Shares,Australian Shares,Australian Shares,Industrials - 20,ASX,AUD,Australia,,Australia Large Blend Equity,Australian Equities,ASXStock
0.022693398,Amcor PLC,Growth,Australian Shares,Australian Shares,Australian Shares,Materials - 15,ASX,AUD,Australia,,Australia Large Blend Equity,Australian Equities,ASXStock
0.009185423000000002,AMP Limited,Growth,Australian Shares,Australian Shares,Australian Shares,Financials - 40,ASX,AUD,Australia,,Australia Large Blend Equity,Australian Equities,ASXStock
0.007564466000000001,Ansell Limited,Growth,Australian Shares,Australian Shares,Australian Shares,Health Care - 35,ASX,AUD,Australia,,Australia Large Blend Equity,Australian Equities,ASXStock
0.18641005500000002,ANZ Group Holdings Limited,Growth,Australian Shares,Australian Shares,Australian Shares,Financials - 40,ASX,AUD,Australia,,Australia Large Blend Equity,Australian Equities,ASXStock
0.025935312,APA Group,Growth,Australian Shares,Australian Shares,Australian Shares,Utilities - 55,ASX,AUD,Australia,,Australia Large Blend Equity,Australian Equities,ASXStock
0.0059435090000000005,Eagers Automotive Limited,Growth,Australian Shares,Australian Shares,Australian Shares,Consumer Discretionary - 25,ASX,AUD,Australia,,Australia Large Blend Equity,Australian Equities,ASXStock
0.006483828,ARB Corporation Limited,Growth,Australian Shares,Australian Shares,Australian Shares,Consumer Discretionary - 25,ASX,AUD,Australia,,Australia Large Blend Equity,Australian Equities,ASXStock
0.003241914,Arena REIT.,Growth,Australian Shares,Australian Shares,Australian Shares,Real Estate - 60,ASX,AUD,Australia,,Australia Large Blend Equity,Australian Equities,ASXStock
0.001080638,Abacus Storage King,Growth,Australian Shares,Australian Shares,Australian Shares,Real Estate - 60,ASX,AUD,Australia,,Australia Large Blend Equity,Australian Equities,ASXStock
0.028096588000000002,ASX Limited,Growth,Australian Shares,Australian Shares,Australian Shares,Financials - 40,ASX,AUD,Australia,,Australia Large Blend Equity,Australian Equities,ASXStock
0.0070241470000000005,AUB Group Limited,Growth,Australian Shares,Australian Shares,Australian Shares,Financials - 40,ASX,AUD,Australia,,Australia Large Blend Equity,Australian Equities,ASXStock
0.006483828,Alumina Limited,Growth,Australian Shares,Australian Shares,Australian Shares,Materials - 15,ASX,AUD,Australia,,Australia Large Blend Equity,Australian Equities,ASXStock
0.017290208,Aurizon Holdings Limited,Growth,Australian Shares,Australian Shares,Australian Shares,Industrials - 20,ASX,AUD,Australia,,Australia Large Blend Equity,Australian Equities,ASXStock
0.0059435090000000005,Bapcor Limited,Growth,Australian Shares,Australian Shares,Australian Shares,Consumer Discretionary - 25,ASX,AUD,Australia,,Australia Large Blend Equity,Australian Equities,ASXStock
0.013507975,Bendigo and Adelaide Bank Limited,Growth,Australian Shares,Australian Shares,Australian Shares,Financials - 40,ASX,AUD,Australia,,Australia Large Blend Equity,Australian Equities,ASXStock
0.002161276,Bega Cheese Limited,Growth,Australian Shares,Australian Shares,Australian Shares,Consumer Staples - 30,ASX,AUD,Australia,,Australia Large Blend Equity,Australian Equities,ASXStock
0.004322552,Bellevue Gold Limited,Growth,Australian Shares,Australian Shares,Australian Shares,Materials - 15,ASX,AUD,Australia,,Australia Large Blend Equity,Australian Equities,ASXStock
0.5603108029999999,BHP Group Limited,Growth,Australian Shares,Australian Shares,Australian Shares,Materials - 15,ASX,AUD,Australia,,Australia Large Blend Equity,Australian Equities,ASXStock
0.0059435090000000005,Brickworks Limited,Growth,Australian Shares,Australian Shares,Australian Shares,Materials - 15,ASX,AUD,Australia,,Australia Large Blend Equity,Australian Equities,ASXStock
0.004322552,Boral Limited,Growth,Australian Shares,Australian Shares,Australian Shares,Materials - 15,ASX,AUD,Australia,,Australia Large Blend Equity,Australian Equities,ASXStock
0.009725741999999999,Bank of Queensland Limited,Growth,Australian Shares,Australian Shares,Australian Shares,Financials - 40,ASX,AUD,Australia,,Australia Large Blend Equity,Australian Equities,ASXStock
0.0059435090000000005,Beach Energy Limited,Growth,Australian Shares,Australian Shares,Australian Shares,Energy - 10,ASX,AUD,Australia,,Australia Large Blend Equity,Australian Equities,ASXStock
0.006483828,Breville Group Limited,Growth,Australian Shares,Australian Shares,Australian Shares,Consumer Discretionary - 25,ASX,AUD,Australia,,Australia Large Blend Equity,Australian Equities,ASXStock
0.001080638,Brainchip Holdings Ltd,Growth,Australian Shares,Australian Shares,Australian Shares,Information Technology - 45,ASX,AUD,Australia,,Australia Large Blend Equity,Australian Equities,ASXStock
0.024314355,BlueScope Steel Limited,Growth,Australian Shares,Australian Shares,Australian Shares,Materials - 15,ASX,AUD,Australia,,Australia Large Blend Equity,Australian Equities,ASXStock
0.004322552,BWP Trust,Growth,Australian Shares,Australian Shares,Australian Shares,Real Estate - 60,ASX,AUD,Australia,,Australia Large Blend Equity,Australian Equities,ASXStock
0.049709348,Brambles Limited,Growth,Australian Shares,Australian Shares,Australian Shares,Industrials - 20,ASX,AUD,Australia,,Australia Large Blend Equity,Australian Equities,ASXStock
0.026475631,CAR Group Limited,Growth,Australian Shares,Australian Shares,Australian Shares,Communication Services - 50,ASX,AUD,Australia,,Australia Large Blend Equity,Australian Equities,ASXStock
0.428472967,Commonwealth Bank of Australia,Growth,Australian Shares,Australian Shares,Australian Shares,Financials - 40,ASX,AUD,Australia,,Australia Large Blend Equity,Australian Equities,ASXStock
0.003241914,Credit Corp Group Limited,Growth,Australian Shares,Australian Shares,Australian Shares,Financials - 40,ASX,AUD,Australia,,Australia Large Blend Equity,Australian Equities,ASXStock
0.010266061,Challenger Limited,Growth,Australian Shares,Australian Shares,Australian Shares,Financials - 40,ASX,AUD,Australia,,Australia Large Blend Equity,Australian Equities,ASXStock
0.012427337,Charter Hall Group,Growth,Australian Shares,Australian Shares,Australian Shares,Real Estate - 60,ASX,AUD,Australia,,Australia Large Blend Equity,Australian Equities,ASXStock
0.004322552,Chalice Mining Limited,Growth,Australian Shares,Australian Shares,Australian Shares,Materials - 15,ASX,AUD,Australia,,Australia Large Blend Equity,Australian Equities,ASXStock
0.0059435090000000005,Champion Iron Limited,Growth,Australian Shares,Australian Shares,Australian Shares,Materials - 15,ASX,AUD,Australia,,Australia Large Blend Equity,Australian Equities,ASXStock
0.004322552,Centuria Industrial REIT,Growth,Australian Shares,Australian Shares,Australian Shares,Real Estate - 60,ASX,AUD,Australia,,Australia Large Blend Equity,Australian Equities,ASXStock
0.002701595,Collins Foods Limited,Growth,Australian Shares,Australian Shares,Australian Shares,Consumer Discretionary - 25,ASX,AUD,Australia,,Australia Large Blend Equity,Australian Equities,ASXStock
0.0059435090000000005,Charter Hall Long Wale REIT,Growth,Australian Shares,Australian Shares,Australian Shares,Real Estate - 60,ASX,AUD,Australia,,Australia Large Blend Equity,Australian Equities,ASXStock
0.0037822330000000003,Capricorn Metals Ltd,Growth,Australian Shares,Australian Shares,Australian Shares,Materials - 15,ASX,AUD,Australia,,Australia Large Blend Equity,Australian Equities,ASXStock
0.001620957,Cromwell Property Group,Growth,Australian Shares,Australian Shares,Australian Shares,Real Estate - 60,ASX,AUD,Australia,,Australia Large Blend Equity,Australian Equities,ASXStock
0.002701595,Centuria Capital Group,Growth,Australian Shares,Australian Shares,Australian Shares,Real Estate - 60,ASX,AUD,Australia,,Australia Large Blend Equity,Australian Equities,ASXStock
0.008104785,Chorus Limited,Growth,Australian Shares,Australian Shares,Australian Shares,Communication Services - 50,ASX,AUD,Australia,,Australia Large Blend Equity,Australian Equities,ASXStock
0.044306158,Cochlear Limited,Growth,Australian Shares,Australian Shares,Australian Shares,Health Care - 35,ASX,AUD,Australia,,Australia Large Blend Equity,Australian Equities,ASXStock
0.054572219,Coles Group Limited,Growth,Australian Shares,Australian Shares,Australian Shares,Consumer Staples - 30,ASX,AUD,Australia,,Australia Large Blend Equity,Australian Equities,ASXStock
0.036201373,Computershare Limited,Growth,Australian Shares,Australian Shares,Australian Shares,Industrials - 20,ASX,AUD,Australia,,Australia Large Blend Equity,Australian Equities,ASXStock
0.002161276,Charter Hall Social Infrastructure REIT,Growth,Australian Shares,Australian Shares,Australian Shares,Real Estate - 60,ASX,AUD,Australia,,Australia Large Blend Equity,Australian Equities,ASXStock
0.004322552,Charter Hall Retail REIT,Growth,Australian Shares,Australian Shares,Australian Shares,Real Estate - 60,ASX,AUD,Australia,,Australia Large Blend Equity,Australian Equities,ASXStock
0.003241914,Coronado Global Resources Inc.,Growth,Australian Shares,Australian Shares,Australian Shares,Materials - 15,ASX,AUD,Australia,,Australia Large Blend Equity,Australian Equities,ASXStock
0.3241914,CSL Limited,Growth,Australian Shares,Australian Shares,Australian Shares,Health Care - 35,ASX,AUD,Australia,,Australia Large Blend Equity,Australian Equities,ASXStock
0.0070241470000000005,CSR Limited,Growth,Australian Shares,Australian Shares,Australian Shares,Materials - 15,ASX,AUD,Australia,,Australia Large Blend Equity,Australian Equities,ASXStock
0.0059435090000000005,Corporate Travel Management Limited,Growth,Australian Shares,Australian Shares,Australian Shares,Consumer Discretionary - 25,ASX,AUD,Australia,,Australia Large Blend Equity,Australian Equities,ASXStock
0.014588613000000002,Cleanaway Waste Management Limited,Growth,Australian Shares,Australian Shares,Australian Shares,Industrials - 20,ASX,AUD,Australia,,Australia Large Blend Equity,Australian Equities,ASXStock
0.002161276,Core Lithium Ltd,Growth,Australian Shares,Australian Shares,Australian Shares,Materials - 15,ASX,AUD,Australia,,Australia Large Blend Equity,Australian Equities,ASXStock
0.0048628709999999995,De Grey Mining Limited,Growth,Australian Shares,Australian Shares,Australian Shares,Materials - 15,ASX,AUD,Australia,,Australia Large Blend Equity,Australian Equities,ASXStock
0.002161276,Domain Holdings Australia Limited,Growth,Australian Shares,Australian Shares,Australian Shares,Communication Services - 50,ASX,AUD,Australia,,Australia Large Blend Equity,Australian Equities,ASXStock
0.008645104,Domino's Pizza Enterprises Limited,Growth,Australian Shares,Australian Shares,Australian Shares,Consumer Discretionary - 25,ASX,AUD,Australia,,Australia Large Blend Equity,Australian Equities,ASXStock
0.0070241470000000005,Downer EDI Limited,Growth,Australian Shares,Australian Shares,Australian Shares,Industrials - 20,ASX,AUD,Australia,,Australia Large Blend Equity,Australian Equities,ASXStock
0.0048628709999999995,Deterra Royalties Limited,Growth,Australian Shares,Australian Shares,Australian Shares,Materials - 15,ASX,AUD,Australia,,Australia Large Blend Equity,Australian Equities,ASXStock
0.021072441,Dexus,Growth,Australian Shares,Australian Shares,Australian Shares,Real Estate - 60,ASX,AUD,Australia,,Australia Large Blend Equity,Australian Equities,ASXStock
0.018911165,Endeavour Group Limited,Growth,Australian Shares,Australian Shares,Australian Shares,Consumer Staples - 30,ASX,AUD,Australia,,Australia Large Blend Equity,Australian Equities,ASXStock
0.002701595,Elders Limited,Growth,Australian Shares,Australian Shares,Australian Shares,Consumer Staples - 30,ASX,AUD,Australia,,Australia Large Blend Equity,Australian Equities,ASXStock
0.01620957,Evolution Mining Limited,Growth,Australian Shares,Australian Shares,Australian Shares,Materials - 15,ASX,AUD,Australia,,Australia Large Blend Equity,Australian Equities,ASXStock
0.003241914,EVT Limited,Growth,Australian Shares,Australian Shares,Australian Shares,Communication Services - 50,ASX,AUD,Australia,,Australia Large Blend Equity,Australian Equities,ASXStock
0.002701595,Fletcher Building Limited,Growth,Australian Shares,Australian Shares,Australian Shares,Industrials - 20,ASX,AUD,Australia,,Australia Large Blend Equity,Australian Equities,ASXStock
0.009185423000000002,Flight Centre Travel Group Limited,Growth,Australian Shares,Australian Shares,Australian Shares,Consumer Discretionary - 25,ASX,AUD,Australia,,Australia Large Blend Equity,Australian Equities,ASXStock
0.090233273,Fortescue Ltd,Growth,Australian Shares,Australian Shares,Australian Shares,Materials - 15,ASX,AUD,Australia,,Australia Large Blend Equity,Australian Equities,ASXStock
0.008645104,Fisher & Paykel Healthcare Corporation Limited,Growth,Australian Shares,Australian Shares,Australian Shares,Health Care - 35,ASX,AUD,Australia,,Australia Large Blend Equity,Australian Equities,ASXStock
0.098338058,Goodman Group,Growth,Australian Shares,Australian Shares,Australian Shares,Real Estate - 60,ASX,AUD,Australia,,Australia Large Blend Equity,Australian Equities,ASXStock
0.004322552,GrainCorp Limited,Growth,Australian Shares,Australian Shares,Australian Shares,Consumer Staples - 30,ASX,AUD,Australia,,Australia Large Blend Equity,Australian Equities,ASXStock
0.004322552,Gold Road Resources Limited,Growth,Australian Shares,Australian Shares,Australian Shares,Materials - 15,ASX,AUD,Australia,,Australia Large Blend Equity,Australian Equities,ASXStock
0.001620957,Growthpoint Properties Australia,Growth,Australian Shares,Australian Shares,Australian Shares,Real Estate - 60,ASX,AUD,Australia,,Australia Large Blend Equity,Australian Equities,ASXStock
0.019991803,GPT Group,Growth,Australian Shares,Australian Shares,Australian Shares,Real Estate - 60,ASX,AUD,Australia,,Australia Large Blend Equity,Australian Equities,ASXStock
0.004322552,G.U.D. Holdings Limited,Growth,Australian Shares,Australian Shares,Australian Shares,Consumer Discretionary - 25,ASX,AUD,Australia,,Australia Large Blend Equity,Australian Equities,ASXStock
0.0048628709999999995,Homeco Daily Needs REIT,Growth,Australian Shares,Australian Shares,Australian Shares,Real Estate - 60,ASX,AUD,Australia,,Australia Large Blend Equity,Australian Equities,ASXStock
0.0037822330000000003,Healius Limited,Growth,Australian Shares,Australian Shares,Australian Shares,Health Care - 35,ASX,AUD,Australia,,Australia Large Blend Equity,Australian Equities,ASXStock
0.003241914,HMC Capital Limited,Growth,Australian Shares,Australian Shares,Australian Shares,Real Estate - 60,ASX,AUD,Australia,,Australia Large Blend Equity,Australian Equities,ASXStock
0.006483828,HUB24 Limited,Growth,Australian Shares,Australian Shares,Australian Shares,Financials - 40,ASX,AUD,Australia,,Australia Large Blend Equity,Australian Equities,ASXStock
0.006483828,Harvey Norman Holdings Limited,Growth,Australian Shares,Australian Shares,Australian Shares,Consumer Discretionary - 25,ASX,AUD,Australia,,Australia Large Blend Equity,Australian Equities,ASXStock
0.035661054000000005,Insurance Australia Group Limited,Growth,Australian Shares,Australian Shares,Australian Shares,Financials - 40,ASX,AUD,Australia,,Australia Large Blend Equity,Australian Equities,ASXStock
0.014048294000000001,Idp Education Limited,Growth,Australian Shares,Australian Shares,Australian Shares,Consumer Discretionary - 25,ASX,AUD,Australia,,Australia Large Blend Equity,Australian Equities,ASXStock
0.004322552,Insignia Financial Ltd,Growth,Australian Shares,Australian Shares,Australian Shares,Financials - 40,ASX,AUD,Australia,,Australia Large Blend Equity,Australian Equities,ASXStock
0.022153079,IGO Limited,Growth,Australian Shares,Australian Shares,Australian Shares,Materials - 15,ASX,AUD,Australia,,Australia Large Blend Equity,Australian Equities,ASXStock
0.008645104,Iluka Resources Limited,Growth,Australian Shares,Australian Shares,Australian Shares,Materials - 15,ASX,AUD,Australia,,Australia Large Blend Equity,Australian Equities,ASXStock
0.001080638,Imugene Limited,Growth,Australian Shares,Australian Shares,Australian Shares,Health Care - 35,ASX,AUD,Australia,,Australia Large Blend Equity,Australian Equities,ASXStock
0.0037822330000000003,Ingenia Communities Group,Growth,Australian Shares,Australian Shares,Australian Shares,Real Estate - 60,ASX,AUD,Australia,,Australia Large Blend Equity,Australian Equities,ASXStock
0.003241914,Inghams Group Limited,Growth,Australian Shares,Australian Shares,Australian Shares,Consumer Staples - 30,ASX,AUD,Australia,,Australia Large Blend Equity,Australian Equities,ASXStock
0.004322552,IPH Limited,Growth,Australian Shares,Australian Shares,Australian Shares,Industrials - 20,ASX,AUD,Australia,,Australia Large Blend Equity,Australian Equities,ASXStock
0.014588613000000002,Incitec Pivot Limited,Growth,Australian Shares,Australian Shares,Australian Shares,Materials - 15,ASX,AUD,Australia,,Australia Large Blend Equity,Australian Equities,ASXStock
0.003241914,IRESS Limited,Growth,Australian Shares,Australian Shares,Australian Shares,Information Technology - 45,ASX,AUD,Australia,,Australia Large Blend Equity,Australian Equities,ASXStock
0.012427337,JB Hi-Fi Limited,Growth,Australian Shares,Australian Shares,Australian Shares,Consumer Discretionary - 25,ASX,AUD,Australia,,Australia Large Blend Equity,Australian Equities,ASXStock
0.049709348,James Hardie Industries PLC,Growth,Australian Shares,Australian Shares,Australian Shares,Materials - 15,ASX,AUD,Australia,,Australia Large Blend Equity,Australian Equities,ASXStock
0.002701595,Johns Lyng Group Limited,Growth,Australian Shares,Australian Shares,Australian Shares,Industrials - 20,ASX,AUD,Australia,,Australia Large Blend Equity,Australian Equities,ASXStock
0.003241914,Karoon Energy Ltd,Growth,Australian Shares,Australian Shares,Australian Shares,Energy - 10,ASX,AUD,Australia,,Australia Large Blend Equity,Australian Equities,ASXStock
0.003241914,Kelsian Group Limited,Growth,Australian Shares,Australian Shares,Australian Shares,Industrials - 20,ASX,AUD,Australia,,Australia Large Blend Equity,Australian Equities,ASXStock
0.0037822330000000003,Lifestyle Communities Limited,Growth,Australian Shares,Australian Shares,Australian Shares,Real Estate - 60,ASX,AUD,Australia,,Australia Large Blend Equity,Australian Equities,ASXStock
0.001080638,Lake Resources N.L.,Growth,Australian Shares,Australian Shares,Australian Shares,Materials - 15,ASX,AUD,Australia,,Australia Large Blend Equity,Australian Equities,ASXStock
0.013507975,Lendlease Group,Growth,Australian Shares,Australian Shares,Australian Shares,Real Estate - 60,ASX,AUD,Australia,,Australia Large Blend Equity,Australian Equities,ASXStock
0.001620957,Link Administration Holdings Limited,Growth,Australian Shares,Australian Shares,Australian Shares,Industrials - 20,ASX,AUD,Australia,,Australia Large Blend Equity,Australian Equities,ASXStock
0.0037822330000000003,Lovisa Holdings Limited,Growth,Australian Shares,Australian Shares,Australian Shares,Consumer Discretionary - 25,ASX,AUD,Australia,,Australia Large Blend Equity,Australian Equities,ASXStock
0.012967656,Liontown Resources Limited,Growth,Australian Shares,Australian Shares,Australian Shares,Materials - 15,ASX,AUD,Australia,,Australia Large Blend Equity,Australian Equities,ASXStock
0.016749889,Lynas Rare Earths Limited,Growth,Australian Shares,Australian Shares,Australian Shares,Materials - 15,ASX,AUD,Australia,,Australia Large Blend Equity,Australian Equities,ASXStock
0.003241914,Magellan Financial Group Limited,Growth,Australian Shares,Australian Shares,Australian Shares,Financials - 40,ASX,AUD,Australia,,Australia Large Blend Equity,Australian Equities,ASXStock
0.023774036000000002,Mirvac Group,Growth,Australian Shares,Australian Shares,Australian Shares,Real Estate - 60,ASX,AUD,Australia,,Australia Large Blend Equity,Australian Equities,ASXStock
0.028636907000000003,Mineral Resources Limited,Growth,Australian Shares,Australian Shares,Australian Shares,Materials - 15,ASX,AUD,Australia,,Australia Large Blend Equity,Australian Equities,ASXStock
0.003241914,Monadelphous Group Limited,Growth,Australian Shares,Australian Shares,Australian Shares,Industrials - 20,ASX,AUD,Australia,,Australia Large Blend Equity,Australian Equities,ASXStock
0.0048628709999999995,Megaport Limited,Growth,Australian Shares,Australian Shares,Australian Shares,Information Technology - 45,ASX,AUD,Australia,,Australia Large Blend Equity,Australian Equities,ASXStock
0.024854674,Medibank Private Limited,Growth,Australian Shares,Australian Shares,Australian Shares,Financials - 40,ASX,AUD,Australia,,Australia Large Blend Equity,Australian Equities,ASXStock
0.159394105,Macquarie Group Limited,Growth,Australian Shares,Australian Shares,Australian Shares,Financials - 40,ASX,AUD,Australia,,Australia Large Blend Equity,Australian Equities,ASXStock
0.009185423000000002,Metcash Limited,Growth,Australian Shares,Australian Shares,Australian Shares,Consumer Staples - 30,ASX,AUD,Australia,,Australia Large Blend Equity,Australian Equities,ASXStock
0.22315174699999998,National Australia Bank Limited,Growth,Australian Shares,Australian Shares,Australian Shares,Financials - 40,ASX,AUD,Australia,,Australia Large Blend Equity,Australian Equities,ASXStock
0.002701595,Nanosonics Limited,Growth,Australian Shares,Australian Shares,Australian Shares,Health Care - 35,ASX,AUD,Australia,,Australia Large Blend Equity,Australian Equities,ASXStock
0.007564466000000001,Nine Entertainment Co. Holdings Limited,Growth,Australian Shares,Australian Shares,Australian Shares,Communication Services - 50,ASX,AUD,Australia,,Australia Large Blend Equity,Australian Equities,ASXStock
0.057814133000000004,Newmont Corporation,Growth,Australian Shares,Australian Shares,Australian Shares,Materials - 15,ASX,AUD,Australia,,Australia Large Blend Equity,Australian Equities,ASXStock
0.007564466000000001,New Hope Corporation Limited,Growth,Australian Shares,Australian Shares,Australian Shares,Energy - 10,ASX,AUD,Australia,,Australia Large Blend Equity,Australian Equities,ASXStock
0.009725741999999999,NIB Holdings Limited,Growth,Australian Shares,Australian Shares,Australian Shares,Financials - 40,ASX,AUD,Australia,,Australia Large Blend Equity,Australian Equities,ASXStock
0.0037822330000000003,Nickel Industries Limited,Growth,Australian Shares,Australian Shares,Australian Shares,Materials - 15,ASX,AUD,Australia,,Australia Large Blend Equity,Australian Equities,ASXStock
0.0070241470000000005,National Storage REIT,Growth,Australian Shares,Australian Shares,Australian Shares,Real Estate - 60,ASX,AUD,Australia,,Australia Large Blend Equity,Australian Equities,ASXStock
0.032959458999999997,Northern Star Resources Ltd,Growth,Australian Shares,Australian Shares,Australian Shares,Materials - 15,ASX,AUD,Australia,,Australia Large Blend Equity,Australian Equities,ASXStock
0.0048628709999999995,Nufarm Limited,Growth,Australian Shares,Australian Shares,Australian Shares,Materials - 15,ASX,AUD,Australia,,Australia Large Blend Equity,Australian Equities,ASXStock
0.003241914,NRW Holdings Limited,Growth,Australian Shares,Australian Shares,Australian Shares,Industrials - 20,ASX,AUD,Australia,,Australia Large Blend Equity,Australian Equities,ASXStock
0.003241914,Netwealth Group Limited,Growth,Australian Shares,Australian Shares,Australian Shares,Financials - 40,ASX,AUD,Australia,,Australia Large Blend Equity,Australian Equities,ASXStock
0.002701595,News Corporation..,Growth,Australian Shares,Australian Shares,Australian Shares,Communication Services - 50,ASX,AUD,Australia,,Australia Large Blend Equity,Australian Equities,ASXStock
0.017830527000000002,Nextdc Limited,Growth,Australian Shares,Australian Shares,Australian Shares,Information Technology - 45,ASX,AUD,Australia,,Australia Large Blend Equity,Australian Equities,ASXStock
0.007564466000000001,Orora Limited,Growth,Australian Shares,Australian Shares,Australian Shares,Materials - 15,ASX,AUD,Australia,,Australia Large Blend Equity,Australian Equities,ASXStock
0.03782233,Origin Energy Limited,Growth,Australian Shares,Australian Shares,Australian Shares,Utilities - 55,ASX,AUD,Australia,,Australia Large Blend Equity,Australian Equities,ASXStock
0.017290208,Orica Limited,Growth,Australian Shares,Australian Shares,Australian Shares,Materials - 15,ASX,AUD,Australia,,Australia Large Blend Equity,Australian Equities,ASXStock
0.0059435090000000005,Paladin Energy Ltd,Growth,Australian Shares,Australian Shares,Australian Shares,Energy - 10,ASX,AUD,Australia,,Australia Large Blend Equity,Australian Equities,ASXStock
0.031338502,Pilbara Minerals Limited,Growth,Australian Shares,Australian Shares,Australian Shares,Materials - 15,ASX,AUD,Australia,,Australia Large Blend Equity,Australian Equities,ASXStock
0.009185423000000002,Pro Medicus Limited,Growth,Australian Shares,Australian Shares,Australian Shares,Health Care - 35,ASX,AUD,Australia,,Australia Large Blend Equity,Australian Equities,ASXStock
0.006483828,Premier Investments Limited,Growth,Australian Shares,Australian Shares,Australian Shares,Consumer Discretionary - 25,ASX,AUD,Australia,,Australia Large Blend Equity,Australian Equities,ASXStock
0.0037822330000000003,Pinnacle Investment Management Group Limited,Growth,Australian Shares,Australian Shares,Australian Shares,Financials - 40,ASX,AUD,Australia,,Australia Large Blend Equity,Australian Equities,ASXStock
0.002701595,Polynovo Limited,Growth,Australian Shares,Australian Shares,Australian Shares,Health Care - 35,ASX,AUD,Australia,,Australia Large Blend Equity,Australian Equities,ASXStock
0.0059435090000000005,Perpetual Limited,Growth,Australian Shares,Australian Shares,Australian Shares,Financials - 40,ASX,AUD,Australia,,Australia Large Blend Equity,Australian Equities,ASXStock
0.0059435090000000005,Perseus Mining Limited,Growth,Australian Shares,Australian Shares,Australian Shares,Materials - 15,ASX,AUD,Australia,,Australia Large Blend Equity,Australian Equities,ASXStock
0.0037822330000000003,Pexa Group Limited,Growth,Australian Shares,Australian Shares,Australian Shares,Real Estate - 60,ASX,AUD,Australia,,Australia Large Blend Equity,Australian Equities,ASXStock
0.028636907000000003,Qantas Airways Limited,Growth,Australian Shares,Australian Shares,Australian Shares,Industrials - 20,ASX,AUD,Australia,,Australia Large Blend Equity,Australian Equities,ASXStock
0.055112538,QBE Insurance Group Limited,Growth,Australian Shares,Australian Shares,Australian Shares,Financials - 40,ASX,AUD,Australia,,Australia Large Blend Equity,Australian Equities,ASXStock
0.013507975,Qube Holdings Limited,Growth,Australian Shares,Australian Shares,Australian Shares,Industrials - 20,ASX,AUD,Australia,,Australia Large Blend Equity,Australian Equities,ASXStock
0.021072441,REA Group Ltd,Growth,Australian Shares,Australian Shares,Australian Shares,Communication Services - 50,ASX,AUD,Australia,,Australia Large Blend Equity,Australian Equities,ASXStock
0.01080638,Reece Limited,Growth,Australian Shares,Australian Shares,Australian Shares,Industrials - 20,ASX,AUD,Australia,,Australia Large Blend Equity,Australian Equities,ASXStock
0.006483828,Region Group,Growth,Australian Shares,Australian Shares,Australian Shares,Real Estate - 60,ASX,AUD,Australia,,Australia Large Blend Equity,Australian Equities,ASXStock
0.023233717,Ramsay Health Care Limited,Growth,Australian Shares,Australian Shares,Australian Shares,Health Care - 35,ASX,AUD,Australia,,Australia Large Blend Equity,Australian Equities,ASXStock
0.102120291,Rio Tinto Limited,Growth,Australian Shares,Australian Shares,Australian Shares,Materials - 15,ASX,AUD,Australia,,Australia Large Blend Equity,Australian Equities,ASXStock
0.025394992999999998,ResMed Inc.,Growth,Australian Shares,Australian Shares,Australian Shares,Health Care - 35,ASX,AUD,Australia,,Australia Large Blend Equity,Australian Equities,ASXStock
0.002701595,Regis Resources Limited,Growth,Australian Shares,Australian Shares,Australian Shares,Materials - 15,ASX,AUD,Australia,,Australia Large Blend Equity,Australian Equities,ASXStock
0.008104785,Reliance Worldwide Corporation Limited,Growth,Australian Shares,Australian Shares,Australian Shares,Industrials - 20,ASX,AUD,Australia,,Australia Large Blend Equity,Australian Equities,ASXStock
0.040523925,South32 Limited,Growth,Australian Shares,Australian Shares,Australian Shares,Materials - 15,ASX,AUD,Australia,,Australia Large Blend Equity,Australian Equities,ASXStock
0.036201373,Scentre Group,Growth,Australian Shares,Australian Shares,Australian Shares,Real Estate - 60,ASX,AUD,Australia,,Australia Large Blend Equity,Australian Equities,ASXStock
0.014588613000000002,Steadfast Group Limited,Growth,Australian Shares,Australian Shares,Australian Shares,Financials - 40,ASX,AUD,Australia,,Australia Large Blend Equity,Australian Equities,ASXStock
0.021072441,Seek Limited,Growth,Australian Shares,Australian Shares,Australian Shares,Communication Services - 50,ASX,AUD,Australia,,Australia Large Blend Equity,Australian Equities,ASXStock
0.0070241470000000005,Sandfire Resources Limited,Growth,Australian Shares,Australian Shares,Australian Shares,Materials - 15,ASX,AUD,Australia,,Australia Large Blend Equity,Australian Equities,ASXStock
0.0059435090000000005,Sims Limited,Growth,Australian Shares,Australian Shares,Australian Shares,Materials - 15,ASX,AUD,Australia,,Australia Large Blend Equity,Australian Equities,ASXStock
0.025394992999999998,Stockland,Growth,Australian Shares,Australian Shares,Australian Shares,Real Estate - 60,ASX,AUD,Australia,,Australia Large Blend Equity,Australian Equities,ASXStock
0.003241914,The Star Entertainment Group Limited,Growth,Australian Shares,Australian Shares,Australian Shares,Consumer Discretionary - 25,ASX,AUD,Australia,,Australia Large Blend Equity,Australian Equities,ASXStock
0.038362649,Sonic Healthcare Limited,Growth,Australian Shares,Australian Shares,Australian Shares,Health Care - 35,ASX,AUD,Australia,,Australia Large Blend Equity,Australian Equities,ASXStock
0.002161276,Silver Lake Resources Limited,Growth,Australian Shares,Australian Shares,Australian Shares,Materials - 15,ASX,AUD,Australia,,Australia Large Blend Equity,Australian Equities,ASXStock
0.019991803,Washington H Soul Pattinson & Company Limited,Growth,Australian Shares,Australian Shares,Australian Shares,Financials - 40,ASX,AUD,Australia,,Australia Large Blend Equity,Australian Equities,ASXStock
0.002701595,Spark New Zealand Limited,Growth,Australian Shares,Australian Shares,Australian Shares,Communication Services - 50,ASX,AUD,Australia,,Australia Large Blend Equity,Australian Equities,ASXStock
0.006483828,Block Inc.,Growth,Australian Shares,Australian Shares,Australian Shares,Financials - 40,ASX,AUD,Australia,,Australia Large Blend Equity,Australian Equities,ASXStock
0.06483828,Santos Limited,Growth,Australian Shares,Australian Shares,Australian Shares,Energy - 10,ASX,AUD,Australia,,Australia Large Blend Equity,Australian Equities,ASXStock
0.00540319,Super Retail Group Limited,Growth,Australian Shares,Australian Shares,Australian Shares,Consumer Discretionary - 25,ASX,AUD,Australia,,Australia Large Blend Equity,Australian Equities,ASXStock
0.042144882,Suncorp Group Limited,Growth,Australian Shares,Australian Shares,Australian Shares,Financials - 40,ASX,AUD,Australia,,Australia Large Blend Equity,Australian Equities,ASXStock
0.01080638,Seven Group Holdings Limited,Growth,Australian Shares,Australian Shares,Australian Shares,Industrials - 20,ASX,AUD,Australia,,Australia Large Blend Equity,Australian Equities,ASXStock
0.002701595,Sayona Mining Limited,Growth,Australian Shares,Australian Shares,Australian Shares,Materials - 15,ASX,AUD,Australia,,Australia Large Blend Equity,Australian Equities,ASXStock
0.001080638,Syrah Resources Limited,Growth,Australian Shares,Australian Shares,Australian Shares,Materials - 15,ASX,AUD,Australia,,Australia Large Blend Equity,Australian Equities,ASXStock
0.0059435090000000005,TABCORP Holdings Limited,Growth,Australian Shares,Australian Shares,Australian Shares,Consumer Discretionary - 25,ASX,AUD,Australia,,Australia Large Blend Equity,Australian Equities,ASXStock
0.10266061,Transurban Group,Growth,Australian Shares,Australian Shares,Australian Shares,Industrials - 20,ASX,AUD,Australia,,Australia Large Blend Equity,Australian Equities,ASXStock
0.028636907000000003,The Lottery Corporation Limited,Growth,Australian Shares,Australian Shares,Australian Shares,Consumer Discretionary - 25,ASX,AUD,Australia,,Australia Large Blend Equity,Australian Equities,ASXStock
0.118329861,Telstra Group Limited,Growth,Australian Shares,Australian Shares,Australian Shares,Communication Services - 50,ASX,AUD,Australia,,Australia Large Blend Equity,Australian Equities,ASXStock
0.006483828,Telix Pharmaceuticals Limited,Growth,Australian Shares,Australian Shares,Australian Shares,Health Care - 35,ASX,AUD,Australia,,Australia Large Blend Equity,Australian Equities,ASXStock
0.01080638,Technology One Limited,Growth,Australian Shares,Australian Shares,Australian Shares,Information Technology - 45,ASX,AUD,Australia,,Australia Large Blend Equity,Australian Equities,ASXStock
0.0059435090000000005,TPG Telecom Limited,Growth,Australian Shares,Australian Shares,Australian Shares,Communication Services - 50,ASX,AUD,Australia,,Australia Large Blend Equity,Australian Equities,ASXStock
0.02161276,Treasury Wine Estates Limited,Growth,Australian Shares,Australian Shares,Australian Shares,Consumer Staples - 30,ASX,AUD,Australia,,Australia Large Blend Equity,Australian Equities,ASXStock
0.017830527000000002,Vicinity Centres,Growth,Australian Shares,Australian Shares,Australian Shares,Real Estate - 60,ASX,AUD,Australia,,Australia Large Blend Equity,Australian Equities,ASXStock
0.00540319,Viva Energy Group Limited,Growth,Australian Shares,Australian Shares,Australian Shares,Energy - 10,ASX,AUD,Australia,,Australia Large Blend Equity,Australian Equities,ASXStock
0.0037822330000000003,Ventia Services Group Limited,Growth,Australian Shares,Australian Shares,Australian Shares,Industrials - 20,ASX,AUD,Australia,,Australia Large Blend Equity,Australian Equities,ASXStock
0.009725741999999999,Virgin Money Uk PLC,Growth,Australian Shares,Australian Shares,Australian Shares,Financials - 40,ASX,AUD,Australia,,Australia Large Blend Equity,Australian Equities,ASXStock
0.002161276,West African Resources Limited,Growth,Australian Shares,Australian Shares,Australian Shares,Materials - 15,ASX,AUD,Australia,,Australia Large Blend Equity,Australian Equities,ASXStock
0.190732607,Westpac Banking Corporation,Growth,Australian Shares,Australian Shares,Australian Shares,Financials - 40,ASX,AUD,Australia,,Australia Large Blend Equity,Australian Equities,ASXStock
0.182627822,Woodside Energy Group Ltd,Growth,Australian Shares,Australian Shares,Australian Shares,Energy - 10,ASX,AUD,Australia,,Australia Large Blend Equity,Australian Equities,ASXStock
0.0070241470000000005,Webjet Limited,Growth,Australian Shares,Australian Shares,Australian Shares,Consumer Discretionary - 25,ASX,AUD,Australia,,Australia Large Blend Equity,Australian Equities,ASXStock
0.147507087,Wesfarmers Limited,Growth,Australian Shares,Australian Shares,Australian Shares,Consumer Discretionary - 25,ASX,AUD,Australia,,Australia Large Blend Equity,Australian Equities,ASXStock
0.014588613000000002,Whitehaven Coal Limited,Growth,Australian Shares,Australian Shares,Australian Shares,Energy - 10,ASX,AUD,Australia,,Australia Large Blend Equity,Australian Equities,ASXStock
0.01620957,Worley Limited,Growth,Australian Shares,Australian Shares,Australian Shares,Industrials - 20,ASX,AUD,Australia,,Australia Large Blend Equity,Australian Equities,ASXStock
0.11616858499999999,Woolworths Group Limited,Growth,Australian Shares,Australian Shares,Australian Shares,Consumer Staples - 30,ASX,AUD,Australia,,Australia Large Blend Equity,Australian Equities,ASXStock
0.004322552,Waypoint REIT,Growth,Australian Shares,Australian Shares,Australian Shares,Real Estate - 60,ASX,AUD,Australia,,Australia Large Blend Equity,Australian Equities,ASXStock
0.031878821,WiseTech Global Limited,Growth,Australian Shares,Australian Shares,Australian Shares,Information Technology - 45,ASX,AUD,Australia,,Australia Large Blend Equity,Australian Equities,ASXStock
0.042685201000000006,Xero Limited,Growth,Australian Shares,Australian Shares,Australian Shares,Information Technology - 45,ASX,AUD,Australia,,Australia Large Blend Equity,Australian Equities,ASXStock
